{
  "caption": "Used cars are submerged in floodwater along US 70W in Kinston NC Oct 12 2016 as the Neuse River continues to rise",
  "ground_truth": true,
  "internal_check": {
    "visual_entities": [
      "Brisbane",
      "Brisbane Flood",
      "Flood",
      "Meter",
      "The Streets of Brisbane",
      "Plastic",
      "Metal",
      "Product",
      "Population",
      "State",
      "Queensland",
      "Australia",
      "metal"
    ],
    "image_evidences": [
      {
        "title": "Brisbane flood clean-up under way  in pictures | World news | The Guardian",
        "content": "",
        "caption": "Brisbane Cleanup: Cars sit in receding floodwaters",
        "domain": "www.theguardian.com"
      }
    ],
    "result": {
      "confidence_score": 2,
      "explanation": "The news caption refers to a flood in Kinston, North Carolina, in October 2016, mentioning submerged cars along US 70W due to the rising Neuse River. The provided image evidence shows cars in receding floodwaters in Brisbane. The detected visual entities also pertain to Brisbane and Queensland, Australia, and the Brisbane Flood. This contradicts the location in the news caption (Kinston, NC). Therefore, the image evidence does not support the news caption.",
      "verdict": false
    }
  },
  "external_check": {
    "text_evidences": [
      {
        "title": "Massive flooding hits North Carolina",
        "content": "Massive flooding hits North Carolina",
        "caption": "A team from the ASPCA works to bring a dog named Caroline to dry land after rescuing the animal from a nearby home surrounded by floodwater associated with Hurricane Matthew Oct. 13, 2016, in Lumberton, N.C.  The society said it has helped nearly 1,000 animals in the Carolinas and Georgia since Hurricane Matthew struck last weekend.",
        "domain": "www.usatoday.com"
      },
      {
        "title": "Massive flooding hits North Carolina",
        "content": "Massive flooding hits North Carolina",
        "caption": "A team from the ASPCA works to bring a dog named Caroline to dry land after rescuing the animal from a nearby home surrounded by floodwater associated with Hurricane Matthew Oct. 13, 2016, in Lumberton, N.C.  The society said it has helped nearly 1,000 animals in the Carolinas and Georgia since Hurricane Matthew struck last weekend.",
        "domain": "www.usatoday.com"
      }
    ],
    "result": {
      "verdict": false,
      "alignment_score": 20,
      "confidence_score": 5,
      "explanation": "The news image depicting used cars submerged in floodwater aligns with the context of flooding described in the caption, \"Used cars are submerged in floodwater along US 70W in Kinston NC on Oct 12, 2016 as the Neuse River continues to rise.\" It shows a large number of vehicles in floodwaters, consistent with the idea of significant flooding. However, the reference images retrieved primarily show rescue operations (with individuals in boats and floodwaters in more natural or residential environments), which do not depict submerged vehicles. \n\nIn terms of context, the primary visual elements differ significantly as the news image focuses solely on cars, while the reference images focus on human activity in flood-affected areas. The temporal indicator of time (October 12, 2016) could align, as the environmental conditions may be consistent with what would be expected post-flood; however, without specific timestamps on the reference images, this cannot be conclusively evaluated. \n\nAdditionally, spatial relationships differ: the news image is centered around urban vehicles affected by flooding, whereas the reference images show individuals interacting with floodwaters. The lighting and environmental conditions in both sets of images appear consistent, suggesting they capture similar weather patterns associated with floods. \n\nThere are no apparent signs of digital manipulation detected in the news image, and it accurately represents an aspect of flooding in Kinston, NC. However, due to the stark contrast in visual focus between the news image and reference images (automobiles vs. rescue scenarios), the images ultimately tell different stories despite being part of the same overall event. Thus, while the news image is relevant to the event, it does not align closely with the expected reference content that centers around human response to flooding rather than the flooding's effects on vehicles. Hence, the final verdict is that the image is misleading regarding its representation of referenced events, even though it relates contextually to flooding in the area.",
      "key_observations": "- News image depicts a large number of submerged vehicles; reference images depict rescue operations with people and a dog.\n- No visual similarities in main subjects (vehicles vs. rescuers), indicating a difference in focus.\n- All images seem to reflect similar environmental conditions typical of flooding.\n- Reference images do not exhibit submerged vehicles, which is the primary focus of the news image."
    }
  },
  "final_result": {
    "OOC": true,
    "confidence_score": 8,
    "explanation": "The internal check strongly indicates the caption is out of context (OOC) because the image shows cars in Brisbane floodwaters, contradicting the caption's claim of Kinston, North Carolina. The internal check has a confidence score of 2 but provides a clear contradiction. Although the external check aligns with the caption's theme of flooding, it acknowledges a mismatch in visual focus (cars vs. rescue scenarios) and therefore deems the image misleading. It has a high confidence score of 5 and a low alignment score of 20. Since the internal check clearly identifies a location mismatch, and the external check, despite confirming a general 'flooding' context, notes key representational differences, the final verdict is OOC. The higher confidence of external check and its low alignment score contribute to the decision.",
    "validation_summary": "Internal check identifies a location mismatch (Brisbane vs. Kinston, NC). External check recognizes the flooding context but highlights representational differences, supporting the OOC determination despite its higher confidence."
  },
  "inference_time": 19.62324857711792
}