{
  "caption": "Hear me roar Three Lions with Sean Browne as David Beckham Tom Davey as Prince William and Dugald BruceLockhart as David Cameron",
  "ground_truth": false,
  "internal_check": {
    "visual_entities": [
      "Three Lions",
      "Tuxedo M.",
      "Farce",
      "Humour",
      "Review",
      "Will and testament",
      "Clever",
      "Microsoft Excel",
      "David Beckham",
      "David Cameron",
      "William Gaminara",
      "gentleman"
    ],
    "image_evidences": [
      {
        "title": "The Three Lions review  when Becks, Wills and Dave were up for the cup | Theatre | The Guardian",
        "content": "",
        "caption": "Hear me roar  Three Lions, with (left to right) Sean Browne as David Beckham, Tom Davey as Prince William and Dugald Bruce-Lockhart as David Cameron. Photograph:  Tristram Kenton/the Guardian",
        "domain": "www.theguardian.com"
      }
    ],
    "result": {
      "confidence_score": 10,
      "explanation": "The news caption and the provided image evidence strongly align. The caption describes a play called \"Three Lions\" featuring actors portraying David Beckham, Prince William, and David Cameron. The image caption from The Guardian explicitly identifies Sean Browne, Tom Davey, and Dugald Bruce-Lockhart as playing David Beckham, Prince William, and David Cameron respectively, which directly matches the information in the news caption. The title of the article associated with the image is \"The Three Lions review – when Becks, Wills and Dave were up for the cup\", confirming the play's subject matter relates to the 2018 World Cup bid as mentioned in the news content. The image source is a reputable news organization (The Guardian), increasing confidence in the image's authenticity and relevance.",
      "verdict": true
    }
  },
  "external_check": {
    "text_evidences": [
      {
        "title": "The Three Lions review  when Becks, Wills and Dave were up for the cup | Theatre | The Guardian",
        "content": "The Three Lions review  when Becks, Wills and Dave were up for ...",
        "caption": "Hear me roar  Three Lions, with (left to right) Sean Browne as David Beckham, Tom Davey as Prince William and Dugald Bruce-Lockhart as David Cameron. Photograph:  Tristram Kenton/the Guardian",
        "domain": "www.theguardian.com"
      },
      {
        "title": "The Three Lions review  when Becks, Wills and Dave were up for the cup | Theatre | The Guardian",
        "content": "The Three Lions review  when Becks, Wills and Dave were up for ...",
        "caption": "Hear me roar  Three Lions, with (left to right) Sean Browne as David Beckham, Tom Davey as Prince William and Dugald Bruce-Lockhart as David Cameron. Photograph:  Tristram Kenton/the Guardian",
        "domain": "www.theguardian.com"
      },
      {
        "title": "The Three Lions review  when Becks, Wills and Dave were up for the cup | Theatre | The Guardian",
        "content": "The Three Lions review  when Becks, Wills and Dave were up for ...",
        "caption": "Hear me roar  Three Lions, with (left to right) Sean Browne as David Beckham, Tom Davey as Prince William and Dugald Bruce-Lockhart as David Cameron. Photograph:  Tristram Kenton/the Guardian",
        "domain": "www.theguardian.com"
      }
    ],
    "result": {
      "verdict": true,
      "alignment_score": 95,
      "confidence_score": 9,
      "explanation": "The news image depicts three men in formal attire, engaging in a lively interaction in a modern office setting with vibrant decor, which aligns neatly with scenes from the reference images. Key visual elements from the news caption, including the representation of characters styled as David Beckham, Prince William, and David Cameron are present, contributing to a consistent portrayal of the event. All images exhibit the same stylized and joyful atmosphere innate to the play 'Hear Me Roar', suggesting they are taken from a performance or event closely related to the caption. \n\nThe subjects maintain spatial relationships and positioning in all images, with the same arrangement evident across the news and reference images. Lighting appears uniform, establishing a well-lit environment that endorses a cheerful vibe. Temporal consistency is preserved as all images appear to be from the same event, and the elements represented - such as decor and clothing - suggest modernity typical of contemporary performances or events. \n\nIn terms of differences, variations in cropping or minor adjustments in angle between images do not detract from the overall contextual alignment, as they consistently represent the same moment. No signs of digital manipulation were observed, and the images do not appear misleading in any manner, as they reflect similar thematic elements relating to the event described in the news caption.",
      "key_observations": [
        "All images display three men in formal attire in a consistent office set-up, matching the news caption context.",
        "The atmosphere in the images reflects a quality that suggests performance or theatrical presentation.",
        "Subject positioning and the colors of clothing align closely across all images, indicating they are all representative of the same scene.",
        "The lighting and decor suggest a modern setting, consistent across all reference images.",
        "No significant signs of digital manipulation or alterations were noted."
      ]
    }
  },
  "final_result": {
    "OOC": false,
    "confidence_score": 9,
    "explanation": "The internal and external checks both strongly indicate that the news caption accurately represents the image. The internal check has a confidence score of 10 and confirms that the caption directly matches the content of the image and its accompanying article, specifically identifying the actors and their roles. The external check, with a confidence score of 9, further validates this by aligning visual elements and contextual details between the news image and reference images, thus confirming the validity of the news caption. Since both checks align and have high confidence scores, the caption is deemed not out of context.",
    "validation_summary": "Both internal and external checks confirm the accuracy of the news caption in representing the image, with high confidence."
  },
  "inference_time": 11.55029845237732
}