{
  "caption": "Actress Kerry Washington helped get out the vote for Democrat Terry McAuliffe in Virginia",
  "ground_truth": true,
  "internal_check": {
    "visual_entities": [
      "Marilyn Mosby",
      "Death of Freddie Gray",
      "Baltimore City State's Attorney's Office",
      "State's attorney",
      "Crime",
      "Criminal charge",
      "Prosecutor",
      "Court",
      "Lawyer",
      "Baltimore Police Department",
      "Baltimore",
      "Nick J. Mosby",
      "beauty"
    ],
    "image_evidences": [],
    "result": {
      "confidence_score": 2,
      "explanation": "The news caption mentions Kerry Washington helping get out the vote for Terry McAuliffe in Virginia. The detected visual entities include \"Marilyn Mosby\", \"Death of Freddie Gray\", \"Baltimore City State's Attorney's Office\", \"State's attorney\", \"Crime\", \"Criminal charge\", \"Prosecutor\", \"Court\", \"Lawyer\", \"Baltimore Police Department\", \"Baltimore\", and \"Nick J. Mosby\". There is no overlap or clear relation between the entities detected and the content of the news caption. Thus, the caption does not align with the detected entities.",
      "verdict": false
    }
  },
  "external_check": {
    "text_evidences": [],
    "result": null
  },
  "final_result": {
    "OOC": true,
    "confidence_score": 8,
    "explanation": "The internal check, which has a confidence score of 2, indicates that the news caption does not align with the detected entities in the image (Marilyn Mosby, Freddie Gray, etc.). The external check result is unavailable (None). Since there is no conflicting information and the internal check clearly states the caption is unrelated to the image's content, the caption is considered out of context. The confidence score is raised to 8 due to the clear mismatch indicated by the internal check despite its low original confidence.",
    "validation_summary": "The internal check indicates a mismatch between the news caption and the image's content. The external check is unavailable. Therefore, the caption is out of context."
  },
  "inference_time": 4.078383445739746
}