{
  "caption": "Game 3 in Chicago Mets relief pitcher Jeurys Familia celebrates with catcher Travis dArnaud after defeating the Cubs",
  "ground_truth": true,
  "internal_check": {
    "visual_entities": [
      "Team sport",
      "Tournament",
      "Competition",
      "Player",
      "Championship",
      "Athlete",
      "College softball",
      "Team",
      "Sports venue",
      "Softball",
      "Product",
      "player"
    ],
    "image_evidences": [],
    "result": {
      "confidence_score": 7,
      "explanation": "The caption mentions \"Jeurys Familia\", \"Travis dArnaud\", \"Mets\", and \"Cubs\". The detected visual entities include \"Player\", \"Team\", \"Team sport\", \"Athlete\", and \"Competition\", which are consistent with a baseball game context involving the mentioned teams and players. The caption describes a celebration after defeating the Cubs, which aligns with the general concept of a sports \"Competition\" and a \"Team sport\". However, the caption specifies Game 3, while the news content refers to Game 4; this represents a potential inconsistency. Also, without seeing the image, it is difficult to definitively confirm that Jeurys Familia and Travis d'Arnaud are visually present and celebrating. Overall, based on the information provided and the entities detected, there's a reasonable alignment, although not a perfect one due to the game number discrepancy. The entities related to sports, players, and teams are present.",
      "verdict": true
    }
  },
  "external_check": {
    "text_evidences": [
      {
        "title": "NLCS: Cubs vs. Mets",
        "content": "NLCS: Cubs vs. Mets",
        "caption": "Game 4 in Chicago: The Mets celebrate the 8-3 victory and series sweep at Wrigley Field.",
        "domain": "www.usatoday.com"
      }
    ],
    "result": {
      "verdict": false,
      "alignment_score": 45,
      "confidence_score": 6,
      "explanation": "The news image depicts two individuals, likely players, hugging, which suggests a moment of celebration. However, the visual elements do not strongly align with the context given in the caption regarding a specific game where Jeurys Familia and Travis d'Arnaud celebrated after defeating the Cubs in Chicago. The features similar to the players' jersey colors in the news image (orange) are inconsistent with the reference images that show the Mets’ gray uniforms with blue and orange accents. This disparity in uniform colors is a significant visual inconsistency given the context of a professional baseball game where team colors are prominent. Additionally, the scene's crowd and background do not reflect the stadium atmosphere typical of a baseball game, unlike the reference images that capture a lively group of players in celebration. The lighting in the news image appears to be different compared to the more stadium-appropriate lighting seen in the reference images which seem illuminated and vibrant. Thus, while both images capture moments of celebration, the lack of matching uniforms, the differing environmental context, and lighting suggest a lack of alignment with the events described in the caption.",
      "key_observations": "- News image features players in hugging position, indicating celebration; however, they are in orange uniforms.\n- Reference images show MLB players specifically in New York Mets gray uniforms, indicating the context of the game.\n- Background and crowd density in the reference images reflect game atmosphere, contrasting with the more subdued background in the news image.\n- Lighting differences noted; the news image appears to have a different placed light source compared to the brightly lit stadium in the reference images.\n- Overall, while the action of celebration is present in both, the specific context of the game and identification of players differ significantly."
    }
  },
  "final_result": {
    "OOC": true,
    "confidence_score": 7,
    "explanation": "The internal check suggests the caption is potentially accurate but notes a game number discrepancy (Game 3 vs. Game 4) and an inability to visually confirm players. It gives a 'True' verdict with a confidence of 7. The external check, however, indicates a mismatch. It highlights the incorrect uniform colors in the news image compared to reference images of the Mets, along with differences in background, crowd, and lighting. The external check provides a 'False' verdict, indicating a mismatch, with a confidence of 6 and an alignment score of 45. Given that both checks identify potential issues, and the external check specifically finds that visual elements such as uniforms do not align with the described context (Mets players celebrating a win), I conclude that the caption is out of context. Although the confidence scores are close, the tangible evidence from external validation regarding the uniforms makes the 'out of context' conclusion more credible. The game number discrepancy from the internal check further supports this conclusion. It's possible the image shows a generic celebration or a celebration of a different team.",
    "validation_summary": "Both internal and external checks raise concerns about the caption's accuracy. The external check indicates mismatches in team uniforms and stadium context, while the internal check flags a game number discrepancy."
  },
  "inference_time": 10.508373022079468
}