{
  "caption": "Former England rugby captain Jonny Wilkinson",
  "ground_truth": true,
  "internal_check": {
    "visual_entities": [
      "Team sport",
      "Athlete",
      "Football player",
      "Product",
      "Player",
      "Team",
      "soccer player"
    ],
    "image_evidences": [],
    "result": {
      "confidence_score": 1,
      "explanation": "The news caption mentions 'Jonny Wilkinson' who is a rugby player. The detected visual entities include 'Team sport', 'Athlete', 'Football player', 'Product', 'Player', 'Team', 'soccer player'. Since the caption speaks of a specific rugby player (Jonny Wilkinson) and the detected entities generally include related concepts such as 'Athlete', 'Player', and 'Team sport', without a specific image of Jonny Wilkinson, it's impossible to verify the accuracy of the caption. Moreover, the news content is about Jonah Lomu. Therefore, there's a low confidence the entities can confirm the accuracy of the caption.",
      "verdict": false
    }
  },
  "external_check": {
    "text_evidences": [
      {
        "title": "On this day in 2007: Jonny Wilkinson breaks points record on England return | The Independent",
        "content": "On this day in 2007: Jonny Wilkinson breaks points record on ...",
        "caption": "On this day in 2007 Jonny Wilkinson put in a record-breaking performance for England (David Davies/PA)",
        "domain": "www.independent.co.uk"
      }
    ],
    "result": {
      "verdict": false,
      "alignment_score": 30,
      "confidence_score": 6,
      "explanation": "The news image depicts a player in a black jersey, possibly a football player from a club team, whereas the reference images retrieved show Jonny Wilkinson in a white rugby kit with distinct red and green emblems, signifying his role as an English rugby player. Key elements such as the jersey color, sport and context of play are mismatched. The alignment score reflects significant differences in visual content, as the news image does not represent the context of rugby or the specific individual mentioned in the caption. Timing comparisons are also inconsistent based on the attire and playing conditions. Lighting appears consistent, but the subject matter remains irrelevant to the captioned context, which diminishes the overall alignment. Additionally, there are no apparent signs of alteration within the news image, but its subject choice leads to a divergence from the expected representation of Jonny Wilkinson in rugby action. Thus, while the image is clear, it does not represent what would be expected from the provided news caption.",
      "key_observations": [
        "The news image features a player in a dark jersey, not representative of Jonny Wilkinson's identifiable attire.",
        "Reference images show Wilkinson in a white jersey with national team insignia, confirming the sport as rugby, not football.",
        "The context and sport depicted in the images vastly differ, affecting the overall relevance to the caption.",
        "Lighting and quality appear uniform, although the action and sport type diverge significantly."
      ]
    }
  },
  "final_result": {
    "OOC": true,
    "confidence_score": 8,
    "explanation": "The internal check determined that the news caption mentions Jonny Wilkinson but the detected visual entities did not have enough overlap to verify the accuracy. It also indicates that the news content discusses Jonah Lomu, not Jonny Wilkinson, further questioning the accuracy of the caption. The external check indicates that the image depicts a player in a dark jersey, unlike Jonny Wilkinson, who is typically seen in a white rugby kit. The external check gives a low alignment score of 30 and a low confidence score of 6. Both checks indicate that the caption is out of context. Given the combined evidence, and despite the slightly higher confidence of the internal check, the caption is determined to be out of context because the image likely does not depict Jonny Wilkinson. The confidence score is high because both checks are in agreement, even though the individual confidence scores vary.",
    "validation_summary": "Both internal and external checks suggest the image does not accurately represent the news caption 'Former England rugby captain Jonny Wilkinson'. The external check reveals a player in a dark jersey, unlike Jonny Wilkinson's typical rugby attire, and the internal check highlights the content focuses on Jonah Lomu instead of Wilkinson."
  },
  "inference_time": 9.873112440109253
}