{
  "caption": "A teen lounge at Beaches Turks and Caicos Resort Villages and Spa",
  "ground_truth": false,
  "internal_check": {
    "visual_entities": [
      "Ocho Rios",
      "Beaches Turks & Caicos",
      "Hotel",
      "Negril",
      "Beaches Ocho Rios",
      "Beaches Resorts",
      "Resort",
      "Room",
      "Vacation",
      "Beach",
      "Beaches Negril",
      "All-inclusive resort",
      "Suite",
      "Turks and Caicos Islands",
      "Caribbean",
      "room turks and caicos beaches resort"
    ],
    "image_evidences": [
      {
        "title": "Caribbean all-inclusives by traveler type",
        "content": "",
        "caption": "A teen lounge at Beaches Turks and Caicos Resort Villages and Spa.",
        "domain": "www.usatoday.com"
      }
    ],
    "result": {
      "confidence_score": 9,
      "explanation": "The news caption mentions \"A teen lounge at Beaches Turks and Caicos Resort Villages and Spa\". The image evidence provided is captioned with the same sentence and sourced from www.usatoday.com, a reputable news source. The visual entities detected, such as 'Beaches Turks & Caicos', 'Resort', 'Turks and Caicos Islands', and 'Caribbean', are all consistent with the caption and the general theme of the news article about all-inclusive resorts in the Caribbean. The image's context within USA Today supports the claim that Beaches Turks & Caicos features a teen lounge. Therefore, the image provides reasonable visual support for the news caption.",
      "verdict": true
    }
  },
  "external_check": {
    "text_evidences": [],
    "result": null
  },
  "final_result": {
    "OOC": false,
    "confidence_score": 9,
    "explanation": "The internal check confirms that the news caption accurately represents the image with a high confidence score of 9. The caption and image context are consistent, indicating that the image is not being used out of context. The external check result is 'None', so no external data is available to either support or contradict the internal check. Thus, the final decision is based solely on the internal check, which strongly supports the caption's accuracy.",
    "validation_summary": "Internal check confirms accurate caption-image match with high confidence. No external data available."
  },
  "inference_time": 3.9565412998199463
}