{
  "caption": "In Brazil a woman is murdered every two hours women protest against violence against women in March 2013 in Sao Paulo",
  "ground_truth": true,
  "internal_check": {
    "visual_entities": [
      "Wall Street",
      "Demonstration",
      "Investor",
      "Billionaire",
      "BBC News",
      "Sympathy",
      "Week",
      "George Soros",
      "protest"
    ],
    "image_evidences": [
      {
        "title": "George Soros' sympathy for Wall Street protesters - BBC News",
        "content": "",
        "caption": "Other protests have been held in Boston, Los Angeles and Chicago",
        "domain": "www.bbc.com"
      }
    ],
    "result": {
      "confidence_score": 2,
      "explanation": "The news caption discusses violence against women in Brazil and protests in Sao Paulo in March 2013. The provided image evidence relates to George Soros and Wall Street Protests. This image evidence is irrelevant and does not visually support the news caption. Therefore, the images do not provide reasonable visual support for the news caption.",
      "verdict": false
    }
  },
  "external_check": {
    "text_evidences": [
      {
        "title": "Brazil's tough laws on violence against women stymied by social norms | Melanie Hargreaves | The Guardian",
        "content": "Brazil's tough laws on violence against women stymied by social ...",
        "caption": "In Brazil, a woman is murdered every two hours  women protest against violence against women in March 2013, in Sao Paulo.",
        "domain": "www.theguardian.com"
      },
      {
        "title": "Brazilian police arrest suspects in 2018 killing of councilwoman Marielle Franco | AP News",
        "content": "Brazilian police arrest suspects in 2018 killing of councilwoman ...",
        "caption": "Monica Benicio, partner of slain councilwoman Marielle Franco, arrives to the Federal Police headquarters in Rio de Janeiro, Brazil, Sunday, March 24, 2024. Police arrested on Sunday the men suspected of ordering Francos killing in 2018. (AP Photo/Silvia Izquierdo)",
        "domain": "apnews.com"
      }
    ],
    "result": {
      "verdict": false,
      "alignment_score": 30,
      "confidence_score": 4,
      "explanation": "The news image presents a protest scene focused on a movement against violence towards women, aligning with the theme of the news caption. However, the visual elements differ significantly from the reference images. In the reference images, there is a consistent theme of women specifically engaging in protests about violence against women, with relevant signage and a lively atmosphere reflecting Brazilian culture and context. The news image, by contrast, depicts a different context of protest which does not seem directly targeted towards the issue of violence against women, lacking the relevant signage or demonstrators specific to that cause.\n\nAdditionally, the environmental elements, such as locations and types of signs/placards, do not correspond directly with those seen in the reference images. The lighting and camera angles further vary, indicating a disparity in the contexts being represented. The reference images showcase more outdoor scenes with vibrant colors, while the news image appears to be taken in a different environment altogether. \n\nOverall, the news image misrepresents the specific protest activity mentioned in the caption, leading to a conclusion that, while it may represent protests in Brazil, it does not accurately convey the particular context of the women's protests against violence as indicated in the provided news caption.",
      "key_observations": [
        "The news image depicts a protest but does not align with the specific context of women's protests against violence compared to reference images.",
        "Reference images show clear, relevant protest signs that communicate the message against violence towards women, while the news image lacks similar content.",
        "The environmental and lighting conditions differ substantially—reference images feature outdoor protests, while the news image appears to be in a different setting.",
        "Different demographics in reference images compared to the news image suggest a lack of context relevance."
      ]
    }
  },
  "final_result": {
    "OOC": true,
    "confidence_score": 7,
    "explanation": "The internal check determined the news caption to be out of context (OOC) with a confidence score of 2 because the image was about George Soros and Wall Street protests, which is irrelevant to the caption about violence against women in Brazil. The external check also found the caption to be OOC with a higher confidence score of 4. The external check's alignment score was 30, indicating low alignment. Although the news image displays a protest scene, it doesn't align with the specific context of women's protests against violence, as reference images do. The reference images show relevant protest signs while the news image lacks similar content. The internal check, despite its lower confidence, correctly identified that the image was irrelevant. Given both checks indicate the caption does not accurately represent the image and the external check has a higher confidence, I conclude the caption is OOC.",
    "validation_summary": "Both internal and external checks indicate the caption is OOC. While the external check has a higher confidence, both methods agree the image does not accurately represent the caption."
  },
  "inference_time": 9.499618768692017
}