{
  "caption": "The rocket takes off from its launchpad at Naro south of Seoul South Korea has twice before failed to put a satellite into space",
  "ground_truth": false,
  "internal_check": {
    "visual_entities": [
      "South Korea",
      "North Korea",
      "Rocket",
      "Naro-1",
      "Artificial satellite",
      "STSat-2C",
      "National Aeronautics and Space Administration, U.S.A.",
      "South Korea Ballistic Missile Range Guidelines",
      "Korea Aerospace Research Institute",
      "Korea",
      "Rocket"
    ],
    "image_evidences": [
      {
        "title": "South Korea launches rocket carrying satellite in battle for space supremacy | South Korea | The Guardian",
        "content": "",
        "caption": "The rocket takes off from its launchpad at Naro, south of Seoul: South Korea has twice before failed to put a satellite into space. Photograph: Kari/AFP/Getty Images",
        "domain": "www.theguardian.com"
      }
    ],
    "result": {
      "confidence_score": 10,
      "explanation": "The provided image evidence from The Guardian website shows a rocket taking off from a launchpad in Naro, south of Seoul. The caption of the image, 'The rocket takes off from its launchpad at Naro, south of Seoul: South Korea has twice before failed to put a satellite into space,' directly supports the news caption. The domain 'www.theguardian.com' is a credible news source. The entities 'Rocket', 'South Korea', and 'Naro' are mentioned in both the news caption and the image evidence. Therefore, the image provides reasonable visual support for the news caption.",
      "verdict": true
    }
  },
  "external_check": {
    "text_evidences": [
      {
        "title": "South Korea launches rocket carrying satellite in battle for space supremacy | South Korea | The Guardian",
        "content": "South Korea launches rocket carrying satellite in battle for space ...",
        "caption": "The rocket takes off from its launchpad at Naro, south of Seoul: South Korea has twice before failed to put a satellite into space. Photograph: Kari/AFP/Getty Images",
        "domain": "www.theguardian.com"
      },
      {
        "title": "South Korea launches first satellite with homegrown rocket | AP News",
        "content": "South Korea launches first satellite with homegrown rocket | AP News",
        "caption": "The Nuri rocket, the first domestically produced space rocket, lifts off from a launch pad at the Naro Space Center in Goheung, South Korea, Tuesday, June 21, 2022. South Korea launched its first domestically built space rocket on Tuesday in the country's second attempt, months after its earlier liftoff failed to place a payload into orbit. (Korea Pool/Yonhap via AP)",
        "domain": "apnews.com"
      }
    ],
    "result": {
      "verdict": true,
      "alignment_score": 85,
      "confidence_score": 8,
      "explanation": "The news image shows a rocket taking off, surrounded by smoke, which aligns well with the context provided in the caption about a rocket launch from Naro, South Korea. The first reference image is almost identical to the news image, showing the rocket in the same position and surrounded by similar smoke patterns and launch pad structures. The second reference image also depicts a rocket launch but from a different angle, and it shows a different rocket design and a different launch structure, slightly diverging from the specificity of the news image. The key details such as the launch environment, the visual presence of smoke, and the general excitement of the launch are consistent across images, thereby establishing a strong connection to the context of the launch event. While differences exist, they do not fundamentally challenge the overarching narrative of the event described in the caption. This indicates that while the specific visual representations may vary slightly among the images, they are still contextually accurate representations of the event, making the news image valid and true to the caption. Overall, it captures the essence of a rocket launch, reassuring the users that they are indeed related to the launch event promoted in the caption. There are no notable indicators of digital manipulation in the news image.",
      "key_observations": "- News image depicts a rocket launch with smoke, consistent with the caption. \n- First reference image matches closely in composition and visual elements.\n- The second reference image shows a different rocket design; however, it provides context.\n- Overall, the scene, lighting, and positioning of the rocket are visually similar.\n- No signs of digital manipulation in the news image."
    }
  },
  "final_result": {
    "OOC": false,
    "confidence_score": 9,
    "explanation": "Both the internal and external checks indicate that the news caption accurately represents the image. The internal check has a confidence score of 10, confirming that the caption aligns with the image content from The Guardian. The external check, with a confidence score of 8 and an alignment score of 85, corroborates this by showing that the news image is consistent with reference images of rocket launches, specifically from Naro, South Korea. The external check notes strong visual similarities between the news image and the reference images, reinforcing the conclusion that the caption is not out of context. As both checks independently confirm the caption's accuracy and have high confidence and alignment scores, there is no evidence to suggest the caption is misleading or out of context.",
    "validation_summary": "Both internal and external checks confirm the caption accurately represents the image of a rocket launch from Naro, South Korea. High confidence and alignment scores support this conclusion."
  },
  "inference_time": 9.631703853607178
}