{
  "caption": "Opodo had no record of a reader s return flight to France forcing them to pay twice",
  "ground_truth": true,
  "internal_check": {
    "visual_entities": [
      "Airplane",
      "Airline",
      "Aircraft",
      "Aviation",
      "International airport",
      "Wide-body aircraft",
      "Air travel",
      "Airbus",
      "Airport",
      "Tom Bradley International",
      "Los Angeles International Airport",
      "Narrow-body aircraft",
      "Jet aircraft",
      "airline"
    ],
    "image_evidences": [],
    "result": {
      "confidence_score": 3,
      "explanation": "The news caption discusses a customer service issue with the airline Opodo. The visual entities detected in the image are related to airplanes and airports. There is no direct contradiction, but there is also no direct support of the news caption by the detected visual entities. The visual entities are only tangentially related to the claim in the caption. Therefore, the caption's claims cannot be verified based solely on the visual entities detected.",
      "verdict": false
    }
  },
  "external_check": {
    "text_evidences": [
      {
        "title": "Its Opodoh as travel firms booking system fails again | Consumer rights | The Guardian",
        "content": "It's Opod'oh as travel firm's booking system fails again ...",
        "caption": "Opodo had no record of a reader's return flight to France, forcing them to pay twice. Photograph: Francois Mori/AP",
        "domain": "www.theguardian.com"
      },
      {
        "title": "Its Opodoh as travel firms booking system fails again | Consumer rights | The Guardian",
        "content": "It's Opod'oh as travel firm's booking system fails again ...",
        "caption": "Opodo had no record of a reader's return flight to France, forcing them to pay twice. Photograph: Francois Mori/AP",
        "domain": "www.theguardian.com"
      },
      {
        "title": "Its Opodoh as travel firms booking system fails again | Consumer rights | The Guardian",
        "content": "It's Opod'oh as travel firm's booking system fails again ...",
        "caption": "Opodo had no record of a reader's return flight to France, forcing them to pay twice. Photograph: Francois Mori/AP",
        "domain": "www.theguardian.com"
      },
      {
        "title": "Its Opodoh as travel firms booking system fails again | Consumer rights | The Guardian",
        "content": "It's Opod'oh as travel firm's booking system fails again ...",
        "caption": "Opodo had no record of a reader's return flight to France, forcing them to pay twice. Photograph: Francois Mori/AP",
        "domain": "www.theguardian.com"
      },
      {
        "title": "Its Opodoh as travel firms booking system fails again | Consumer rights | The Guardian",
        "content": "It's Opod'oh as travel firm's booking system fails again ...",
        "caption": "Opodo had no record of a reader's return flight to France, forcing them to pay twice. Photograph: Francois Mori/AP",
        "domain": "www.theguardian.com"
      }
    ],
    "result": {
      "verdict": false,
      "alignment_score": 30,
      "confidence_score": 8,
      "explanation": "The news image depicts multiple airplane tails on a runway, while the reference images portray a silhouette of a person walking with luggage in an airport setting, primarily featuring the tail designs of planes from Air France. Key visual elements expected based on the news caption, which discusses flight issues involving Opodo and travel to France, focus on airport environments, travel elements, and possibly flight documentation. In the news image, key elements like airplane tails suggest a general airport context but diverge from the direct human element and activity implied in the reference images.  \n\nWhen comparing these elements, there is a significant mismatch in the subjects presented. The news image lacks the temporal indicators typically associated with passengers navigating airports, such as people, luggage, and gate configurations. Additionally, while the reference images indicate a direct human experience at an airport, the news image merely shows aircraft in transit, failing to capture the potential emotional and situational nuances implied by the caption. \n\nThe lighting in the news image is bright and focused on the planes, with a clear view of the tails, whereas the reference images' use of shadow suggests a different lighting condition suitable for human activity within the airport environment still linking to the airline. Thus, changes in contextual elements lead to a break in continuity regarding the narrative described in the caption regarding passenger flight issues.  \n\nIn conclusion, while the news image is not misleading in isolation, it does not accurately represent the context needed to interpret the given news caption correctly. Therefore, it is assessed as inconsistent with the reference images and lacks alignment with the core event context.",
      "key_observations": "- News image features airplane tails prominently; reference images focus on airport activity with a human element.\n- Lighting and composition differ significantly; news image is bright and focused on aircraft, while reference images use shadows indicating a different atmosphere.\n- The news image lacks the necessary temporal indicators of human airport activity, which is central to the reference images.\n- No signs of digital manipulation were observed; however, the context disconnect raises concerns about appropriateness in representing the news story."
    }
  },
  "final_result": {
    "OOC": true,
    "confidence_score": 8,
    "explanation": "Both the internal and external checks indicate that the news caption is out of context with the image. The internal check has a confidence score of 3 and the external check has a confidence score of 8. Although the internal check's confidence score is low, both checks agree that the image does not accurately represent the news caption. The external check's explanation is that the image depicts airplane tails on a runway, but the reference images show airport activity with a human element, indicating a mismatch. The news caption refers to a customer service issue with Opodo, which the visual elements fail to represent.",
    "validation_summary": "Both internal and external checks determine the caption to be out of context. The image shows airplane tails on a runway, which is not directly related to the customer service issue described in the caption."
  },
  "inference_time": 16.057459831237793
}