{
  "caption": "USA TODAY s Shannon Rae Green goes over the State of the Union Address highlights with USA TODAY Washington Bureau Chief Susan Page",
  "ground_truth": false,
  "internal_check": {
    "visual_entities": [
      "Politics",
      "United States Secretary of Energy",
      "Musician",
      "Speech",
      "Nuclear Physicist",
      "Author",
      "Economy",
      "Public speaking",
      "Discourse",
      "Economic policy",
      "Conversation",
      "Ernest Moniz",
      "Sasha Obama",
      "audience"
    ],
    "image_evidences": [],
    "result": {
      "confidence_score": 6,
      "explanation": "The caption mentions Shannon Rae Green and Susan Page discussing the State of the Union Address. The detected entities include 'Speech' and 'Discourse,' which are loosely related to the discussion mentioned in the caption. However, the entities do not specifically identify Shannon Rae Green or Susan Page, nor do they confirm they are having a conversation. Therefore, based solely on the detected entities, it's hard to confirm the accuracy of the caption. The entities like 'Politics', 'Economy' and 'Economic Policy' are generally related to the State of the Union Address.",
      "verdict": false
    }
  },
  "external_check": {
    "text_evidences": [],
    "result": null
  },
  "final_result": {
    "OOC": true,
    "confidence_score": 6,
    "explanation": "The internal check has a confidence score of 6 and indicates the caption is inaccurate because it cannot verify the people mentioned in the caption or the conversation between them based on the content. There is no external check. Therefore, the caption is considered out of context.",
    "validation_summary": "The internal check suggests the caption is inaccurate, and there's no external validation to either confirm or deny this."
  },
  "inference_time": 3.4956068992614746
}