{
  "caption": "Lewis Hamilton leads off the Monaco F1 GP but the race was presented to his teammate Nico Rosberg right by a Mercedes error on a pit call",
  "ground_truth": true,
  "internal_check": {
    "visual_entities": [
      "Race track",
      "Auto racing",
      "Formula 1",
      "Racing",
      "Open-wheel car",
      "Race of Champions",
      "Sports car racing",
      "Motorsport",
      "Car",
      "Endurance racing",
      "Formula racing",
      "Kart racing",
      "race track"
    ],
    "image_evidences": [],
    "result": {
      "confidence_score": 9,
      "explanation": "The news caption describes an F1 race involving Lewis Hamilton and Nico Rosberg, detailing a pit stop error that affected the race outcome. The detected visual entities include 'Race track', 'Auto racing', 'Formula 1', 'Racing', 'Open-wheel car', 'Sports car racing', 'Motorsport', 'Car', 'Endurance racing', 'Formula racing', and 'Kart racing', indicating a racing event. These entities are consistent with the caption's context of a Formula 1 race. The caption's claim that it is a F1 race led by Lewis Hamilton with Nico Rosberg is reflected by 'Formula 1', 'Car', 'Race track', and 'Motorsport' visual entities. Therefore, the caption is a good representation of the visual scene.",
      "verdict": true
    }
  },
  "external_check": {
    "text_evidences": [
      {
        "title": "Lewis Hamilton leads fourth straight Mercedes 1-2 finish in F1 - Los Angeles Times",
        "content": "Lewis Hamilton leads fourth straight Mercedes 1-2 finish in F1 ...",
        "caption": "Formula One driver Lewis Hamilton celebrates after winning the Grand Prix of Spain at the Circuit de Catalunya in Montmelo on Sunday.",
        "domain": "www.latimes.com"
      },
      {
        "title": "Lewis Hamilton breaks losing streak with win at action-packed Monaco Grand Prix - Los Angeles Times",
        "content": "Lewis Hamilton breaks losing streak with win at action-packed ...",
        "caption": "Formula One driver Lewis Hamilton leads the field into a turn during the Monaco Grand Prix on Sunday.",
        "domain": "www.latimes.com"
      },
      {
        "title": "Lewis Hamilton earns fourth win of season at Canadian Grand Prix - Los Angeles Times",
        "content": "Lewis Hamilton earns fourth win of season at Canadian Grand Prix ...",
        "caption": "Mercedes driver Lewis Hamilton races during the Formula One Canadian Grand Prix at the Circuit Gilles Villeneuve in Montreal on June 7, 2015.",
        "domain": "www.latimes.com"
      }
    ],
    "result": {
      "verdict": false,
      "alignment_score": 55,
      "confidence_score": 7,
      "explanation": "The news image depicts a scene from a Formula 1 race with two Mercedes cars on the circuit, conveying a moment where Lewis Hamilton (car in the foreground) is depicted along with his teammate. However, the reference images that would provide context for this specific event are lacking a direct match to the scenario described in the caption. Primarily, while Hamilton is involved in many races, the image does not strongly align with the Monaco Grand Prix setting specifically mentioned in the caption. Additionally, none of the reference images directly capture the moment Hamilton is leading and experiencing a pit call error as described. Moreover, reference images show Hamilton celebrating a victory or racing under distinct conditions that are not represented in the news image. The difference in lighting conditions and car dynamics (e.g., wet track vs. dry track) adds to the discrepancy, suggesting a misalignment in the contextual storytelling of the event. While the news image features recognizable elements, it doesn't strongly support the context of the Monaco GP based on the provided captions and references. Therefore, this may be misleading in portraying the event described in the caption.",
      "key_observations": "- News image shows two Mercedes cars; doesn't provide a direct view of Hamilton leading as described.\n- No clear alignment with the specific Monaco GP context, as seen in reference images.\n- Differences in environment: championship celebration versus race action.\n- Reference images include wet and dry racing conditions; news image shows a standard race layout.\n- Lighting conditions vary significantly between images."
    }
  },
  "final_result": {
    "OOC": true,
    "confidence_score": 8,
    "explanation": "The internal check suggests the caption accurately represents the image content with a high confidence score (9), finding consistency between visual entities and the caption's description of a Formula 1 race involving Lewis Hamilton and Nico Rosberg. However, the external check contradicts this, indicating a misalignment between the image and reference images related to the Monaco GP, particularly regarding Hamilton leading and the pit stop error scenario, with a confidence score of 7 and an alignment score of 55. Prioritizing the external check due to its specific concerns about the Monaco GP context and the lack of direct visual evidence supporting Hamilton leading or the pit stop error, I conclude that the caption is out of context. The absence of strong visual alignment with the specific event described, despite general Formula 1 elements being present, supports this determination. The confidence score is set to 8 to reflect a high degree of certainty based on the available evidence. A limitation is that the reference images may not be fully comprehensive.",
    "validation_summary": "Internal check affirms caption's accuracy based on visual elements. External check disputes Monaco GP context and event details, overriding internal check. Caption deemed OOC."
  },
  "inference_time": 11.933624505996704
}