{
  "caption": "US actress Kristen Stewart poses for a photocall for Personal Shopper",
  "ground_truth": true,
  "internal_check": {
    "visual_entities": [
      "Kristen Stewart",
      "Met Gala",
      "Red carpet",
      "Anna Wintour Costume Center",
      "Chanel",
      "Fashion",
      "Haute couture",
      "Model",
      "Paris Fashion Week",
      "Formal wear",
      "Celebrity",
      "Ball",
      "Stella McCartney",
      "The Metropolitan Museum of Art",
      "fashion model"
    ],
    "image_evidences": [],
    "result": {
      "confidence_score": 9,
      "explanation": "The news caption states \"US actress Kristen Stewart poses for a photocall for Personal Shopper.\" The detected visual entities include \"Kristen Stewart\". The news content confirms that Kristen Stewart was indeed promoting the film 'Personal Shopper'. The detected visual entities do not contradict the news caption. Therefore, the caption accurately represents the visual content based on the detected visual entities in the image.",
      "verdict": true
    }
  },
  "external_check": {
    "text_evidences": [],
    "result": null
  },
  "final_result": {
    "OOC": false,
    "confidence_score": 9,
    "explanation": "The internal check, with a confidence score of 9, confirms that the caption accurately represents the image. The caption states Kristen Stewart is posing for a photocall for Personal Shopper, and the internal check confirms this aligns with the visual entities in the image and the news content. There is no external check provided. Therefore, based solely on the available evidence, the caption is not out of context.",
    "validation_summary": "The internal check confirms the caption accurately represents the image. No external check was provided."
  },
  "inference_time": 3.3617870807647705
}