{
  "caption": "England s Alastair Cook raises his bat after completing a century during their warmup game against Sri Lanka Board XI",
  "ground_truth": false,
  "internal_check": {
    "visual_entities": [
      "Test cricket",
      "Bat-and-ball games",
      "Baseball",
      "Protective gear in sports",
      "Team sport",
      "One Day International",
      "Cricket",
      "Cricketer",
      "Twenty20",
      "Softball",
      "College softball",
      "Player",
      "Ball",
      "baseball player"
    ],
    "image_evidences": [],
    "result": {
      "confidence_score": 9,
      "explanation": "The caption mentions 'Alastair Cook raises his bat after completing a century' and the detected visual entities include 'Cricketer', 'Bat-and-ball games', 'Player', 'Cricket', which all align with the action and context described. The news content provides further context supporting the caption's description of Cook's performance. The entities 'Team sport' and 'Protective gear in sports' are also relevant to the context of a cricket match.",
      "verdict": true
    }
  },
  "external_check": {
    "text_evidences": [
      {
        "title": "Bangladesh v England - day one as it happened | England in Bangladesh 2010 | The Guardian",
        "content": "Bangladesh v England - day one as it happened | England in ...",
        "caption": "Alastair Cook laps on his way to a century in his first Test innings as captain. Photograph: Aijaz Rahi/AP",
        "domain": "www.theguardian.com"
      },
      {
        "title": "Englands Alastair Cook primed while Hameed and Duckett stake opener claim | England in Bangladesh 2016-17 | The Guardian",
        "content": "England's Alastair Cook primed while Hameed and Duckett stake ...",
        "caption": "Englands Haseeb Hameed and Ben Duckett run between the wickets during the tour match against a Bangladesh Cricket Board XI.",
        "domain": "www.theguardian.com"
      }
    ],
    "result": {
      "verdict": false,
      "alignment_score": 55,
      "confidence_score": 6,
      "explanation": "The news image depicts Alastair Cook raising his bat, clearly indicating a milestone achievement, which aligns with the caption about completing a century. However, compared to the reference images obtained from web searches, there are notable inconsistencies. \n\nFirstly, the expressions and stances of Cook in the news image suggest a celebration, while in the reference images, the compositions depict different moments in the game, either capturing different actions or players involved. The lighting conditions and the stadium settings also vary; the background in the news image is less identifiable and lacks the context of a cricket match atmosphere, which is present in the reference images. Additionally, there is a distinct absence of any audience or environment markers in the news image that would typically frame a significant event like a century.\n\nTemporal consistency is less clear; the uniform worn in the news image may not match the specific game referenced, further suggesting it could be from a different occasion or context rather than the warm-up game against the Sri Lanka Board XI. \n\nIn summary, while the news image represents a familiar celebration gesture, it fails to align visually and contextually with the reference images that provide stronger situational backdrops for the depicted events. Thus, it may not accurately represent the specific moment alluded to in the caption, leading to a conclusion of potentially misleading content.",
      "key_observations": [
        "Key visual element: Alastair Cook raising his bat - present in the news image.",
        "Differences in expressions and actions compared to reference images, which depict varied cricketing actions.",
        "Background and stadium settings in reference images provide stronger context than in the news image.",
        "Lighting conditions differ; reference images depict a more game-like atmosphere.",
        "Temporal discrepancies exist regarding the uniform and match settings."
      ]
    }
  },
  "final_result": {
    "OOC": true,
    "confidence_score": 7,
    "explanation": "The internal check suggests the caption aligns with the image content with high confidence (9). However, the external check, though with lower confidence (6), indicates potential discrepancies. Specifically, the external check raises concerns about the image's contextual accuracy, noting differences in background, stadium setting, and potentially the uniform, compared to reference images. The alignment score of 55 further suggests only a moderate match to external references. Because of these inconsistencies and lack of strong external validation the image is flagged as out of context, prioritizing the potential for misinformation over initial content alignment. The final confidence score reflects the conflicting evidence and lower confidence of the external check.",
    "validation_summary": "Internal check validates caption; external check identifies contextual discrepancies, leading to an OOC determination."
  },
  "inference_time": 9.63453722000122
}