{
  "caption": "Students of film media and cultural studies at Lancaster University will be watching the likes of Batman the Movie",
  "ground_truth": true,
  "internal_check": {
    "visual_entities": [
      "Future plc",
      "United Kingdom",
      "Publishing",
      "Media",
      "The Guardian",
      "Gizmodo",
      "Business",
      "Gawker Media",
      "Magazine",
      "Total Film",
      "poster"
    ],
    "image_evidences": [
      {
        "title": "Future Publishing cuts more than 400 jobs as part of restructure | Future Publishing | The Guardian",
        "content": "",
        "caption": "Total Film publisher Futrure Publishing has reported a loss of 35.4m in the year to the end of September, with a 20% decline in revenues",
        "domain": "www.theguardian.com"
      },
      {
        "title": "Future Publishing | The Guardian",
        "content": "",
        "caption": "Total Film",
        "domain": "www.theguardian.com"
      },
      {
        "title": "Trade magazines | The Guardian",
        "content": "",
        "caption": "Total Film",
        "domain": "www.theguardian.com"
      }
    ],
    "result": {
      "confidence_score": 7,
      "explanation": "The news caption mentions students at Lancaster University watching films like Batman as part of their film, media, and cultural studies. The provided images primarily relate to 'Total Film' magazine and its publisher, 'Future Publishing', as evidenced by the titles and captions associated with the image evidences. While 'Total Film' is related to film media, these images do not directly depict or support the claim that Lancaster University students are watching 'Batman' or any other specific film as part of their curriculum. The images also don't visually confirm Lancaster University's film studies program. The connection is therefore weak, but the images are generally related to film media. The confidence score reflects this moderate level of uncertainty.",
      "verdict": false
    }
  },
  "external_check": {
    "text_evidences": [
      {
        "title": "Choosing your university course during Clearing: pick a passion | Clearing | The Guardian",
        "content": "Choosing your university course during Clearing: pick a passion ...",
        "caption": "Students of film, media and cultural studies at Lancaster University will be watching the likes of Batman  the Movie.",
        "domain": "www.theguardian.com"
      },
      {
        "title": "Choosing your university course during Clearing: pick a passion | Clearing | The Guardian",
        "content": "Choosing your university course during Clearing: pick a passion ...",
        "caption": "Knowing what you want to study is just the first step, as different universities courses will have different content.",
        "domain": "www.theguardian.com"
      }
    ],
    "result": {
      "verdict": false,
      "alignment_score": 30,
      "confidence_score": 5,
      "explanation": "The news image features a magazine cover depicting a character resembling a superhero, likely linked to the Batman franchise, while the reference images primarily include various representations of Batman, including scenes from the original series and unrelated laboratory imagery. The key visual element expected was a film-related setting or discussion related to Batman within the context of students analyzing film media; however, the primary news image does not depict a study or viewing event related to film studies as the caption suggests. The lighting, setting, and characters featured deviate from the context of film study students watching a Batman movie. Temporal indicators such as lighting and environment in the news image do not align with the expected classroom or screening room environment suggested by the caption and reference images. There are no signs of digital manipulation, but the overall environment feels disparate from the event described. Thus, the image does not accurately contextualize the event, leading to a conclusion of potential misleading representation in the context. Hence, although elements of Batman appear in the news image, it significantly diverges in context from the references provided for the film studies event.",
      "key_observations": [
        "News image features a magazine cover with a character from the Batman franchise.",
        "Reference images include stills from Batman films and an unrelated laboratory scene.",
        "The expected visual elements of a classroom or viewing scenario are absent in the news image.",
        "Lighting and spatial arrangements do not correlate with a film study context, indicating a lack of relevance.",
        "There are no notable signs of digital manipulation in any of the images."
      ]
    }
  },
  "final_result": {
    "OOC": true,
    "confidence_score": 7,
    "explanation": "Both internal and external checks indicate that the news caption is out of context with the image. The internal check, with a confidence score of 7, finds a weak connection between the caption about Lancaster University film students watching Batman and the 'Total Film' magazine cover in the image. The external check, with a confidence score of 5 and an alignment score of 30, notes the absence of a film study environment and discrepancies in context between the image and the reference images. While the external check's confidence is lower, the agreement between both checks supports the conclusion that the image does not accurately represent the caption. The magazine cover featuring a character from the Batman franchise does not depict or suggest students studying film, media, and cultural studies at Lancaster University watching 'Batman – the Movie'.",
    "validation_summary": "Both internal and external checks conclude that the caption is out of context. The image of a 'Total Film' magazine cover featuring a Batman character does not align with the caption's claim about Lancaster University film students watching Batman as part of their studies."
  },
  "inference_time": 11.262118577957153
}