{
  "caption": "Pierce Gagnon left and Robin Williams in A Merry Friggin Christmas Williams last movie",
  "ground_truth": false,
  "internal_check": {
    "visual_entities": [
      "Robin Williams",
      "A Friggin' Christmas Miracle",
      "Actor",
      "Suicide by hanging",
      "Marin County Coroner",
      "Death",
      "Suicide in the United States",
      "Humour",
      "USA Today",
      "Joel McHale",
      "official"
    ],
    "image_evidences": [],
    "result": {
      "confidence_score": 9,
      "explanation": "The news caption mentions 'Pierce Gagnon,' 'Robin Williams,' and 'A Merry Friggin Christmas (Williams last movie).' The detected visual entities include 'Robin Williams' and 'A Friggin' Christmas Miracle.' The presence of these entities in both the caption and the detected visual entities suggests a strong alignment. The caption's mention of 'Pierce Gagnon' is not explicitly detected, however the movie title matches, so the caption does align.",
      "verdict": true
    }
  },
  "external_check": {
    "text_evidences": [
      {
        "title": "What could have led Robin Williams to suicide?",
        "content": "635513234484580009-XXX-MERRY- ...",
        "caption": "Pierce Gagnon, left, and Robin Williams  in 'A Merry Friggin' Christmas.' Williams' last movie.",
        "domain": "www.usatoday.com"
      }
    ],
    "result": {
      "verdict": true,
      "alignment_score": 85,
      "confidence_score": 8,
      "explanation": "The news image clearly depicts the two main subjects mentioned in the caption, Pierce Gagnon (as a child) and Robin Williams, during a scene in \"A Merry Friggin Christmas.\" Both images closely match in terms of composition and subject placement, suggesting they are derived from similar scenes within the film. The lighting, angles, and spatial relationships all maintain consistency with scenes from the movie, indicating that both images were likely captured in a similar context. The background appears to include the same details, reinforcing the shared setting, while facial expressions and attire are comparable. The overall context remains intact, confirming the portrayal of these characters at a significant moment within the film. While there may be slight graphical variations (such as resolution or minor background differences), they do not detract from the primary identity and context of the characters being represented effectively in the news image.",
      "key_observations": "- Both images feature Robin Williams and a young boy clearly resembling Pierce Gagnon, in the same indoor setting.\n- Lighting and overall atmosphere appear consistent, signifying a shared scene.\n- Spatial layout (the positioning of the characters relative to each other and the background) aligns well between both images.\n- Minor visual variations observed do not necessarily imply misleading content."
    }
  },
  "final_result": {
    "OOC": false,
    "confidence_score": 9,
    "explanation": "Both the internal and external checks indicate that the caption accurately represents the image. The internal check confirms the presence of Robin Williams and the movie title 'A Merry Friggin Christmas,' while the external check corroborates that the image depicts Pierce Gagnon and Robin Williams in a scene from the movie. Although the internal check's confidence score is slightly higher, both scores are high, and the alignment score from the external check is also high (85). Therefore, there is no evidence to suggest the caption is out of context.",
    "validation_summary": "Both internal and external checks confirm the caption accurately describes the image, showing Pierce Gagnon and Robin Williams in 'A Merry Friggin Christmas'."
  },
  "inference_time": 10.497028589248657
}