{
  "caption": "Game 2 Cardinals 1 Dodgers 0 Dodgers right fielder Yasiel Puig reacts after striking out during the sixth inning at Busch Stadium",
  "ground_truth": false,
  "internal_check": {
    "visual_entities": [
      "Baseball Bat",
      "Baseball field",
      "Baseball positions",
      "Bat-and-ball games",
      "Baseball",
      "Cricket Bat",
      "Softball",
      "Ball",
      "Player",
      "College baseball",
      "Competition",
      "Championship",
      "baseball player"
    ],
    "image_evidences": [],
    "result": {
      "confidence_score": 9,
      "explanation": "The news caption describes Yasiel Puig reacting after striking out. The detected visual entities include 'baseball player', 'baseball bat', 'baseball field', suggesting a baseball game is occurring. The caption mentions Puig of the Dodgers, which aligns with a baseball player entity. The action of striking out in baseball corresponds with a player's reaction, supporting the caption's description of Puig reacting. The caption and the visual entities are thus consistent.",
      "verdict": true
    }
  },
  "external_check": {
    "text_evidences": [
      {
        "title": "A painful replay for Dodgers, Clayton Kershaw in loss to Cardinals, 3-2 - Los Angeles Times",
        "content": "A painful replay for Dodgers, Clayton Kershaw in loss to Cardinals ...",
        "caption": "St. Louis Cardinals",
        "domain": "www.latimes.com"
      },
      {
        "title": "Dodgers-Braves NLCS Game 6 is LA's 87th playoff elimination game - Los Angeles Times",
        "content": "Dodgers-Braves NLCS Game 6 is LA's 87th playoff elimination game ...",
        "caption": "Dodgers starting pitcher Max Scherzer celebrates with Will Smith after striking out San Francisco's Wilmer Flores.",
        "domain": "www.latimes.com"
      },
      {
        "title": "It's meltdown-and-out for Clayton Kershaw, Dodgers in 9-0 NLCS defeat - Los Angeles Times",
        "content": "It's meltdown-and-out for Clayton Kershaw, Dodgers in 9-0 NLCS ...",
        "caption": "Mark Ellis",
        "domain": "www.latimes.com"
      },
      {
        "title": "A painful replay for Dodgers, Clayton Kershaw in loss to Cardinals, 3-2 - Los Angeles Times",
        "content": "A painful replay for Dodgers, Clayton Kershaw in loss to Cardinals ...",
        "caption": "Yasiel Puig",
        "domain": "www.latimes.com"
      },
      {
        "title": "A painful replay for Dodgers, Clayton Kershaw in loss to Cardinals, 3-2 - Los Angeles Times",
        "content": "A painful replay for Dodgers, Clayton Kershaw in loss to Cardinals ...",
        "caption": "Yasiel Puig",
        "domain": "www.latimes.com"
      }
    ],
    "result": {
      "verdict": false,
      "alignment_score": 35,
      "confidence_score": 6,
      "explanation": "Upon analyzing the news image in relation to the reference images obtained based on the news caption, several discrepancies and key observations were noted. The caption describes a moment involving Yasiel Puig, who is a Dodgers player striking out, which should show him during a batting scenario. However, the news image depicts Puig positioned as if he has already swung but has not made contact with the ball, which does align with the moment of striking out; however, his facial expression lacks the expected emotion of disappointment. \n \nIn contrast, the reference images retrieved primarily depict other players and team reactions after plays have occurred, rather than focusing on Puig's striking out directly. For example, many of these images show celebrations from the Cardinals or reactions from the Dodgers after significant plays, highlighting team dynamics rather than individual moments. The contextual basis for the narrative of Puig's strike out being pivotal isn’t visually represented by the other images provided—most frame the broader scene instead of the singular moment suggested by the news caption.\n \nIn terms of lighting and settings, the news image shows a bright day typical for outdoor stadiums, which aligns with the general context of a daytime baseball game, yet there is no evidence of exact temporal consistency when comparing to the reference images, which might capture varied moments through the game (potentially evening lighting). \n \nFurther examination of the news image indicates no obvious digital manipulation; it appears to be an authentic photograph of the game situation as described. However, the lack of direct correlation with the emotional and visual elements typically inherent in a strikeout moment as depicted by many of the reference images detracts from the alignment with the caption. \n \nTherefore, while the core action of striking out is portrayed, it is visually different in the context of overall game dynamics and emotions but somewhat relevant to the event itself.",
      "key_observations": "- The news image shows Yasiel Puig in an awkward swinging stance, seemingly reacting to a missed opportunity to hit, which somewhat aligns with the term 'striking out.' \n- Many reference images do not depict Puig directly; they instead show reactions of teammates or the Cardinals celebration, lacking sufficient focus on the described moment. \n- Variations in lighting suggest different moments in the game, with reference images capturing a wider range of emotional banners with clear celebrations.\n- Overall, the news image lacks the emotional context compared to the celebratory nature of the reference images."
    }
  },
  "final_result": {
    "OOC": true,
    "confidence_score": 7,
    "explanation": "The internal check suggests the caption accurately represents the image, with high confidence (9). However, the external check indicates a mismatch (alignment score: 35, confidence score: 6), noting the image lacks the emotional context expected from a strikeout and the reference images don't consistently depict Puig or the specific moment. Given these discrepancies, and recognizing that the external check specifically highlights the absence of expected emotional cues in the image relative to the caption, the external check is prioritized. Therefore, the caption is deemed out-of-context due to the image failing to accurately depict the emotional elements associated with a strikeout, as described in the caption.",
    "validation_summary": "Internal check passes, but external check fails due to a mismatch in emotional context. The external check is prioritized."
  },
  "inference_time": 15.043591499328613
}