{
  "caption": "South Korea has begun annual joint drills with US troops exercises Pyongyang says are a rehearsal for an invasion",
  "ground_truth": true,
  "internal_check": {
    "visual_entities": [
      "Churchill tank",
      "Gun turret",
      "Military vehicle",
      "Troop",
      "Tank",
      "Artillery",
      "Gun",
      "Gun",
      "self propelled artillery"
    ],
    "image_evidences": [],
    "result": {
      "confidence_score": 7,
      "explanation": "The news caption refers to joint drills with US troops, and the detected visual entities include 'Troop', 'Military vehicle', and 'Tank'. This suggests a potential alignment between the caption's claim of military exercises and the presence of military-related visual elements. However, the caption mentions 'annual joint drills with US troops', but the detected entities alone don't explicitly confirm the 'annual' or 'joint' aspect, which would require more specific visual information about the participating troops or context of the event. Therefore, while some aspects are supported, a complete validation isn't possible based solely on the detected entities. There is no direct contradiction. However, the caption also refers to 'Pyongyang says are a rehearsal for an invasion.' This part is an interpretation/opinion and cannot be verified from the visual entities themselves.",
      "verdict": true
    }
  },
  "external_check": {
    "text_evidences": [
      {
        "title": "South Korean war games prompt threats from North Korea | South Korea | The Guardian",
        "content": "South Korean war games prompt threats from North Korea | South ...",
        "caption": "South Korea has begun annual joint drills with US troops, exercises Pyongyang says are a rehearsal for an invasion. Photograph: Ahn Young-Joon/AP",
        "domain": "www.theguardian.com"
      },
      {
        "title": "US and South Korea begin joint military drills as North Korea accuses them of invasion rehearsal | The Independent",
        "content": "US and South Korea begin joint military drills as North Korea ...",
        "caption": "South Korea US Military Exercise",
        "domain": "www.independent.co.uk"
      },
      {
        "title": "South Korean and US troops will begin major exercises next week in response to North Korean threats | AP News",
        "content": "South Korean and US troops will begin major exercises next week in ...",
        "caption": "FILE - U.S. soldiers participate in a joint military drill with South Korea in Paju, South Korea, on March 16, 2023. South Korean and U.S. troops will begin their expanded annual military drills next week in response to North Koreas evolving nuclear threats, the two countries said Wednesday, Feb. 28, 2024, a move that will likely enrage North Korea because it views its rivals joint training as an invasion rehearsal. (AP Photo/Lee Jin-man, File)",
        "domain": "apnews.com"
      }
    ],
    "result": {
      "verdict": false,
      "alignment_score": 55,
      "confidence_score": 6,
      "explanation": "The analysis reveals a mixture of potential inconsistencies in visual elements among the images. The news image features tanks and personnel that align with military exercises mentioned in the caption. However, comparison with reference images indicates notable differences in specific visual aspects:\n\n1. The reference images showcase a variety of military action and different types of exercises (e.g., watercraft operations and ground tank firing) that depict the joint nature of the drills.\n\n2. We see that the primary focus of the reference images involved various military assets and units actively participating in exercises, demonstrating organized operations, which may not be specifically conveyed in the news image that focuses primarily on tanks without contextual usage or location attributes associated with the drills in South Korea.\n\n3. The timing and environmental details such as lighting conditions differ among images. The news image has clearer daylight conditions, while some of the reference images show operations in varied lighting that could denote different times of day or weather conditions.\n\n4. There's a relative lack of specific indicators pointing to U.S. involvement in the tank exercise shown in the news image, which could imply a lack of congruence with the expected portrayal of joint drills.\n\nIn conclusion, while the news image does depict military drills, the lack of clarity regarding the context, environment, and unity with reference images leads to the decision that this image does not accurately convey the events described in the caption, thus flagging it as misleading.",
      "key_observations": [
        "News image depicts tanks in an open area, while reference images show varied military assets and operations (e.g., boats, firing drills).",
        "The lighting and situational context between images vary significantly, indicating potentially different times or places of activities.",
        "Reference images indicate a clearer depiction of U.S. joint operations that the news image lacks, thus not fully conveying the implied joint military exercises."
      ]
    }
  },
  "final_result": {
    "OOC": true,
    "confidence_score": 7,
    "explanation": "The internal check suggests the caption partially aligns with potential military exercises, but it cannot confirm the 'annual' or 'joint' aspect. Furthermore, the statement about 'Pyongyang says are a rehearsal for an invasion' is an opinion. The external check, with a confidence score of 6 and an alignment score of 55, indicates inconsistencies between the news image and reference images. These discrepancies include variations in the type of military exercises depicted, lighting conditions, and the clear depiction of U.S. involvement in joint operations. Although both confidence scores are relatively close, given that the external check provides concrete reasons to consider the image misleading, the evidence favors a determination that the caption is out of context. Therefore, the caption is considered out of context.",
    "validation_summary": "The external check indicates the image does not fully convey the events described in the caption, particularly regarding the 'joint' aspect of the military drills. The internal check is only partially supportive, and includes an interpretation that cannot be visually verified."
  },
  "inference_time": 11.652675867080688
}