{
  "caption": "A Belgium fan cheers during the Group H match against South Korea in Sao Paulo",
  "ground_truth": true,
  "internal_check": {
    "visual_entities": [
      "China",
      "Lithuania",
      "Greece",
      "Delfi",
      "Prime minister",
      "Economist",
      "Flag",
      "Steve Jobs",
      "flag"
    ],
    "image_evidences": [],
    "result": {
      "confidence_score": 2,
      "explanation": "The detected visual entities ('China', 'Lithuania', 'Greece', 'Delfi', 'Prime minister', 'Economist', 'Flag', 'Steve Jobs', 'flag') do not match the news caption which describes a Belgium fan cheering during a match against South Korea. The entities seem to be completely unrelated. Therefore, the caption does not accurately represent the visual content based on the detected entities.",
      "verdict": false
    }
  },
  "external_check": {
    "text_evidences": [],
    "result": null
  },
  "final_result": {
    "OOC": true,
    "confidence_score": 2,
    "explanation": "The internal check, with a low confidence score of 2, indicates that the detected visual entities (China, Lithuania, Greece, Delfi, Prime minister, Economist, Flag, Steve Jobs, flag) do not align with the news caption describing a Belgium fan cheering during a match against South Korea. The external check result is unavailable. Therefore, based on the available information from the internal check alone, the caption appears to be out of context. The low confidence score indicates uncertainty due to reliance on a single, potentially unreliable check.",
    "validation_summary": "The internal check suggests the caption is out of context, but has a low confidence score. The external check result is missing."
  },
  "inference_time": 3.3633570671081543
}