{
  "caption": "Cities including Manchester and Newcastle have campaigned for more power",
  "ground_truth": true,
  "internal_check": {
    "visual_entities": [
      "Rosie McCaffrey's Irish Pub & Restaurant",
      "United Kingdom",
      "Referendum",
      "Scottish independence",
      "Independence referendum",
      "Independence",
      "Scots Language",
      "Phoenix",
      "Arizona",
      "United States",
      "pedestrian"
    ],
    "image_evidences": [],
    "result": {
      "confidence_score": 2,
      "explanation": "The news caption mentions cities like Manchester and Newcastle campaigning for more power. However, the detected visual entities include \"Rosie McCaffrey's Irish Pub & Restaurant\", 'United Kingdom', 'Referendum', 'Scottish independence', 'Independence referendum', 'Independence', 'Scots Language', 'Phoenix', 'Arizona', 'United States', 'pedestrian'. There's no direct link between these entities and the cities or their campaign for more power. The entities seem irrelevant to the caption's claim. Therefore, the caption does not align with the detected visual entities.",
      "verdict": false
    }
  },
  "external_check": {
    "text_evidences": [
      {
        "title": "Manchester Citys inexorable hard power crushes Real Madrid | Manchester City | The Guardian",
        "content": "Manchester City's inexorable hard power crushes Real Madrid ...",
        "caption": "Bernardo Silva celebrates with his Manchester City teammates after scoring the first of his double against Real Madrid.",
        "domain": "www.theguardian.com"
      }
    ],
    "result": {
      "verdict": false,
      "alignment_score": 30,
      "confidence_score": 6,
      "explanation": "The news image depicts a polling place with individuals walking in the vicinity, while the reference images show a celebratory moment during a Manchester City football game. The core visual elements expected based on the news caption about cities like Manchester and Newcastle campaigning for more power might include public demonstrations, government buildings, or civic engagement activities. However, the news image does not relate to campaigning for power; rather, it seems to focus on election activity. Additionally, the reference images capture a lively atmosphere specific to sports, showing players enjoying a moment of victory, which is contextually different from the political theme of the news caption. There is a significant mismatch between the subjects and activities depicted in the images, with little to no overlap in theme, which brings into question the contextual relevance of the news image in representing campaigning efforts.",
      "key_observations": "- News image focuses on a polling station, possibly indicating civic engagement or electoral process, while reference images depict a sports event.\n- No elements in the news image align visually or contextually with the vibrant atmosphere of the referenced images.\n- Temporal consistency is lacking as the weather conditions appear rainy and dull in the news image, whereas the reference images have a clear, energetic setting likely on a different day.\n- Overall, the visual context is misaligned; the news image implies a political event rather than a celebratory one related to Manchester's sporting achievements."
    }
  },
  "final_result": {
    "OOC": true,
    "confidence_score": 7,
    "explanation": "Both the internal and external checks indicate that the news caption, 'Cities including Manchester and Newcastle have campaigned for more power,' is out of context with the presented image. The internal check, with a confidence score of 2, found no visual entities related to the mentioned cities or their campaign. The external check, having a higher confidence score of 6 and an alignment score of 30, reveals a mismatch between the news image (a polling place) and the reference images (Manchester City football game celebration). The news caption suggests political activities, while the image depicts an election or voting process. Therefore, the caption is determined to be out of context.",
    "validation_summary": "Both internal and external checks confirm the caption is out of context. The image shows a polling place, unrelated to the cities' campaign for more power, as suggested by the caption."
  },
  "inference_time": 8.291441679000854
}