{
  "caption": "Murphy was found tied to a pole at Auchinairn roundabout in Bishopbriggs",
  "ground_truth": false,
  "internal_check": {
    "visual_entities": [
      "Flat-coated Retriever",
      "German Spaniel",
      "Boykin Spaniel",
      "English Cocker Spaniel",
      "Cockapoo",
      "Curly-coated retriever",
      "Poodle",
      "Stabyhoun",
      "Dog breed",
      "Canidae",
      "Hunting dog",
      "Retriever",
      "Dog",
      "dog"
    ],
    "image_evidences": [],
    "result": {
      "confidence_score": 10,
      "explanation": "The news caption mentions 'Murphy was found tied to a pole at Auchinairn roundabout in Bishopbriggs'. The news content provides details about Murphy being a Cockapoo. The detected visual entities include 'Cockapoo' and 'Dog'. This confirms the presence of a dog, specifically a Cockapoo, as mentioned in the news. Therefore, the caption accurately represents the visual content based on the detected visual entities.",
      "verdict": true
    }
  },
  "external_check": {
    "text_evidences": [],
    "result": null
  },
  "final_result": {
    "OOC": false,
    "confidence_score": 10,
    "explanation": "The internal check confirms that the caption accurately represents the content of the news article, with a high confidence score of 10. The caption states 'Murphy was found tied to a pole at Auchinairn roundabout in Bishopbriggs', which aligns with the news content describing Murphy, a Cockapoo, being found at that location. There is no external check provided. Therefore, based on the available information, the caption is not out of context.",
    "validation_summary": "The internal check confirms the caption's accuracy with high confidence. External check is not available."
  },
  "inference_time": 3.02837872505188
}