{
  "caption": "David Rowntree the Blur drummer said the legal aid plans meant people would be represented by underqualified inexperienced lawyers",
  "ground_truth": false,
  "internal_check": {
    "visual_entities": [
      "Dave Rowntree",
      "Blur",
      "Solicitor",
      "Drummer",
      "Lawyer",
      "Court",
      "Legal aid",
      "United Kingdom",
      "Contract",
      "Facial hair",
      "Alex James",
      "Eddie Stobart",
      "glasses"
    ],
    "image_evidences": [],
    "result": {
      "confidence_score": 8,
      "explanation": "The news caption mentions David Rowntree, the Blur drummer, and legal aid plans. The detected visual entities include 'Dave Rowntree', 'Blur', 'Drummer', and 'Legal aid'. This indicates a match between the caption and the detected visual entities. The caption's claim about Rowntree's opinion on legal aid is also supported by the news content.",
      "verdict": true
    }
  },
  "external_check": {
    "text_evidences": [
      {
        "title": "Blur drummer who trained as solicitor attacks government's legal aid plans | Legal aid | The Guardian",
        "content": "Blur drummer who trained as solicitor attacks government's legal ...",
        "caption": "David Rowntree, the Blur drummer, said the legal aid plans meant people would be represented by 'under-qualified, inexperienced' lawyers.  Photograph: Richard Saker",
        "domain": "www.theguardian.com"
      },
      {
        "title": "Blur drummer who trained as solicitor attacks government's legal aid plans | Legal aid | The Guardian",
        "content": "Blur drummer who trained as solicitor attacks government's legal ...",
        "caption": "David Rowntree, the Blur drummer, said the legal aid plans meant people would be represented by 'under-qualified, inexperienced' lawyers.  Photograph: Richard Saker",
        "domain": "www.theguardian.com"
      },
      {
        "title": "Blur drummer who trained as solicitor attacks government's legal aid plans | Legal aid | The Guardian",
        "content": "Blur drummer who trained as solicitor attacks government's legal ...",
        "caption": "David Rowntree, the Blur drummer, said the legal aid plans meant people would be represented by 'under-qualified, inexperienced' lawyers.  Photograph: Richard Saker",
        "domain": "www.theguardian.com"
      },
      {
        "title": "Blur drummer who trained as solicitor attacks government's legal aid plans | Legal aid | The Guardian",
        "content": "Blur drummer who trained as solicitor attacks government's legal ...",
        "caption": "",
        "domain": "www.theguardian.com"
      },
      {
        "title": "Blur drummer who trained as solicitor attacks government's legal aid plans | Legal aid | The Guardian",
        "content": "Blur drummer who trained as solicitor attacks government's legal ...",
        "caption": "",
        "domain": "www.theguardian.com"
      }
    ],
    "result": {
      "verdict": false,
      "alignment_score": 35,
      "confidence_score": 7,
      "explanation": "The news image of David Rowntree does not significantly align with the reference images retrieved based on the news caption about legal aid plans. While Rowntree is a relevant subject as the drummer of Blur, the focus of the caption suggests a broader context involving legal aid representation, potentially including protests or legal professionals, none of which are depicted in the news image. The reference images vary, including one with a legal protest and others featuring David Rowntree in a staged portrait setting. This discrepancy indicates a lack of contextual relevance; the news image presents Rowntree in an isolated context rather than addressing the implications of the legal aid discussion mentioned in the caption. Subject-wise, the image of Rowntree alone does not represent the themes of legal experience or public representation implied in the caption, leading to doubts about its appropriateness for the news context. Additionally, the lighting and background in the news image are consistent, but they serve a different narrative compared to the protest-themed visuals of the reference images.",
      "key_observations": [
        "News image features David Rowntree, while reference images include legal protest scenes.",
        "Legal aid theme not visually represented in the news image.",
        "Differences in context; news image presents an isolated portrait, whereas reference imagery suggests a wider legal issue discussion.",
        "Lighting is consistent within the news image but doesn't align with the protest context suggested in the caption.",
        "Images of Rowntree show him in various poses but do not connect to the subject matter of legal representation."
      ]
    }
  },
  "final_result": {
    "OOC": true,
    "confidence_score": 7,
    "explanation": "The internal check suggests the caption accurately represents the image based on identified entities like 'Dave Rowntree' and 'Legal aid' and supports the caption's claim about Rowntree's opinion. However, its confidence score is 8. The external check contradicts this, indicating a mismatch with a lower confidence score of 7. It reveals that the image of David Rowntree doesn't align with the caption's context of legal aid plans, as the reference images include legal protests and legal professionals, which are not depicted in the news image. Although the internal check has a slightly higher confidence score, the low alignment score (35) from the external check indicates a significant disconnect between the image and the caption's intended meaning. Given this discrepancy, the evidence suggests the caption is out of context because the image of Rowntree alone does not represent the theme of legal representation.",
    "validation_summary": "Internal check suggests the caption aligns with the image, but the external check, along with a low alignment score, indicates a mismatch. The image of David Rowntree does not represent the broader context of legal aid plans."
  },
  "inference_time": 10.356804609298706
}