{
  "caption": "Presidential candidate Donald Trump addresses the crowd during his campaign appearance in Melbourne",
  "ground_truth": false,
  "internal_check": {
    "visual_entities": [
      "Melbourne",
      "Crowd",
      "Presidential nominee",
      "Championship",
      "Political campaign",
      "Sports venue",
      "Product",
      "Florida Today",
      "Crime",
      "Candidate",
      "crowd"
    ],
    "image_evidences": [],
    "result": {
      "confidence_score": 9,
      "explanation": "The news caption states that Donald Trump is addressing a crowd during a campaign appearance in Melbourne. The detected visual entities include 'Melbourne', 'Crowd', 'Presidential nominee', 'Political campaign', and 'Candidate'. The presence of these entities strongly supports the claim made in the caption. The news content provides more context about the rally and Trump's speech.",
      "verdict": true
    }
  },
  "external_check": {
    "text_evidences": [
      {
        "title": "Comparing Trumps inauguration crowd to the Womens March | CNN Politics",
        "content": "Comparing Trump's inauguration crowd to the Women's March | CNN ...",
        "caption": "Earthcam",
        "domain": "www.cnn.com"
      },
      {
        "title": "Photos this week: October 24-31, 2024 | CNN",
        "content": "Photos this week: October 24-31, 2024 | CNN",
        "caption": "Victor J. Blue/The Washington Post",
        "domain": "www.cnn.com"
      }
    ],
    "result": {
      "verdict": true,
      "alignment_score": 85,
      "confidence_score": 8,
      "explanation": "The news image of Donald Trump speaking to a crowd aligns significantly with reference images retrieved for the caption, which indicates his campaign appearance in Melbourne. Key visual elements such as the presence of Trump, a crowd, and campaign signage featuring 'Trump Pence' match expectations. The news image depicts Trump with arms outstretched at a podium, a typical stance that suggests engagement with an audience, which is consistent with campaign events. The reference images show various aspects of Trump’s public engagement, highlighting similar crowd dynamics and environmental characteristics that are typical during rallies. The orientation of the news image, intended call-and-response interaction with supporters, is a common aspect of political rallies. \n\nWhile there may be differences in lighting conditions and crowd composition compared to the reference images, these discrepancies do not severely undermine the context suggested by the caption. The news image contextually depicts a rally-like atmosphere; thus, it remains accurate regarding the event it is representing. Signs of digital manipulation are not apparent in the news image, reinforcing its authenticity. Overall, the image illustrates the intended political moment effectively. \n\nNevertheless, it is important to specify that some reference images depict different events or contexts, such as protests and other rallies that do not relate directly to the Melbourne campaign event, indicating a broader contextual landscape concerning Donald Trump’s public appearances. Hence, despite visual differences in terms of backdrop and audience demographic, the core context of Donald Trump addressing a gathered crowd in a political capacity holds. Thus, the assessment concludes that the news image is indeed reflective of the scenario described, warranting a high alignment score.",
      "key_observations": [
        "Trump is the central figure in the news image, consistent with the focus on a presidential candidate in the caption.",
        "Background crowd presence in the news image aligns with typical campaign appearances, supporting the narrative of public engagement.",
        "Podium signage in the news image explicitly declares 'TRUMP PENCE,' matching campaign materials expected at such events.",
        "There are varying levels of crowd presence and environmental conditions across reference images; however, they do not detract from the accuracy regarding the Melbourne event."
      ]
    }
  },
  "final_result": {
    "OOC": false,
    "confidence_score": 9,
    "explanation": "Both the internal and external checks indicate that the news caption accurately represents the image. The internal check, with a confidence score of 9, confirms the presence of visual entities in the image that support the caption's claim about Donald Trump addressing a crowd during a campaign appearance in Melbourne. The external check, with a confidence score of 8 and an alignment score of 85, corroborates this by aligning the image with reference images of similar campaign events. The external check specifically highlights the presence of Trump, a crowd, and campaign signage in the image. Since both checks agree and have high confidence scores, the caption is deemed not out of context.",
    "validation_summary": "Both internal and external checks confirm the caption's accuracy. High alignment and confidence scores support the conclusion that the caption is not out of context."
  },
  "inference_time": 15.402526378631592
}