{
  "caption": "Pauline Cafferkey was taken to the Royal Free Hospital in London last week",
  "ground_truth": false,
  "internal_check": {
    "visual_entities": [
      "Nursing",
      "West African Ebola virus epidemic",
      "Hospital",
      "Nursing and Midwifery Council",
      "Stock photography",
      "Patient",
      "Scotland",
      "Image",
      "Photography",
      "Weakness",
      "Alamy",
      "Pauline Cafferkey",
      ""
    ],
    "image_evidences": [],
    "result": {
      "confidence_score": 8,
      "explanation": "The news caption states that \"Pauline Cafferkey was taken to the Royal Free Hospital in London last week\". The detected visual entities include 'Pauline Cafferkey' and 'Hospital', which are consistent with the caption. The news content confirms Pauline Cafferkey was indeed treated at the Royal Free Hospital. The presence of 'Nursing' as a detected entity is also related to Pauline Cafferkey's profession. Other entities like 'Scotland' relate to her origin which aligns with the news content. While specific visuals related to the Royal Free Hospital or London are not directly confirmed in the entity list, the core elements mentioned in the caption (Pauline Cafferkey and Hospital) are represented in the detected entities, supporting the caption's validity.",
      "verdict": true
    }
  },
  "external_check": {
    "text_evidences": [
      {
        "title": "Ebola nurse Pauline Cafferkey released from London hospital after 'full recovery' | The Independent | The Independent",
        "content": "Ebola nurse Pauline Cafferkey released from London hospital after ...",
        "caption": "Pauline Cafferkey (right), with the Royal Free Hospital's Breda Athan, senior matron and high lvel isolation unit lead, and Dr Michael Jacobs, consultant in infectious diseases",
        "domain": "www.independent.co.uk"
      },
      {
        "title": "British Ebola nurse readmitted to hospital in 'serious condition' | Ebola | The Guardian",
        "content": "British Ebola nurse readmitted to hospital in 'serious condition ...",
        "caption": "Nurse Pauline Cafferkey gives a TV interview last month.",
        "domain": "www.theguardian.com"
      },
      {
        "title": "Ebola nurse Pauline Cafferkey 'stable' after night in London ...",
        "content": "Ebola nurse Pauline Cafferkey 'stable' after night in London ...",
        "caption": "",
        "domain": "www.bbc.com"
      }
    ],
    "result": {
      "verdict": false,
      "alignment_score": 55,
      "confidence_score": 8,
      "explanation": "The news image shows a group of medical personnel in protective gear attending to a patient in a plastic isolation unit, indicative of serious medical conditions, possibly relating to infectious disease control. This context directly correlates to the caption mentioning Pauline Cafferkey being taken to the Royal Free Hospital. The referenced images, particularly those showing hospital environments and different stages of patient care, indicate potential timelines around her treatment and recovery but do not depict the exact scenario of initial transport to a hospital. \n\nThe news image lacks direct visual correlation with the references in terms of location (hospital room vs. external ambulance scenario) but retains contextual accuracy regarding the care scenario for someone in an infectious disease context. Additionally, there are significant features within the news image’s composition—such as protective gear and isolation equipment—that support its legitimacy in conveying the urgency associated with Cafferkey’s medical circumstances. \n\nThe lighting in the news image suggests outdoor conditions, aligned with the movement of a patient, while the hospital reference images reflect indoor settings—thereby establishing a clear separation in timing and spatial context though the sequence of events seems plausible. Potential manipulation signs in the news image were not evident, presenting straightforward scene documentation of the moment it captured. Overall, while the images intersect contextually regarding Medical Services response, they do not visually align in geographical spatiality or exact moments captured.",
      "key_observations": [
        "The news image depicts a medical response scenario that matches the emergency context of the caption.",
        "Reference images show hospital scenes and informal patient interactions, which differ from the more urgent medical transport context of the news image.",
        "No signs of manipulation were found in the news image; it appears to be a direct capture of the event.",
        "The alignment score reflects some context overlap but highlights notable visual differences in setting and subject action."
      ]
    }
  },
  "final_result": {
    "OOC": false,
    "confidence_score": 8,
    "explanation": "The internal check, with a confidence score of 8, confirms the caption's accuracy based on the news content and detected entities related to Pauline Cafferkey and the hospital. The external check, also with a confidence score of 8 but an alignment score of 55, indicates contextual accuracy regarding the medical setting but highlights visual differences between the news image and reference images, mainly due to the different settings (ambulance vs. hospital room). Since both checks support the core claim of the caption, despite visual discrepancies, the caption is not considered out of context. The similar confidence scores and agreement on the key elements lead to this conclusion.",
    "validation_summary": "Both internal and external checks support the caption's core accuracy, despite visual differences in setting highlighted by the external check. Therefore, the caption is not out of context."
  },
  "inference_time": 13.439127206802368
}