{
  "caption": "Cambridgebased software company Autonomy Corporation was bought for more than 10bn by HewlettPackard",
  "ground_truth": false,
  "internal_check": {
    "visual_entities": [
      "HP Autonomy",
      "United States",
      "Hewlett-Packard",
      "Autonomy",
      "Business",
      "Computer",
      "Software",
      "Sovereignty",
      "Deloitte",
      "Software company",
      "Write-off",
      "Michael Richard Lynch",
      "autonomy"
    ],
    "image_evidences": [
      {
        "title": "Serious Fraud Office drops investigation into HP-Autonomy deal | Autonomy | The Guardian",
        "content": "",
        "caption": "The SFO are no longer investigating the HP-Autonomy deal of 2011.",
        "domain": "www.theguardian.com"
      },
      {
        "title": "Deloitte fined record 15m for failings in Autonomy audits | Deloitte | The Guardian",
        "content": "",
        "caption": "Cambridge-based Autonomy was acquired by Hewlett-Packard for 8.4bn in a deal that quickly turned sour.",
        "domain": "www.theguardian.com"
      }
    ],
    "result": {
      "confidence_score": 7,
      "explanation": "The news caption states that Autonomy Corporation was bought for more than £7.1bn by Hewlett-Packard. Evidence 2's caption supports this claim, stating 'Cambridge-based Autonomy was acquired by Hewlett-Packard for £8.4bn in a deal that quickly turned sour'. While the exact amount differs, the core information aligns. Evidence 1, mentioning the SFO dropping an investigation, indirectly supports the news content, which discusses investigations into accounting irregularities. The visual entities 'Hewlett-Packard', 'Autonomy', 'Software company', and 'Michael Richard Lynch' (founder of Autonomy, mentioned in the news) are all relevant. The images provide reasonable but not complete visual support, as they primarily focus on the aftermath and investigations rather than the initial acquisition event itself. However, the core claim of the acquisition is supported.",
      "verdict": true
    }
  },
  "external_check": {
    "text_evidences": [
      {
        "title": "Autonomy made 80% less UK profit than stated, Hewlett-Packard finds | Autonomy | The Guardian",
        "content": "Autonomy made 80% less UK profit than stated, Hewlett-Packard ...",
        "caption": "Cambridge-based software company Autonomy Corporation was  bought for more than 10bn by Hewlett-Packard. Photograph: Tim Ireland/PA",
        "domain": "www.theguardian.com"
      },
      {
        "title": "Autonomy made 80% less UK profit than stated, Hewlett-Packard finds | Autonomy | The Guardian",
        "content": "Autonomy-011.jpg?width=1200& ...",
        "caption": "Cambridge-based software company Autonomy Corporation was  bought for more than 10bn by Hewlett-Packard. Photograph: Tim Ireland/PA",
        "domain": "www.theguardian.com"
      },
      {
        "title": "Autonomy made 80% less UK profit than stated, Hewlett-Packard finds | Autonomy | The Guardian",
        "content": "Autonomy-011.jpg?width=1200& ...",
        "caption": "Cambridge-based software company Autonomy Corporation was  bought for more than 10bn by Hewlett-Packard. Photograph: Tim Ireland/PA",
        "domain": "www.theguardian.com"
      }
    ],
    "result": {
      "verdict": true,
      "alignment_score": 85,
      "confidence_score": 8,
      "explanation": "The news image depicts a close-up of a laptop screen showing the Autonomy Corporation logo, which directly relates to the acquisition by Hewlett-Packard as stated in the news caption. Reviewing the reference images, which consist of similar compositions, it is evident that they all showcase the same logo in similar contexts. The key visual elements are consistent across images—specifically the logo’s color, font, and design. No significant discrepancies arise with respect to spatial relationships, as the positioning of the hand and keyboard remain largely the same. All images appear to utilize low lighting, maintaining a focused and professional look appropriate for corporate context. Additionally, no signs of digital manipulation or irregularities are present in the news image or reference images.",
      "key_observations": "- All images feature the Autonomy Corporation logo on a laptop screen, confirming relevance to the caption.\n- The hand positioning and keyboard visibility remain consistent across the news image and references.\n- The logo's color scheme and design details are identical, reinforcing visual accuracy.\n- Temporal indicators such as lighting and camera angles are consistent.\n- No visible signs of manipulation detected in any of the images."
    }
  },
  "final_result": {
    "OOC": false,
    "confidence_score": 9,
    "explanation": "The internal check confirms the caption's accuracy regarding the acquisition of Autonomy Corporation by Hewlett-Packard, supported by the news content and relevant visual entities. The external check validates the image's authenticity and relevance to the caption, showing the Autonomy Corporation logo. Both checks agree that the image is related to the caption. While the internal check has a confidence score of 7, the external check's confidence score is 8, and the alignment score is 85. The agreement between both methods, combined with these confidence and alignment scores, suggests the caption is not out of context. Because the internal and external checks both align and have high confidence, the final confidence score is increased to 9.",
    "validation_summary": "Both internal and external checks confirm the caption accurately represents the image, indicating the caption is not out of context."
  },
  "inference_time": 12.578295707702637
}