{
  "caption": "A general view of Daytona International Speedway during qualifying for the Daytona 500",
  "ground_truth": false,
  "internal_check": {
    "visual_entities": [
      "Aerial photography",
      "Bird's-eye view",
      "Race track",
      "Stadium",
      "Photography",
      "Racing",
      "Stichting Metropolis M.",
      "race track"
    ],
    "image_evidences": [],
    "result": {
      "confidence_score": 9,
      "explanation": "The news caption describes a general view of Daytona International Speedway during qualifying for the Daytona 500. The detected visual entities include 'Race track', 'Stadium', 'Racing', and 'Aerial photography'/'Bird's-eye view', which are all consistent with the caption. The presence of a race track, stadium, and the activity of racing support the caption's description. The aerial/bird's-eye view suggests a wide shot, which aligns with 'general view'. Therefore, the caption accurately represents the visual content based on the detected entities.",
      "verdict": true
    }
  },
  "external_check": {
    "text_evidences": [],
    "result": null
  },
  "final_result": {
    "OOC": false,
    "confidence_score": 9,
    "explanation": "The internal check confirms that the caption accurately represents the image, with a high confidence score of 9. The visual entities detected, such as 'Race track', 'Stadium', 'Racing', and 'Aerial photography'/'Bird's-eye view', align with the caption's description of a general view of Daytona International Speedway during qualifying for the Daytona 500. The external check result is not available. Therefore, based on the available evidence from the internal check, the caption is not out of context.",
    "validation_summary": "The internal check confirms the caption's accuracy with a confidence score of 9, while external validation data is absent."
  },
  "inference_time": 3.5236523151397705
}