{
  "caption": "A Via Rail passenger train pulls into Dorval Station in Montreal Two men have been charged with a plot to derail a train in Toronto",
  "ground_truth": false,
  "internal_check": {
    "visual_entities": [
      "Train",
      "Via Rail",
      "Amtrak",
      "Passenger train",
      "Railway",
      "Travel",
      "Passenger",
      "Rail transport",
      "Transport",
      "Train travel",
      "Via Rail",
      "railway network",
      "Public transport",
      "railway with train"
    ],
    "image_evidences": [],
    "result": {
      "confidence_score": 9,
      "explanation": "The news caption states 'A Via Rail passenger train pulls into Dorval Station in Montreal Two men have been charged with a plot to derail a train in Toronto'. The detected visual entities include 'Train', 'Via Rail', 'Passenger train', and 'Railway', which directly align with the news caption's description of a Via Rail passenger train. The caption accurately reflects the visual content by mentioning a specific type of train and railway service which is supported by the identified entities. Given the alignment between the caption and the visual entities, the caption can be considered a reasonable representation of the visual content.",
      "verdict": true
    }
  },
  "external_check": {
    "text_evidences": [
      {
        "title": "Two arrested in Canada over alleged passenger train terrorist plot | Canada | The Guardian",
        "content": "Two arrested in Canada over alleged passenger train terrorist plot ...",
        "caption": "A Via Rail passenger train pulls into Dorval Station in Montreal. Two men have been charged with a plot to derail a train in Toronto. Photograph: Shaun Best/Reuters",
        "domain": "www.theguardian.com"
      },
      {
        "title": "Two arrested in Canada over alleged passenger train terrorist plot | Canada | The Guardian",
        "content": "Via-Rail-train-010.jpg?width= ...",
        "caption": "A Via Rail passenger train pulls into Dorval Station in Montreal. Two men have been charged with a plot to derail a train in Toronto. Photograph: Shaun Best/Reuters",
        "domain": "www.theguardian.com"
      },
      {
        "title": "Two arrested in Canada over alleged passenger train terrorist plot | Canada | The Guardian",
        "content": "Via-Rail-train-010.jpg?width= ...",
        "caption": "A Via Rail passenger train pulls into Dorval Station in Montreal. Two men have been charged with a plot to derail a train in Toronto. Photograph: Shaun Best/Reuters",
        "domain": "www.theguardian.com"
      }
    ],
    "result": {
      "verdict": true,
      "alignment_score": 95,
      "confidence_score": 9,
      "explanation": "The news image depicts a VIA Rail train, which aligns accurately with the caption's mention of a passenger train. The visual elements, such as the train's appearance, the tracks, and the surrounding environment, are consistent across the reference images. These images appear to be from the same time frame due to similar lighting conditions, lush greenery, and no visible snow or fall leaves, suggesting a warm season. There are no visible signs of digital manipulation in any of the images, and the composition aligns well with expectations set by the caption. While the news image itself lacks explicit contextual markers confirming the event's precise details, its representation of a VIA Rail train is contextually relevant to the caption. Therefore, despite minor differences in cropping and branding overlays, the core visual message remains intact and aligns with the expected context of the images related to the caption.",
      "key_observations": "- The news image shows a VIA Rail train, consistent with the reference images.\n- Similar lush green environment across images, suggesting temporal consistency.\n- No visible signs of manipulation or digital edits in the images.\n- Composition and angle of the train and tracks are similar in all images.\n- Reference images have branding overlays, but the core visual elements remain consistent."
    }
  },
  "final_result": {
    "OOC": false,
    "confidence_score": 9,
    "explanation": "Both the internal and external checks indicate that the caption accurately represents the image. The internal check has a confidence score of 9 and confirms that the visual entities align with the caption's description of a Via Rail passenger train. The external check, also with a confidence score of 9 and an alignment score of 95, corroborates this by showing that the image depicts a VIA Rail train consistent with the caption. Since both checks align and have high confidence scores, the caption is not out of context.",
    "validation_summary": "Both internal and external checks confirm the caption accurately represents the image of a VIA Rail train. The alignment and confidence scores are high, indicating a strong match."
  },
  "inference_time": 9.415334939956665
}