{
  "caption": "I was basically a therapist for them Australian journalist Kristen Brown who spoke to about 200 of those affected",
  "ground_truth": false,
  "internal_check": {
    "visual_entities": [
      "Ashley Madison",
      "Affair",
      "Cheating in a relationship",
      "Online dating service",
      "Bangs",
      "Brown hair",
      "Blond",
      "Black hair",
      "Hair coloring",
      "Photograph",
      "blond"
    ],
    "image_evidences": [],
    "result": {
      "confidence_score": 8,
      "explanation": "The news caption refers to Australian journalist Kristen Brown who spoke to about 200 people affected by the Ashley Madison leak. The visual entities include relevant elements such as 'Ashley Madison', 'Affair', and 'Online dating service' which are consistent with the caption's context. It also includes 'Brown hair', 'Blond', 'Black hair', 'Hair coloring', 'Photograph', 'blond', which are plausible given the caption references a person (Kristen Brown). Overall, there's no strong contradiction, and the visual entities provide supporting elements for the caption's narrative, suggesting a reasonable alignment.",
      "verdict": true
    }
  },
  "external_check": {
    "text_evidences": [
      {
        "title": "Life after the Ashley Madison affair | Ashley Madison | The Guardian",
        "content": "Life after the Ashley Madison affair | Ashley Madison | The Guardian",
        "caption": "I was basically a therapist for them: Australian journalist Kristen Brown, who spoke to about 200 of those affected.",
        "domain": "www.theguardian.com"
      },
      {
        "title": "Life after the Ashley Madison affair | Ashley Madison | The Guardian",
        "content": "2715.jpg?width=1200&height=630 ...",
        "caption": "End of the affairs: at the time of the leak, Ashley Madison claimed to have 37.6m members, all of them assured the site was totally discreet.",
        "domain": "www.theguardian.com"
      }
    ],
    "result": {
      "verdict": false,
      "alignment_score": 30,
      "confidence_score": 7,
      "explanation": "The news image features Australian journalist Kristen Brown smiling in a setting that appears casual and personal, likely depicting her in an environment where she connects with people. The caption discusses her role as a therapist-like figure for those affected by an unspecified event, suggesting a context of support and empathy. However, the surrounding elements of the news image do not provide any direct indication of her therapeutic interactions or the gravity of the situation she was addressing. In contrast, reference images from the web searches likely represented more somber or serious contexts related to the incident, thus differing significantly in mood and setting. The key visual components in the news image suggest a disconnected narrative from the caption that implies serious undertones. Possible environmental indicators also imply a casual, sunny day—again, contrasting with what might be expected given the context of emotional discussions or events. No significant manipulation is evident within the news image itself, but the visual storytelling does not align with the expected elements derived from the caption's implications. This results in the conclusion that, despite the personal presentation of Kristen Brown, the image does not adequately represent the situation implied by the caption, leading to a lower alignment score.",
      "key_observations": [
        "Kristen Brown displayed in a cheerful manner, which contrasts with the somber context suggested by the caption.",
        "The environmental context shown does not fit with expected serious imagery based on the caption.",
        "Lack of visual indicators of support or therapy—only a casual setting is presented.",
        "No significant signs of image manipulation found."
      ]
    }
  },
  "final_result": {
    "OOC": true,
    "confidence_score": 8,
    "explanation": "The internal check suggests the caption aligns with the image content (confidence: 8, verdict: True). However, the external check indicates a mismatch between the image and the caption's implied context, noting that the image presents a casual depiction of Kristen Brown, contrasting with the somber context suggested by the caption (confidence: 7, alignment_score: 30, verdict: False). Given the conflicting results and relatively similar confidence scores, I am prioritizing the external check due to its explicit low alignment score and concrete observations about the discrepancy between the image's cheerful presentation and the caption's serious undertones. The image fails to represent the gravity or therapeutic context mentioned in the caption, leading to the conclusion that the caption is out of context.",
    "validation_summary": "Internal check suggests alignment, while the external check reveals a mismatch due to the image's casual tone conflicting with the caption's serious context. The external check's lower alignment score influences the decision."
  },
  "inference_time": 13.015554904937744
}