{
  "caption": "Rosary beads hang from the fence of Corpus Christi Catholic college",
  "ground_truth": true,
  "internal_check": {
    "visual_entities": [
      "Berlin Wall",
      "Border barrier",
      "Wall",
      "Separation barrier",
      "Fall of the Berlin Wall",
      "Country",
      "Fence",
      "Smuggling",
      "Germany",
      "nature reserve"
    ],
    "image_evidences": [],
    "result": {
      "confidence_score": 7,
      "explanation": "The news caption mentions 'Rosary beads hang from the fence of Corpus Christi Catholic college'. The detected visual entities include 'Fence'. While we cannot confirm the presence of 'Rosary beads' or 'Corpus Christi Catholic college' from the provided visual entities alone, the presence of 'Fence' aligns with the caption. The presence of additional, non-related entities such as 'Berlin Wall' decreases the confidence.",
      "verdict": true
    }
  },
  "external_check": {
    "text_evidences": [],
    "result": null
  },
  "final_result": {
    "OOC": false,
    "confidence_score": 7,
    "explanation": "The internal check result indicates a 'True' verdict with a confidence score of 7. This suggests the caption aligns with the image content. Specifically, the presence of 'Fence' in the visual entities aligns with the caption description of rosary beads hanging from a fence. The internal check explanation also notes uncertainty regarding the presence of 'Rosary beads' and 'Corpus Christi Catholic college' based solely on the visual entities. The external check result is 'None,' meaning there's no external validation data available. Given the positive internal check and the absence of contradicting external evidence, the caption is not considered out of context. Therefore, the final verdict is 'False.'",
    "validation_summary": "Internal check suggests the caption is not out of context. External check has no data. Overall, the caption is deemed not OOC based on available information."
  },
  "inference_time": 3.8885443210601807
}