{
  "caption": "Bee Shaffer and Anna Wintour",
  "ground_truth": false,
  "internal_check": {
    "visual_entities": [
      "Fashion",
      "Fashion show",
      "Vogue",
      "70th Tony Awards",
      "Dress",
      "Fashion Designer",
      "Haute couture",
      "Actor",
      "Model",
      "Red carpet",
      "Anna Wintour",
      "Bee Shaffer",
      "Thalia",
      "gown"
    ],
    "image_evidences": [],
    "result": {
      "confidence_score": 10,
      "explanation": "The news caption mentions \"Bee Shaffer and Anna Wintour\". Both of these people are detected as visual entities. Therefore, the news caption accurately represents the visual content based on the detected visual entities.",
      "verdict": true
    }
  },
  "external_check": {
    "text_evidences": [],
    "result": null
  },
  "final_result": {
    "OOC": false,
    "confidence_score": 10,
    "explanation": "The internal check, which has a confidence score of 10, confirms that the news caption accurately represents the visual content because both Bee Shaffer and Anna Wintour are detected as visual entities. There is no external check result available to compare against. Given the high confidence score of the internal check and the absence of conflicting information, the caption is not out of context.",
    "validation_summary": "The internal check confirms the caption's accuracy. No external check was performed."
  },
  "inference_time": 2.9928996562957764
}