{
  "caption": "Sen Bernie Sanders DVT speaks during the 2016 Democratic National Convention",
  "ground_truth": false,
  "internal_check": {
    "visual_entities": [
      "Public speaking",
      "Speech",
      "Orator",
      "Pope",
      "Public",
      "Loudspeaker",
      "Marcus Antonius",
      "M-Audio BX5 D3 Studio Monitor",
      "public speaking"
    ],
    "image_evidences": [],
    "result": {
      "confidence_score": 8,
      "explanation": "The news caption mentions \"Sen Bernie Sanders DVT speaks during the 2016 Democratic National Convention\". The detected visual entities include 'Public speaking', 'Speech', and 'Orator', which are consistent with the action of speaking in the caption. The presence of 'Public' and 'Loudspeaker' also align with a convention setting where a speaker would address an audience. While the detected entities do not specifically identify Bernie Sanders, the presence of elements associated with public speaking and a convention supports the caption's claim.",
      "verdict": true
    }
  },
  "external_check": {
    "text_evidences": [
      {
        "title": "Republicans win Senate majority | AP News",
        "content": "Republicans win Senate majority | AP News",
        "caption": "FILE - Sen. Tammy Baldwin, D-Wis., speaks during the Democratic National Convention, Aug. 22, 2024, in Chicago. (AP Photo/Charles Rex Arbogast, File)",
        "domain": "apnews.com"
      },
      {
        "title": "Republicans win Senate majority | AP News",
        "content": "Republicans win Senate majority | AP News",
        "caption": "Sen. Bernie Sanders, I-Vt., speaks before President Joe Biden arrives to deliver remarks on lowering the cost of prescription drugs, at NHTI Concord Community College, Tuesday, Oct. 22, 2024, in Concord, N.H. (AP Photo/Manuel Balce Ceneta)",
        "domain": "apnews.com"
      }
    ],
    "result": {
      "verdict": true,
      "alignment_score": 85,
      "confidence_score": 8,
      "explanation": "The primary news image features Senator Bernie Sanders speaking at the 2016 Democratic National Convention (DNC), which is consistent with the context provided by the news caption. Key visual elements, such as Sanders' attire (dark suit and glasses), the podium, and the cheering crowd in the background, align closely with reference images from the same DNC event. The crowd's presence and the staging of the background reinforce the event's lively atmosphere, characteristic of political conventions. \n\nIn contrast, while the second image of a different individual (not Sanders) waving does not relate directly to the event described in the caption, the context of the DNC can still be inferred, as it shows another attendee at the same event. The third image features Sanders again, but in a different setting and attire, which may create a slight deviation in visual consistency. However, it can still be considered relevant.  \n\nNo obvious signs of digital manipulation are detected in the main news image; rather, lighting and camera angles seem appropriate for a professional setting such as a convention. Temporal indicators, like the political signs in the crowd and the traits typical of the 2016 DNC, match across images. \n\nWhile there are variations in pose, setting, and audience interaction between images, the overall representation of Sanders speaking at the 2016 DNC is consistent. Therefore, despite some differences, the core context of the news image remains aligned with its caption.",
      "key_observations": [
        "Main image shows Bernie Sanders speaking at the 2016 DNC, consistent with the news caption.",
        "Lighting and setting in the main image fit a convention environment.",
        "Surrounding crowd and podium visuals match the references from the DNC.",
        "The second image features a different individual at the DNC, which, while related, does not include Sanders.",
        "The third reference image of Sanders in a different setting shows visual differences but remains relevant contextually.",
        "No signs of digital manipulation in the main news image."
      ]
    }
  },
  "final_result": {
    "OOC": false,
    "confidence_score": 8,
    "explanation": "Both the internal and external checks confirm that the news caption accurately represents the image. The internal check's visual entity detection aligns with the action described in the caption, and the external check validates that the image features Bernie Sanders speaking at the 2016 Democratic National Convention. The alignment score of 85 from the external check indicates a strong match between the image and the caption. Given the consistency between both checks and the reasonable confidence scores, the caption is deemed not out of context.",
    "validation_summary": "Both internal and external checks confirm the caption's accuracy in representing the image of Bernie Sanders speaking at the 2016 Democratic National Convention."
  },
  "inference_time": 9.626972436904907
}