{
  "caption": "Credit Suisse agrees to plead guilty and pay 25bn over charges by US regulators that the bank helped its customers avoid paying US taxes",
  "ground_truth": false,
  "internal_check": {
    "visual_entities": [
      "Credit Suisse",
      "Bank",
      "Investment banking",
      "Credit",
      "Financial services",
      "Archegos Capital Management",
      "Finance",
      "Loan",
      "Credit score",
      "Private banking",
      "UBS",
      "Morgan Stanley",
      "banki shveitsariyi credit suisse"
    ],
    "image_evidences": [
      {
        "title": "'Misleading' marketing fines for Credit Suisse and Yorkshire BS - BBC News",
        "content": "",
        "caption": "Credit Suisse logo and Swiss flag",
        "domain": "www.bbc.com"
      },
      {
        "title": "Credit Suisse investigating two traders over misconduct - BBC News",
        "content": "",
        "caption": "Credit Suisse logo and Swiss flag",
        "domain": "www.bbc.com"
      },
      {
        "title": "Are Europe's banks being prosecuted - or persecuted? - BBC News",
        "content": "",
        "caption": "Credit Suisse logo and Swiss flag",
        "domain": "www.bbc.com"
      }
    ],
    "result": {
      "confidence_score": 10,
      "explanation": "The news caption discusses Credit Suisse pleading guilty to charges of helping US customers avoid taxes and paying a $2.6 billion fine. The provided image evidences consist of three entries, each showing the Credit Suisse logo and Swiss flag. The domains for these images are BBC News, a credible source. The images visually represent Credit Suisse, which is the central entity in the news caption. While the images don't provide specific details about the tax evasion case or the fine, they do corroborate the news caption by showing the logo of the involved bank. All the detected visual entities are related to the news content. Therefore, the images provide reasonable visual support for the news caption.",
      "verdict": true
    }
  },
  "external_check": {
    "text_evidences": [
      {
        "title": "Deutsche Bank fined $630m over Russia money laundering claims | Deutsche Bank | The Guardian",
        "content": "Deutsche Bank fined $630m over Russia money laundering claims ...",
        "caption": "Deutsche Bank has been fined after New York and UK authorities found pervasive weakness in its money laundering safeguards.",
        "domain": "www.theguardian.com"
      },
      {
        "title": "Deutsche Bank fined $630m over Russia money laundering claims | Deutsche Bank | The Guardian",
        "content": "Deutsche Bank fined $630m over Russia money laundering claims ...",
        "caption": "Deutsche Bank has been fined after New York and UK authorities found pervasive weakness in its money laundering safeguards.",
        "domain": "www.theguardian.com"
      }
    ],
    "result": {
      "verdict": false,
      "alignment_score": 25,
      "confidence_score": 7,
      "explanation": "The news image depicts the Credit Suisse building, showcasing its distinctive architecture and the Swiss flag. In contrast, the reference images feature Deutsche Bank, specifically statues representing historical figures that align with the bank's heritage. This fundamental divergence in subject matter highlights that the news image focuses on a different financial institution altogether than the ones depicted in the reference images. Although both sets of images depict financial institutions, the contextual specifics do not align, indicating a lack of visual coherence. Moreover, the environmental settings differ significantly; one displays an exterior view of Credit Suisse, while the others showcase a sculpture at Deutsche Bank, emphasizing yet another layer of dissimilarity in their contexts. Therefore, a reasonable viewer would conclude that the news image does not represent the same subject or event as those in the reference images.",
      "key_observations": [
        "Main subjects differ: Credit Suisse vs. Deutsche Bank.",
        "Distinct architectural feature in the news image opposite to the historical figures in reference images.",
        "Environmental context varies—one is a modern building; the others feature sculptures.",
        "Significant branding difference: Swiss flag vs. Deutsche Bank logo."
      ]
    }
  },
  "final_result": {
    "OOC": true,
    "confidence_score": 8,
    "explanation": "The internal check suggests the images reasonably support the news caption, with a high confidence score of 10, noting that the images show the Credit Suisse logo, which aligns with the caption's focus. However, the external check contradicts this, revealing that the news image depicts Credit Suisse while the reference images feature Deutsche Bank. This discrepancy leads to a low alignment score of 25 and a confidence score of 7. Given the conflicting results, we prioritize the external check because it directly compares the news image with reference images, revealing a mismatch in the banks depicted. The internal check only validates the presence of the Credit Suisse logo, which is less conclusive. Therefore, the caption is determined to be out of context as the image does not align with the expected visual representation based on the reference images.",
    "validation_summary": "Internal check supports the caption based on the Credit Suisse logo, but the external check reveals a mismatch with reference images of Deutsche Bank, indicating the caption is out of context. The external check is prioritized due to its direct comparison of image content."
  },
  "inference_time": 11.7655508518219
}