{
  "caption": "3 factchecks from FX s American Crime Story The People v O J Simpson",
  "ground_truth": true,
  "internal_check": {
    "visual_entities": [
      "Laughter",
      "Joke",
      "Humour",
      "Africa",
      "Smile",
      "Image",
      "Tribe",
      "Language",
      "Word",
      "Cartoon",
      "Taita language",
      "American Indian group",
      "2020",
      "african tribe laughing"
    ],
    "image_evidences": [
      {
        "title": "Relatively speaking: do our words influence how we think? | Education | The Guardian",
        "content": "",
        "caption": "The Namibian Himba people label colour according to only five categories. Photograph: Burger/Alamy",
        "domain": "www.theguardian.com"
      },
      {
        "title": "Josephine Livingstone | The Guardian",
        "content": "",
        "caption": "laughing young himba woman",
        "domain": "www.theguardian.com"
      }
    ],
    "result": {
      "confidence_score": 2,
      "explanation": "The news caption is about the O.J. Simpson case. The image evidences show people from the Himba tribe in Namibia. There is no connection between the images and the news story. Therefore, the images do not provide reasonable visual support for the news caption.",
      "verdict": false
    }
  },
  "external_check": {
    "text_evidences": [],
    "result": null
  },
  "final_result": {
    "OOC": true,
    "confidence_score": 9,
    "explanation": "The internal check reveals a clear disconnect: the news caption references the O.J. Simpson case, while the image evidences show people from the Himba tribe in Namibia. The internal check's verdict is 'False,' indicating the image does not support the caption. The confidence score is 2, indicating the certainty of the mismatch. The external check result is 'None', indicating a lack of external validation. Therefore, based on the available evidence from the internal check, the caption is out of context.",
    "validation_summary": "The internal check confirms that the news caption about the O.J. Simpson case does not match the image content, with a low confidence score of 2. The external check provided no additional information."
  },
  "inference_time": 3.6505939960479736
}