{
  "caption": "Gareth Bale big in Wales",
  "ground_truth": true,
  "internal_check": {
    "visual_entities": [
      "Gareth Bale",
      "Real Madrid CF",
      "Villarreal CF",
      "LaLiga",
      "Manchester United F.C.",
      "Tottenham Hotspur F.C.",
      "Wales national football team",
      "Goal",
      "Forward",
      "Cristiano Ronaldo",
      "Sergio Ramos",
      "bale debut real madrid"
    ],
    "image_evidences": [
      {
        "title": "Real Madrid's Gareth Bale scores on debut in draw with Villarreal | La Liga | The Guardian",
        "content": "",
        "caption": "Real Madrid's Gareth Bale celebrates after scoring against Villarreal on his debut in Spain. Photograph: Alberto Saiz/AP",
        "domain": "www.theguardian.com"
      },
      {
        "title": "Twitter: 11 things you could buy instead | X | The Guardian",
        "content": "",
        "caption": "Real Madrid's Gareth Bale celebrates after scoring against Villarreal on his debut in Spain. Photograph: Alberto Saiz/AP",
        "domain": "www.theguardian.com"
      }
    ],
    "result": {
      "confidence_score": 9,
      "explanation": "The news caption \"Gareth Bale big in Wales\" is supported by the provided image evidence. The images show Gareth Bale playing for Real Madrid, and the article mentions he is Welsh, implying his importance to Wales. The visual entities detected, such as \"Gareth Bale,\" \"Real Madrid CF,\" and \"Wales national football team,\" align with the caption and image content. The images from \"theguardian.com\" are credible sources. The article mentions Bale received votes in the Ballon d'Or selections, further indicating his prominence. The image depicts Bale celebrating a goal, reinforcing the idea of him being a significant figure.",
      "verdict": true
    }
  },
  "external_check": {
    "text_evidences": [
      {
        "title": "Wales back in the big time as Gareth Bale takes World Cup stage  talking points | The Independent",
        "content": "Wales back in the big time as Gareth Bale takes World Cup stage ...",
        "caption": "Wales captain Gareth Bale (centre) and teammates in training ahead of their World Cup opener against the United States on Monday (Mike Egerton/PA)",
        "domain": "www.independent.co.uk"
      }
    ],
    "result": {
      "verdict": false,
      "alignment_score": 40,
      "confidence_score": 7,
      "explanation": "The news image depicts Gareth Bale celebrating a goal while playing for Real Madrid, characterized by his signature gesture of making a heart shape with his hands. In contrast, the reference images show Bale during a practice session with the Welsh national team, wearing a red jersey instead of his club colors, and accompanied by a different set of teammates. The lighting in the news image suggests an evening or night game atmosphere, while the reference images appear to be taken in daylight, likely during training or preparation for a match in Wales. Thus, the contexts are not aligned; Bale is depicted in a club scenario rather than representing Wales. The temporal indicators also differ, as one image focuses on a match scenario and the other on practice. Although Gareth Bale remains a central figure in both images, the significant differences in setting, team affiliation, lighting conditions, and the nature of the scenes suggest a context misalignment with the news caption, resulting in a lower alignment score. Therefore, the news image does not accurately represent the intended context of Gareth Bale being 'big in Wales' as it showcases a club-centered moment.",
      "key_observations": "- News image features Bale celebrating a goal for Real Madrid; reference images show him with Welsh teammates in practice.\n- Differences in team colors and context (club vs. national).\n- Lighting is different: match evening vs. training daylight.\n- Spatial elements suggest different locations and levels of intensity (celebration vs. casual training).\n- The news image captures a specific dramatic moment; reference images are more subdued and do not evoke the same energy."
    }
  },
  "final_result": {
    "OOC": true,
    "confidence_score": 8,
    "explanation": "The internal check suggests the caption accurately represents the image, noting the image shows Gareth Bale and the article mentions his Welsh nationality. The external check, however, disputes this, observing the image depicts Bale playing for Real Madrid, not Wales, indicating a mismatch with the caption's implied context of 'big in Wales.' Although the internal check has a high confidence score (9) it focuses primarily on the presence of Bale and his Welsh nationality. The external check's alignment score of 40 and confidence score of 7 highlight the contextual discrepancy more directly. Since the caption specifically references Wales, and the image shows Bale playing for Real Madrid, the external check's assessment is prioritized. Therefore, the caption is deemed out of context.",
    "validation_summary": "Internal check supports the caption, while the external check identifies a contextual mismatch, as the image shows Bale playing for Real Madrid, not representing Wales."
  },
  "inference_time": 21.101967811584473
}