{
  "caption": "Extra officers were drafted in from Avon and Somerset and Thames Valley police forces",
  "ground_truth": false,
  "internal_check": {
    "visual_entities": [
      "River Ray Industrial Estate",
      "River Ray Industrial Estate",
      "Asphalt,M",
      "Facade",
      "Property",
      "Real Estate",
      "Building",
      "Brick",
      "Swindon",
      "facade"
    ],
    "image_evidences": [
      {
        "title": "Swindon illegal rave-raid police officers attacked - BBC News",
        "content": "",
        "caption": "Extra officers were drafted in from Avon and Somerset and Thames Valley police forces",
        "domain": "www.bbc.com"
      }
    ],
    "result": {
      "confidence_score": 9,
      "explanation": "The news caption states that extra officers were drafted in from Avon and Somerset and Thames Valley police forces in response to an illegal rave. The image evidence from BBC News corroborates this statement by including the same caption. The domain is a credible news source. The visual entities like 'River Ray Industrial Estate', 'Swindon', and 'Brick' align with the description of the location and the objects thrown at officers during the rave, as mentioned in the news content. The image supports the claim made in the news caption. There is no evidence of visual manipulation or repurposing.",
      "verdict": true
    }
  },
  "external_check": {
    "text_evidences": [
      {
        "title": "Nearly 400 registered sex offenders are reported as missing in the UK, police figures show | The Independent | The Independent",
        "content": "Nearly 400 registered sex offenders are reported as missing in the ...",
        "caption": "Police forces across the UK revealed how many registered sex offenders are missing",
        "domain": "www.independent.co.uk"
      },
      {
        "title": "Warrington taxis given bandages as part of knife crime campaign",
        "content": "Warrington taxis given bandages as part of knife crime campaign",
        "caption": "Alex Chivers, a retired firearms officer and veteran who founded the RAPAID charity in 2020",
        "domain": "www.bbc.com"
      }
    ],
    "result": {
      "verdict": false,
      "alignment_score": 30,
      "confidence_score": 6,
      "explanation": "The news image depicts an exterior view of a building with police tape, typically signifying an ongoing investigation or crime scene. In contrast, the reference images primarily focus on police personnel, either in action or engaged in community outreach. The main subjects differ significantly: the news image centers on a scene of potential criminal activity, while the reference images depict police officers in various contexts, notably without any direct connection to an active crime scene. \n\nAdditionally, the settings differ. The news image conveys a sense of urgency often associated with crime scenes indicated by the police tape, while the reference images illustrate police officers interacting with the community or during routine activities. There’s a clear divergence in action—the news image suggests an investigation, whereas the reference images reflect police work in more benign situations.  Temporal indicators are not consistent, as the actions and environments depicted differ greatly with the reference images focusing more on police presence rather than the context of the crime.\n\nThe overall visual composition also diverges, with varying perspectives and themes between the news image and the reference images.",
      "key_observations": [
        "News image shows a crime scene (police tape), emphasizing a law enforcement investigation.",
        "Reference images focus on police officers, either in routine duty or community engagement, lacking any crime scene context.",
        "Setting in the news image reflects urgency and potential criminal activity, contrasted with the more calm and cooperative scenarios in reference images.",
        "Visual styles and perspectives differ significantly; the news image suggests a static scene while the others capture active engagement.",
        "Temporal consistency is lacking as the news image implies a specific incident, while reference images do not indicate any similar timing or events."
      ]
    }
  },
  "final_result": {
    "OOC": false,
    "confidence_score": 8,
    "explanation": "The internal check, with a confidence score of 9, confirms that the news caption accurately represents the image by referencing the drafted officers from Avon and Somerset and Thames Valley police forces. The external check, despite a lower confidence score of 6 and an alignment score of 30, indicates that the news image depicts a crime scene while the reference images show police in different contexts. However, the internal check's higher confidence and direct corroboration between the caption and the news content and image, outweighs the concerns raised by the external check regarding context differences with reference images. Given the primary task is to verify if the caption accurately represents the image (internal check), and it does, the caption is not considered out of context. The external check's lower confidence score and focus on broader contextual differences with reference images do not negate the direct link between the caption and image content.",
    "validation_summary": "The internal check confirms the caption accurately reflects the image content, while the external check raises contextual concerns due to differences with reference images. The internal check's higher confidence prevails."
  },
  "inference_time": 10.88081693649292
}