{
  "caption": "Gordon Brown during a press conference at 10 Downing Street last week",
  "ground_truth": true,
  "internal_check": {
    "visual_entities": [
      "Gordon Brown",
      "United Kingdom",
      "Prime Minister of the United Kingdom",
      "Prime minister",
      "Minister",
      "Politics",
      "Conservative Party",
      "Cabinet",
      "David Cameron",
      "Boris Johnson",
      "person"
    ],
    "image_evidences": [
      {
        "title": "Gordon Brown: government's English nationalism could split the union | Gordon Brown | The Guardian",
        "content": "",
        "caption": "Gordon Brown at the Edinburgh book festival.",
        "domain": "www.theguardian.com"
      },
      {
        "title": "Gordon Brown urges EU states to unite against tax havens | Brexit | The Guardian",
        "content": "",
        "caption": "Gordon Brown will also call on the government to take stronger action against British overseas territories.",
        "domain": "www.theguardian.com"
      }
    ],
    "result": {
      "confidence_score": 8,
      "explanation": "The news caption describes Gordon Brown at a press conference at 10 Downing Street. Evidence 1 shows Gordon Brown at the Edinburgh book festival. Evidence 2 shows Gordon Brown urging EU states to unite against tax havens. Neither image directly depicts the scene described in the caption (a press conference at 10 Downing Street). However, both images do depict Gordon Brown, a central figure in the news article. They provide general visual support by showing him in different contexts, which aligns with the 'Gordon Brown' entity detected. The images originate from a credible news source, The Guardian. The article mentions various political entities, including the Conservative Party and David Cameron. However, none of these entities are visually confirmed in the provided images. While the images do not directly contradict the caption, they don't explicitly support it either, as they show different events. Given that the caption specifies a particular event (press conference at 10 Downing Street) and the images show different events featuring the same person, the visual support is weak but not entirely absent.",
      "verdict": false
    }
  },
  "external_check": {
    "text_evidences": [
      {
        "title": "In Britain, a desperate prime minister hangs on",
        "content": "In Britain, a desperate prime minister hangs on",
        "caption": "Britain's Prime Minister Gordon Brown leaves a press conferenceat10 Downing Street, his officialLondon resident on Friday. Brown averted the immediate danger of government collapse on Friday with a cabinet reshuffle that secured the loyalty of key ministers, but the political uncertainty weighed on sterling.",
        "domain": "www.nbcnews.com"
      }
    ],
    "result": {
      "verdict": false,
      "alignment_score": 35,
      "confidence_score": 7,
      "explanation": "The news image depicts Gordon Brown during a press conference, which is characterized by a formal setting, where he is speaking and engaging with an audience. This setting is marked by a specific backdrop, which tends to be less personal and more official. The news image shows Gordon in a frontal pose with a formal attire, matching what one would expect from a press conference. On the other hand, the reference image shows Gordon Brown walking away from the camera in a less formal environment, which appears more like a private space or waiting area rather than a public-facing press conference scenario. The key elements that raise concern include the posture of the subjects, the general ambiance, as well as the intended function of the locations depicted. Thus, although both images feature similar individuals, the essence and context implied by the caption don't align well with the visual content provided in the reference image.",
      "key_observations": "- The news image shows Gordon Brown engaged in a speech, highlighting a public and official demeanor during a press conference.\n- The reference image shows Brown walking away in a more private setting, lacking the formal context of a press conference.\n- Lighting conditions differ, with the news image likely having brighter, more focused lighting suited for public engagement, while the reference image appears dimmer and more subdued.\n- The overall ambiance is inconsistent; the news image suggests high engagement while the reference image displays more casual movement."
    }
  },
  "final_result": {
    "OOC": true,
    "confidence_score": 8,
    "explanation": "The internal check, with a confidence score of 8, indicates that the provided images do not accurately depict the specific scene described in the caption, which is 'Gordon Brown during a press conference at 10 Downing Street'. The images show Gordon Brown in different contexts, weakening visual support. The external check, with a confidence score of 7 and an alignment score of 35, reinforces this by noting discrepancies between the news image (described by the caption) and the reference image. The external check highlights differences in the setting, Brown's posture, and overall ambiance. Given the relatively similar confidence scores and the consistent negative findings from both checks, the caption appears to be out of context. Therefore, the final verdict is OOC=True.",
    "validation_summary": "Both internal and external checks suggest the caption is out of context as the image does not depict the specific event (press conference at 10 Downing Street). Internal check confidence: 8. External check confidence: 7, alignment score: 35."
  },
  "inference_time": 10.92091155052185
}