{
  "caption": "Water released from the Wivenhoe Dam into the Brisbane river",
  "ground_truth": false,
  "internal_check": {
    "visual_entities": [
      "Wivenhoe Dam",
      "Brisbane River",
      "Watercourse",
      "Water",
      "Brisbane",
      "Water resources",
      "Water level",
      "Dam",
      "Flood",
      "Floodplain",
      "River",
      "Image",
      "Queensland",
      "water resources"
    ],
    "image_evidences": [
      {
        "title": "Brisbane floods: the submerged city  in pictures | Australia news | The Guardian",
        "content": "",
        "caption": "Aerials Brisbane floods: Water is released from the Wivenhoe Dam into the Brisbane river",
        "domain": "www.theguardian.com"
      }
    ],
    "result": {
      "confidence_score": 10,
      "explanation": "The news caption states, \"Water released from the Wivenhoe Dam into the Brisbane river.\" The provided image evidence from The Guardian website shows an aerial view of the Brisbane floods with the caption \"Aerials Brisbane floods: Water is released from the Wivenhoe Dam into the Brisbane river\". This image directly supports the news caption by visually confirming the release of water from the Wivenhoe Dam into the Brisbane River. The detected visual entities, including 'Wivenhoe Dam', 'Brisbane River', and 'Water', are all present and accurately represented in the image evidence. The image's source, The Guardian, is a reputable news organization, adding to the credibility. There is a strong alignment between the news caption, the visual entities, and the image evidence, indicating a high level of support.",
      "verdict": true
    }
  },
  "external_check": {
    "text_evidences": [
      {
        "title": "Brisbane floods: the submerged city  in pictures | Australia news | The Guardian",
        "content": "Brisbane floods: the submerged city in pictures | Australia news ...",
        "caption": "Aerials Brisbane floods: Water is released from the Wivenhoe Dam into the Brisbane river",
        "domain": "www.theguardian.com"
      },
      {
        "title": "Queensland floods inquiry could prompt legal action | Australia news | The Guardian",
        "content": "Queensland floods inquiry could prompt legal action | Australia ...",
        "caption": "Water being released from the Wivenhoe dam into the Brisbane river, in Queensland, in January 2011. Photograph: Newspix/Rex Features",
        "domain": "www.theguardian.com"
      },
      {
        "title": "Brisbane's rapidly rising Wivenhoe Dam releases water amid south-east Queensland rain deluge - ABC News",
        "content": "Brisbane's rapidly rising Wivenhoe Dam releases water amid south ...",
        "caption": "Water being released from a full Wivenhoe Dam in 2015.",
        "domain": "www.abc.net.au"
      },
      {
        "title": "Water to be released from Wivenhoe Dam ahead of looming wet season - ABC News",
        "content": "Water to be released from Wivenhoe Dam ahead of looming wet season ...",
        "caption": "Water being relased from the dam. Photo taken from a helicopter. ",
        "domain": "www.abc.net.au"
      }
    ],
    "result": {
      "verdict": true,
      "alignment_score": 85,
      "confidence_score": 8,
      "explanation": "The analysis reveals that the news image matches well with the reference images, particularly in depicting the Wivenhoe Dam releasing water into the Brisbane River. Key visual elements such as the dam structure, the turbulent water flow, and the surrounding landscape are consistent across the images. The presence of brown, sediment-laden water appears in both the news and reference images, indicating runoff likely resulting from heavy rains.\n\nAll images reflect a similar geographical context, highlighting the dam and water flow, although viewing angles differ slightly. For example, some reference images showcase closer proximity to the dam itself while the news image provides a broader view of the water rushing downriver. The lighting indicates a daytime scenario, consistent with an active water release event.\n\nTemporal consistency is evident as all images share similar seasonal characteristics absent of snow or fall foliage, which aligns with typical Australian weather during the wet season. The lack of timestamps in the reference sets limits precise chronological validation; however, the context remains aligned with the caption. \n\nThere are no noticeable signs of digital manipulation in the news image; the natural flow of water appears unaltered and consistent with real-life conditions observed during events of significant water release. Overall, while individual visual elements may vary, the news image effectively represents the described event, supporting its authenticity in context.",
      "key_observations": [
        "The news image shows the Wivenhoe Dam releasing a significant amount of water, consistent with the caption.",
        "Visual elements such as the dam structure and turbulent water flow correspond with those in reference images.",
        "The water color and flow characteristics are consistent with those in the context of substantial rainfall, aligned with the caption's implications.",
        "Lighting conditions across images suggest a daytime scenario with no hints of digital alteration or manipulation detected."
      ]
    }
  },
  "final_result": {
    "OOC": false,
    "confidence_score": 9,
    "explanation": "Both the internal and external checks confirm that the news caption accurately represents the image. The internal check has a confidence score of 10, and the external check has a confidence score of 8. The internal check confirms a strong alignment between the caption, the visual elements (Wivenhoe Dam, Brisbane River, Water), and the image evidence, supporting the caption's accuracy. The external check finds that the image matches reference images, consistently depicting the Wivenhoe Dam releasing water into the Brisbane River, with similar visual elements and geographical context. Given the agreement and high confidence scores, the caption is considered to be in context.",
    "validation_summary": "Both internal and external validations confirm that the caption accurately represents the image of water being released from the Wivenhoe Dam into the Brisbane River."
  },
  "inference_time": 14.310618877410889
}