{
  "caption": "On the first day of his visit Pope Francis greeted the crowds from his popemobile on the way to the National Palace",
  "ground_truth": false,
  "internal_check": {
    "visual_entities": [
      "Crowd",
      "Pope",
      "United States",
      "Discrimination",
      "Latin America",
      "Rhetoric",
      "Dialogue",
      "Speech",
      "People",
      "Pope Francis in Mexico",
      "crowd"
    ],
    "image_evidences": [
      {
        "title": "Pope's focus on violence and poor likely to make for 'uncomfortable' Mexico visit | Pope Francis | The Guardian",
        "content": "",
        "caption": "A woman arrives with a statue of Virgin Mary at the Basilica of Our Lady of Guadalupe in Mexico City, one of most popular Marian shrines, the most visited church after St. Peters Basilica in Rome.",
        "domain": "www.theguardian.com"
      },
      {
        "title": "Pope Francis greets adoring crowds in Mexico before 'tough love' speech | Pope Francis | The Guardian",
        "content": "",
        "caption": "Pope Francis waves from the popemobile, along his route to the National Palace in Mexico City.",
        "domain": "www.theguardian.com"
      },
      {
        "title": "Pope Francis's visit to Mexico - in pictures | World news | The Guardian",
        "content": "",
        "caption": "After a stopover in Havana, Cuba for a brief meeting with Russian Orthodox Patriarch Kirill of Moscow, His Holiness Pope Francis arrived in Mexico City aboard an Alitalia Airbus A330-200All photographs: Enrique Perez Huerta",
        "domain": "www.theguardian.com"
      },
      {
        "title": "For US Latinos Pope Francis's visit could not have come at a better time | Julio Ricardo Varela | The Guardian",
        "content": "",
        "caption": "Maria Vasquez Guzman attends Mass at the Carmel Mission Basilica in Carmel, California.",
        "domain": "www.theguardian.com"
      },
      {
        "title": "Pope Francis's open-air Ecuador mass expected to draw 1.5 million followers | Pope Francis | The Guardian",
        "content": "",
        "caption": "Faithful wait for the arrival of Pope Francis to celebrate a mass at the Samanes Park in Guayaquil, Ecuador.",
        "domain": "www.theguardian.com"
      }
    ],
    "result": {
      "confidence_score": 9,
      "explanation": "The news caption states that Pope Francis greeted crowds from his popemobile on the way to the National Palace. Evidence 2, from The Guardian, shows Pope Francis waving from the popemobile along his route to the National Palace in Mexico City, which supports the caption. The domain 'www.theguardian.com' is a credible news source. The visual entities 'Pope', 'Crowd', 'Pope Francis in Mexico' are all detected and consistent with the news. The image context aligns with the caption's event. Thus, the image evidence reasonably aligns with the news caption.",
      "verdict": true
    }
  },
  "external_check": {
    "text_evidences": [
      {
        "title": "Pope Francis's visit to Mexico - in pictures | World news | The Guardian",
        "content": "Pope Francis's visit to Mexico - in pictures | World news | The ...",
        "caption": "Pope Francis greeted the crowds from his popemobile",
        "domain": "www.theguardian.com"
      },
      {
        "title": "Pope Francis arrives in Jordan with a message of peace - Los Angeles Times",
        "content": "Pope Francis arrives in Jordan with a message of peace - Los ...",
        "caption": "Pope Francis greets the crowd as he leaves a stadium Mass in Amman, Jordan, on the first day of a three-day visit to the Middle East.",
        "domain": "www.latimes.com"
      }
    ],
    "result": {
      "verdict": true,
      "alignment_score": 85,
      "confidence_score": 8,
      "explanation": "The news image of Pope Francis greeting crowds from his popemobile closely aligns with the context provided in the caption regarding his visit to the National Palace. The scene features a large crowd, the popemobile, and recognizable elements associated with such events. Comparison with reference images shows similar settings and crowd interactions, confirming the event's authenticity. While there are minor lighting and angle differences, they do not detract from the overall representation of the described event. The temporal consistency is evident, as all images appear to be during daytime in a vibrant outdoor setting, aligning with the likely timeframe of his visit. No significant manipulation signs were found, further supporting the authenticity of the image.",
      "key_observations": "- All images feature Pope Francis in a popemobile with a crowd present\n- Similar backgrounds and crowd behavior across reference images\n- No signs of digital manipulation detected\n- Minor differences in lighting and camera angles, but consistent overall context\n- Temporal consistency evident as all images depict daytime settings."
    }
  },
  "final_result": {
    "OOC": false,
    "confidence_score": 9,
    "explanation": "Both the internal and external checks indicate that the news caption accurately represents the image. The internal check has a confidence score of 9, and the external check has a confidence score of 8. The internal check confirms that the caption aligns with the news content, while the external check confirms the image's authenticity and alignment with the caption's context. Therefore, the caption is not out of context.",
    "validation_summary": "Both internal and external checks confirm that the caption accurately describes the image, indicating the caption is not out of context."
  },
  "inference_time": 9.777902126312256
}