{
  "caption": "Pope Francis greets people as he leaves after celebrating a Mass at the Cristo Redentor square in Santa Cruz Bolivia",
  "ground_truth": false,
  "internal_check": {
    "visual_entities": [
      "Crowd",
      "Burger King",
      "Altar",
      "Mass",
      "Recreation",
      "Thursday",
      "Hand",
      "Fan",
      "Science",
      "Chemistry",
      "crowd"
    ],
    "image_evidences": [],
    "result": {
      "confidence_score": 8,
      "explanation": "The caption mentions Pope Francis greeting people after celebrating Mass in Santa Cruz, Bolivia. The detected visual entities include 'Crowd' and 'Mass', which align with the caption's description of a gathering of people and a religious ceremony. The presence of 'crowd' supports the idea of people being greeted. The mention of Santa Cruz Bolivia is not directly verifiable from the visual entities alone, but the presence of 'Mass' provides a relevant context. Therefore, the caption aligns with the detected visual entities.",
      "verdict": true
    }
  },
  "external_check": {
    "text_evidences": [],
    "result": null
  },
  "final_result": {
    "OOC": false,
    "confidence_score": 8,
    "explanation": "The internal check result indicates that the caption aligns with the detected visual entities in the image. The caption describes Pope Francis greeting people after a Mass in Santa Cruz, Bolivia, and the internal check confirms the presence of a crowd and a religious ceremony ('Mass'). The internal check has a confidence score of 8. There is no external check provided. Thus, based on the available evidence, the caption is not out of context.",
    "validation_summary": "The internal check confirms the caption's accuracy with a confidence score of 8. No external check is available."
  },
  "inference_time": 3.6730329990386963
}