{
  "caption": "Morton manager Kenny Shiels says he is often caught out by journalists in postmatch interviews as he feels an urge to tell the truth",
  "ground_truth": true,
  "internal_check": {
    "visual_entities": [
      "Brian Smith",
      "Coach",
      "Athlete",
      "Super League",
      "Head coach",
      "European Super League",
      "Catalans Dragons",
      "Player",
      "Competition",
      "Football player",
      "Sports league",
      "Resignation",
      "Andrew Johns",
      "Greg Inglis",
      "person"
    ],
    "image_evidences": [],
    "result": {
      "confidence_score": 2,
      "explanation": "The news caption discusses Kenny Shiels as the manager of Morton, and his issues with post-match interviews. The detected visual entities include generic terms like 'Coach', 'Athlete', 'Player', and 'person' which do not provide specific context or details that can be directly linked to the news caption. There is no clear link between the detected entities and the content of the caption. The caption makes a specific claim about Kenny Shiels and post-match interviews. The detected entities do not provide enough specific information to verify or contradict this claim, therefore I have a very low confidence score and a negative verdict.",
      "verdict": false
    }
  },
  "external_check": {
    "text_evidences": [
      {
        "title": "Kenny Shiels gives up post-match interviews at Morton on doctor's orders | Morton | The Guardian",
        "content": "Kenny Shiels gives up post-match interviews at Morton on doctor's ...",
        "caption": "Morton manager Kenny Shiels says he is often caught out by journalists in post-match interviews as he 'feels an urge to tell the truth.' Photograph: Jeff Holmes/PA",
        "domain": "www.theguardian.com"
      },
      {
        "title": "Kenny Shiels gives up post-match interviews at Morton on doctor's orders | Morton | The Guardian",
        "content": "Kenny Shiels gives up post-match interviews at Morton on doctor's ...",
        "caption": "Morton manager Kenny Shiels says he is often caught out by journalists in post-match interviews as he 'feels an urge to tell the truth.' Photograph: Jeff Holmes/PA",
        "domain": "www.theguardian.com"
      },
      {
        "title": "Kenny Shiels gives up post-match interviews at Morton on doctor's orders | Morton | The Guardian",
        "content": "Kenny Shiels gives up post-match interviews at Morton on doctor's ...",
        "caption": "Morton manager Kenny Shiels says he is often caught out by journalists in post-match interviews as he 'feels an urge to tell the truth.' Photograph: Jeff Holmes/PA",
        "domain": "www.theguardian.com"
      },
      {
        "title": "Kenny Shiels gives up post-match interviews at Morton on doctor's orders | Morton | The Guardian",
        "content": "Kenny Shiels gives up post-match interviews at Morton on doctor's ...",
        "caption": "",
        "domain": "www.theguardian.com"
      },
      {
        "title": "Kenny Shiels gives up post-match interviews at Morton on doctor's orders | Morton | The Guardian",
        "content": "Kenny Shiels gives up post-match interviews at Morton on doctor's ...",
        "caption": "",
        "domain": "www.theguardian.com"
      }
    ],
    "result": {
      "verdict": false,
      "alignment_score": 25,
      "confidence_score": 4,
      "explanation": "The news image of Kenny Shiels depicts him in a blue sports jacket, likely on the sidelines or during a match, which aligns with the context of him as a football manager addressing journalists. However, the reference images retrieved from the web search focused on press conferences, capturing another individual expressing themselves with gestures and formal attire, which is distinct from Shiels' depicted setting. There is a notable visual difference that relates to context; while the news image represents an on-field scenario, the reference images concentrate on pressured discussions post-match, specifically within a press setup. This essential difference undermines the alignment, despite both being connected to journalism in sports reporting. Moreover, no manipulation signs are detected in the news image, but the visual composition, i.e., environment and subjects, drastically varies, impacting the overall contextual relevance. Therefore, although the method of 'truth-telling' may link these images contextually, their visual representation diverges significantly, leading to the potential no-representative conclusion for the news caption.",
      "key_observations": [
        "The news image shows Kenny Shiels, a football manager, while reference images focus on a different individual indicating a press conference setting.",
        "Different environments: news image appears stadium-like; reference images appear interior with a more formal context.",
        "Distinct visual presentation: Shiels in casual sportswear versus a speaker in formal attire (suit and tie).",
        "Temporal aspects are consistent but differ due to setting contexts, affecting alignment with caption expectations."
      ]
    }
  },
  "final_result": {
    "OOC": true,
    "confidence_score": 7,
    "explanation": "The internal check resulted in a negative verdict (False) due to the lack of specific links between the generic visual entities detected (coach, athlete, player, person) and the caption's claim about Kenny Shiels' post-match interview issues. The confidence score was low (2). The external check also resulted in a negative verdict (False) with a low alignment score of 25, indicating a mismatch between the news image (Shiels on the sidelines) and reference images (press conferences). While both contexts relate to journalism and sports reporting, the visual environments and subject attire differ significantly. The external check has a slightly higher confidence score (4) and a clearer explanation of the visual discrepancies. The internal check lacks concrete visual elements to relate to the caption. Prioritizing the external check, because it makes a more clear argument about the images, the news caption is judged to be out of context because the image depicts Kenny Shiels, whereas the caption is about his general feelings about post-match interviews with journalists, not necessarily anything happening in the picture. The confidence in this decision is moderate because while the external check provides good reasoning, the alignment score is low and the context is still somewhat related. Therefore, the 'OOC' is 'True'.",
    "validation_summary": "Both internal and external checks suggest the caption is potentially out of context, with the external check highlighting visual discrepancies between the news image and reference images of press conferences. While linked by the theme of sports journalism, there is a visual disconnect that affects alignment. The caption describes a state of being, while the image is of an event."
  },
  "inference_time": 11.392565727233887
}