{
  "caption": "Incantalupo in action for Brunswick Juventus circa 1985 He is described by the official club history as the product of ItaloAustralian soccer par excellence",
  "ground_truth": true,
  "internal_check": {
    "visual_entities": [
      "Team sport",
      "Player",
      "Competition",
      "Tournament",
      "Sports league",
      "Championship",
      "Football player",
      "Football in India",
      "Team",
      "Sports equipment",
      "player"
    ],
    "image_evidences": [
      {
        "title": "Football dreams: The league inspiring Indian sex workers' children - BBC News",
        "content": "",
        "caption": "Most boys of the Padatik Football League want to play for India",
        "domain": "www.bbc.com"
      }
    ],
    "result": {
      "confidence_score": 2,
      "explanation": "The news caption discusses Fabio Incantalupo playing for Brunswick Juventus around 1985. The provided image evidence shows a football league inspiring Indian sex workers' children, which is entirely unrelated to the news caption's content, the mentioned player, or the timeframe. Therefore, the image does not support the news caption.",
      "verdict": false
    }
  },
  "external_check": {
    "text_evidences": [
      {
        "title": "The forgotten story of  Brunswick Juventus 1985 NSL championship | Football | The Guardian",
        "content": "The forgotten story of  Brunswick Juventus' 1985 NSL championship ...",
        "caption": "Incantalupo in action for Brunswick Juventus, circa 1985. He is described by the official club history as the product of Italo-Australian soccer par excellence.",
        "domain": "www.theguardian.com"
      },
      {
        "title": "The forgotten story of  Brunswick Juventus 1985 NSL championship | Football | The Guardian",
        "content": "The forgotten story of  Brunswick Juventus' 1985 NSL championship ...",
        "caption": "Fabio Incantalupo holds the 1985 NSL championship trophy aloft at Olympic Park in Melbourne. Incantalupo scored the winning goal in both legs of the final against Sydney City as Brunswick Juventus won 2-0 on aggregate.",
        "domain": "www.theguardian.com"
      }
    ],
    "result": {
      "verdict": false,
      "alignment_score": 30,
      "confidence_score": 4,
      "explanation": "The news image depicts a contemporary soccer match with players in modern kits, while the reference images are from the 1980s, specifically highlighting Brunswick Juventus and showcasing players in historically accurate kits from that era. The contrast between the modern style of the news image and the vintage uniforms of the reference images raises significant concerns regarding temporal consistency. Additionally, the environment in the news image—appearing to be a less formal street or park setting—differs from the clearly defined soccer fields in the reference images. Overall, while the news image captures a soccer moment, the lack of alignment in visual elements and historical context weakens its validity as representative of Incantalupo in action for Brunswick Juventus circa 1985. Thus, it would be considered misleading in the context provided.",
      "key_observations": [
        "News image shows modern soccer players, whereas reference images depict players from the 1980s.",
        "Distinct differences in uniforms: modern kits versus historical striped uniforms.",
        "Setting appears less formal in the news image, contrasting with the clear soccer field context of the references.",
        "Temporal indicators like uniforms and environment strongly diverge, diminishing context alignment."
      ]
    }
  },
  "final_result": {
    "OOC": true,
    "confidence_score": 8,
    "explanation": "Both the internal and external checks indicate that the news caption is out of context with the image. The internal check has a confidence score of 2 and explicitly states the image is unrelated to the caption, mentioning a mismatch between the image content (a football league inspiring Indian sex workers' children) and the caption (Fabio Incantalupo playing for Brunswick Juventus in 1985). The external check, with a higher confidence score of 4, also concludes the caption is out of context because the news image shows modern soccer players, contrasting with the 1980s reference images. The alignment score is 30, indicating poor alignment. Given the consistent negative verdicts from both checks and a relatively higher confidence in the external check, the caption is determined to be out of context.",
    "validation_summary": "Both internal and external validations conclude the news caption is out of context with the image, citing mismatches in content, time period, and player/team representation."
  },
  "inference_time": 9.655550241470337
}