{
  "caption": "Palais elBadi in the medina is now home to the Museum for Photography and Visual Arts",
  "ground_truth": false,
  "internal_check": {
    "visual_entities": [
      "El Badii Palace",
      "Palais des Papes",
      "The Son of Joseph School",
      "Essaouira",
      "World Heritage Site",
      "Palace",
      "Medina quarter",
      "Archaeological site",
      "Stock photography",
      "Portrait",
      "Tourist attraction",
      "Avignon",
      "Marrakesh",
      "Morocco",
      "sky"
    ],
    "image_evidences": [
      {
        "title": "Marrakech's new arts scene in the funky old medina | Marrakech holidays | The Guardian",
        "content": "",
        "caption": "Palais el-Badi, in the medina, is now home to the Museum for Photography and Visual Arts.  Photograph: Jochen Schlenker//Robert Harding World Imagery/Corbis",
        "domain": "www.theguardian.com"
      }
    ],
    "result": {
      "confidence_score": 10,
      "explanation": "The news caption states that Palais el-Badi in the medina is now home to the Museum for Photography and Visual Arts. The provided image evidence from The Guardian directly supports this claim with an image of Palais el-Badi and a caption that explicitly mentions its role as the new home of the Museum for Photography and Visual Arts. The domain 'www.theguardian.com' is a reputable source, increasing the reliability of the image. The detected visual entities include 'El Badii Palace', 'Medina quarter', 'Marrakesh', and 'Morocco,' all aligning with the content and location described in the news caption. There are no apparent contradictions or manipulations. The image provides direct visual confirmation of the claim.",
      "verdict": true
    }
  },
  "external_check": {
    "text_evidences": [
      {
        "title": "Marrakech's new arts scene in the funky old medina | Marrakech holidays | The Guardian",
        "content": "Marrakech's new arts scene in the funky old medina | Marrakech ...",
        "caption": "Palais el-Badi, in the medina, is now home to the Museum for Photography and Visual Arts.  Photograph: Jochen Schlenker//Robert Harding World Imagery/Corbis",
        "domain": "www.theguardian.com"
      }
    ],
    "result": {
      "verdict": true,
      "alignment_score": 85,
      "confidence_score": 8,
      "explanation": "The news image and the reference images both depict Palais elBadi, characterized by its distinctive architecture and layout. Key visual elements such as the light tan color of the structure, the presence of birds atop the walls, and the surrounding greenery appear consistent across the images. Temporal consistency is also observed, as the lighting and sky conditions appear similar, suggesting the images may have been captured around the same time, likely during daylight under cloudy weather. The positioning and scale of the palace remain consistent in both images, confirming their alignment with the caption regarding the location and its purpose as a museum. Moreover, the details like the architectural features and wall patterns are visually consistent, reinforcing the idea that both the news and reference images represent the same context.",
      "key_observations": "- Both images depict the same structure, Palais elBadi, confirming visual consistency.\n- Similar architectural details, colors, and positioning indicate accurate representation.\n- Lighting is consistent, suggesting similar times of day.\n- Birds located on the walls are present in both images.\n- No significant signs of digital manipulation or alteration observed."
    }
  },
  "final_result": {
    "OOC": false,
    "confidence_score": 9,
    "explanation": "The internal check, with a confidence score of 10, confirms that the news caption accurately represents the image, stating that Palais el-Badi is now home to the Museum for Photography and Visual Arts. The external check, with a high alignment score of 85 and a confidence score of 8, supports this by verifying that the image aligns with reference images of Palais el-Badi. Both checks independently validate the caption's accuracy in representing the image. Therefore, the caption is not out of context.",
    "validation_summary": "Both internal and external checks confirm the caption's accuracy in representing the image of Palais el-Badi as the location of the Museum for Photography and Visual Arts."
  },
  "inference_time": 9.20372223854065
}