{
  "caption": "Nicola Burcham left Learning Partnership West in May 2015",
  "ground_truth": true,
  "internal_check": {
    "visual_entities": [
      "Julie Harrington",
      "Horse racing",
      "Racing",
      "British Horseracing Authority",
      "Horse",
      "Race track",
      "Bury & Hilton",
      "The Blood-Horse",
      "Business",
      "Chief Executive Officer",
      "Entrepreneur",
      "Business executive",
      "Debt",
      "businessperson"
    ],
    "image_evidences": [],
    "result": {
      "confidence_score": 1,
      "explanation": "The news caption refers to Nicola Burcham and Learning Partnership West. The detected visual entities include terms related to business and people but do not directly correspond to the specific names or organizations mentioned in the caption. Therefore, without a clear link between the detected entities and the caption's content, it's not possible to confirm the caption's accuracy based solely on the detected visual entities. The detected entities are generic business terms and do not provide specific information about the individuals or organizations mentioned in the caption.",
      "verdict": false
    }
  },
  "external_check": {
    "text_evidences": [
      {
        "title": "Learning Partnership West: Boss left after 'bullying claims' - BBC ...",
        "content": "Learning Partnership West: Boss left after 'bullying claims' - BBC ...",
        "caption": "",
        "domain": "www.bbc.com"
      },
      {
        "title": "Learning Partnership West: Boss left after 'bullying claims' - BBC ...",
        "content": "Learning Partnership West: Boss left after 'bullying claims' - BBC ...",
        "caption": "",
        "domain": "www.bbc.com"
      },
      {
        "title": "Learning Partnership West: Boss left after 'bullying claims' - BBC ...",
        "content": "Learning Partnership West: Boss left after 'bullying claims' - BBC ...",
        "caption": "",
        "domain": "www.bbc.com"
      },
      {
        "title": "Learning Partnership West: Boss left after 'bullying claims' - BBC ...",
        "content": "Learning Partnership West: Boss left after 'bullying claims' - BBC ...",
        "caption": "",
        "domain": "www.bbc.com"
      },
      {
        "title": "Learning Partnership West: Boss left after 'bullying claims' - BBC ...",
        "content": "Learning Partnership West: Boss left after 'bullying claims' - BBC ...",
        "caption": "",
        "domain": "www.bbc.com"
      }
    ],
    "result": {
      "verdict": false,
      "alignment_score": 20,
      "confidence_score": 8,
      "explanation": "The news image features a woman with dark hair in a professional setting, while reference images predominantly show a blonde woman with glasses in a different context, suggesting that the news image does not relate to the caption about Nicola Burcham. Key visual elements like hair color and attire significantly differ, indicating a mismatch. Additionally, the background and setting in the reference images indicate an office or workspace, contrasting with the more vibrant, open space depicted in the news image. Lighting in the news image appears well-lit and modern, while the reference images present a more subdued and older ambiance. Temporal consistency raises further concern as the facial features of the individuals do not match, undermining the context of the event mentioned in the caption.",
      "key_observations": [
        "News image features a woman with dark hair; reference images feature a blonde woman.",
        "Setting in news image is bright and different from office environment in references.",
        "Lighting conditions in the news image are modern, contrasting with older reference images.",
        "Facial characteristics and attire between the individuals are mismatched.",
        "Overall, the news image does not contextually correspond to the description provided in the caption."
      ]
    }
  },
  "final_result": {
    "OOC": true,
    "confidence_score": 8,
    "explanation": "The internal check, with a confidence score of 1, indicates a lack of direct correspondence between the visual entities and the news caption, deeming it unverifiable. Conversely, the external check, boasting a confidence score of 8 and an alignment score of 20, explicitly states the news image does not contextually align with the caption about Nicola Burcham due to mismatched visual elements (hair color, setting, attire, and facial features). Given the higher confidence and explicit mismatch identified by the external check, the caption is determined to be out of context. The external check's detailed observations regarding dissimilar features between the news image and reference images provide compelling evidence supporting this conclusion. The low alignment score further emphasizes the disparity.",
    "validation_summary": "The external check, with higher confidence, confirms the news image does not relate to the caption due to mismatched visual features, leading to the determination that the caption is out of context."
  },
  "inference_time": 12.364599466323853
}