{
  "caption": "Amanda Knox in the backyard of her mother s house in Seattle on Friday",
  "ground_truth": false,
  "internal_check": {
    "visual_entities": [
      "murder of Meredith Kercher",
      "Supreme court",
      "Acquittal",
      "Court",
      "Stabbing",
      "Jury",
      "Manslaughter",
      "Conviction",
      "Sentence",
      "Amanda Knox",
      "Amanda Knox",
      "Raffaele Sollecito",
      "Meredith Kercher",
      "Rudy Hermann Guede",
      "girl"
    ],
    "image_evidences": [
      {
        "title": "",
        "content": "",
        "caption": "Amanda Knox talks on a phone in the backyard of her mother's Seattle house March 27, 2015. Italy's highest court overturned her murder conviction in the 2007 stabbing death of her British roommate.",
        "domain": "www.usatoday.com"
      }
    ],
    "result": {
      "confidence_score": 10,
      "explanation": "The news caption states, \"Amanda Knox in the backyard of her mother's house in Seattle on Friday\". The image evidence shows Amanda Knox talking on a phone in the backyard of her mother's Seattle house. The image caption also mentions the location as her mother's Seattle house. Thus, the image evidence is consistent with the news caption. The domain 'www.usatoday.com' is a credible news source.",
      "verdict": true
    }
  },
  "external_check": {
    "text_evidences": [
      {
        "title": "Amanda Knox acquittal greeted with cheers and fireworks in West Seattle | Amanda Knox | The Guardian",
        "content": "Amanda Knox acquittal greeted with cheers and fireworks in West ...",
        "caption": "Amanda Knox in the backyard of her mothers house in Seattle on Friday.",
        "domain": "www.theguardian.com"
      },
      {
        "title": "Italy's top court overturns Amanda Knox conviction",
        "content": "635630801348166873-AP-Italy- ...",
        "caption": "Amanda Knox talks on a phone in the backyard of her mother's Seattle house March 27, 2015. Italy's highest court overturned her murder conviction in the 2007 stabbing death of her British roommate.",
        "domain": "www.usatoday.com"
      }
    ],
    "result": {
      "verdict": true,
      "alignment_score": 85,
      "confidence_score": 9,
      "explanation": "The news image features Amanda Knox in what appears to be a home environment, likely indicating her mother's house, as referenced in the caption. Comparing the facial expressions and body language, the subject seems distressed or contemplative, which is consistent with the emotional context implied in the caption. The use of green foliage in the foreground also suggests a natural setting, possibly confirming that the image is taken outdoors within the vicinity of the house. The lighting conditions appear to be similar in both the news image and the reference images, indicating both are potentially taken on the same day or under similar weather conditions. However, specific details like background objects or the positioning of the subject relative to surrounding elements could present slight variations between the images. Despite these minor differences, the overall context and representation of Amanda Knox align well with the caption’s intent, thus maintaining the image's authenticity as it captures the essence of the moment described.",
      "key_observations": "- The subject (Amanda Knox) is positioned similarly in the news image and reference images.\n- Lighting appears consistent, suggesting similar times of day.\n- Background elements, while not fully visible, imply a residential setting consistent with the caption.\n- The emotional context (distress) is visually represented in all images.\n- Minor variations in background details do not alter the core message of the image."
    }
  },
  "final_result": {
    "OOC": false,
    "confidence_score": 9,
    "explanation": "Both the internal and external checks indicate that the news caption accurately represents the image. The internal check has a confidence score of 10 and confirms that the image shows Amanda Knox in the backyard of her mother's house in Seattle, consistent with the caption. The external check has a confidence score of 9 and an alignment score of 85, supporting the accuracy of the caption's description of the image's setting and subject. Because both checks align and have high confidence scores, I conclude that the caption is not out of context.",
    "validation_summary": "Both internal and external checks confirm the caption's accuracy, showing Amanda Knox at her mother's house in Seattle."
  },
  "inference_time": 12.884417295455933
}