{
  "caption": "The former Labour minister Barbara Castle died in 2002",
  "ground_truth": false,
  "internal_check": {
    "visual_entities": [
      "Barbara Castle",
      "Labour Party",
      "Labour Party",
      "Monochrome / M",
      "Media",
      "Human behavior",
      "Labor history",
      "John Smith",
      "Bryan Gould",
      "Margaret Beckett",
      "monochrome photography"
    ],
    "image_evidences": [],
    "result": {
      "confidence_score": 8,
      "explanation": "The news caption mentions 'The former Labour minister Barbara Castle died in 2002', and the detected visual entities include 'Barbara Castle', 'Labour Party', and 'Labor history'. The caption's statement about Barbara Castle is supported by the presence of her name in the detected entities, along with entities related to the Labour Party, which aligns with her political career. Therefore, the caption accurately represents the visual content based on the detected visual entities.",
      "verdict": true
    }
  },
  "external_check": {
    "text_evidences": [
      {
        "title": "Barbara Castle urges junior doctors to end strike | Doctors | The Guardian",
        "content": "Barbara Castle urges junior doctors to end strike | Doctors | The ...",
        "caption": "The former Labour minister Barbara Castle died in 2002.",
        "domain": "www.theguardian.com"
      }
    ],
    "result": {
      "verdict": true,
      "alignment_score": 95,
      "confidence_score": 9,
      "explanation": "The main news image reflects a strong visual consistency with reference images obtained from the web search related to Barbara Castle. Both images capture the same moment of Castle passionately speaking, characterized by her furrowed brows and raised fist. The background is indistinct but appears consistent in texture across both images, suggesting a similar setting. The lighting is consistent, indicating the same time of day and ambiance. The facial expression and gestures in the main image align well with known reference images, reinforcing the context of Castle's dynamic public speaking style. While the slight differences in the sharpness and quality of the images exist, they do not undermine the overall representation of Barbara Castle as presented in the caption. Therefore, the news image is deemed to accurately represent what should be expected based on the caption, evoking the historical context of Castle's political career. Despite minor discrepancies, such as resolution differences, these do not distract from the overall alignment.",
      "key_observations": [
        "Both images prominently feature Barbara Castle in a similar dynamic pose, emphasizing her expressive gesture.",
        "The setting and background texture appear consistent in both images, suggesting a congruous environment.",
        "Lighting conditions are alike, implying they were taken in similar contexts.",
        "The slight differences in resolution and crispness do not affect the recognizability or context of the subject.",
        "The facial expression and body language in both images convey the same emotional intensity, affirming their representational consistency."
      ]
    }
  },
  "final_result": {
    "OOC": false,
    "confidence_score": 9,
    "explanation": "The internal check has a confidence score of 8 and the external check has a confidence score of 9. Both checks return a verdict of True, indicating that the caption accurately represents the image. The external check's alignment score is 95, further supporting this conclusion. The explanation provided by the external check clearly details the visual consistency between the news image and reference images of Barbara Castle. Therefore, the caption is not out of context.",
    "validation_summary": "Both internal and external checks confirm that the caption accurately represents the image, with a high alignment score from the external check."
  },
  "inference_time": 9.655461311340332
}