{
  "caption": "Presidential Candidate Donald Trump tosses an object into the crowd during his campaign appearance in Melbourne",
  "ground_truth": false,
  "internal_check": {
    "visual_entities": [
      "Product",
      ""
    ],
    "image_evidences": [],
    "result": {
      "confidence_score": 6,
      "explanation": "The caption states that Donald Trump tossed an object into the crowd. However, the detected visual entities only include 'Product' and an empty string, which doesn't provide concrete evidence to support or refute the action of tossing an object. The absence of entities like 'Donald Trump', 'crowd', or a specific identifiable 'object' reduces the confidence in confirming the caption's accuracy based solely on the detected visual entities. Therefore, without more specific visual information, it is difficult to ascertain if the caption accurately represents the image's content.",
      "verdict": false
    }
  },
  "external_check": {
    "text_evidences": [
      {
        "title": "Nov. 8, 2022 US election coverage | CNN Politics",
        "content": "Nov. 8, 2022 US election coverage | CNN Politics",
        "caption": "(Charles Krupa/AP)",
        "domain": "www.cnn.com"
      },
      {
        "title": "Nov. 8, 2022 US election coverage | CNN Politics",
        "content": "Nov. 8, 2022 US election coverage | CNN Politics",
        "caption": "(Charles Krupa/AP)",
        "domain": "www.cnn.com"
      }
    ],
    "result": {
      "verdict": false,
      "alignment_score": 35,
      "confidence_score": 4,
      "explanation": "The news image features Donald Trump at a campaign event, engaging with a crowd by presumably tossing an object. It is characterized by a large number of campaign signs and supporters in a dynamic setting typical of rallies. In contrast, the reference images depict different individuals at separate events, none of which feature Trump or a similar setting. The lighting in the news image is bright and vibrant, indicative of a lively outdoor environment, whereas the reference images appear to be indoors with more subdued lighting. The spatial relationships in the news image suggest a crowd focused on Trump, while the reference images show different subjects in separate contexts, with no direct visual connection to the news event. Additionally, the presence of a significant array of Trump-centric signs supports the idea of a specific campaign rally, which does not align with the context of the reference images. Overall, the significant visual differences indicate that the news image does not represent the same event or context as the references, making it potentially misleading.",
      "key_observations": "- News image: Donald Trump at a vibrant campaign rally with many political signs \n- Reference images: Different candidates (not Trump) at presumably distinct campaign settings\n- Lighting differences: News image bright and lively; reference images are dimmer and indoor \n- Context discrepancy: Crowd dynamics and political messaging mismatched - crowd focused on Trump vs different subjects with no Trump-centric context \n- Temporal and spatial elements are different, suggesting separate events altogether."
    }
  },
  "final_result": {
    "OOC": true,
    "confidence_score": 7,
    "explanation": "Both the internal and external checks suggest the caption may be out of context. The internal check, with a confidence score of 6, indicates that the detected visual entities don't definitively support the caption's claim that Trump tossed an object. The external check, although having a lower confidence score of 4, further reinforces this by showing a mismatch between the news image and reference images, indicating a potentially misleading context. While the confidence scores aren't overwhelmingly high, the agreement between both checks leads to the conclusion that the caption is likely out of context. The limitations include the lack of specific visual entities confirming Trump's action in the internal check and the potential subjectivity in comparing image contexts in the external check. Given the available evidence and the agreement between the two checks, the caption is deemed out of context.",
    "validation_summary": "Both internal and external checks suggest the caption is out of context, as the internal check lacks visual confirmation of Trump tossing an object, and the external check reveals contextual discrepancies with reference images."
  },
  "inference_time": 12.090450763702393
}