{
  "caption": "Phil Mickelson walks to the 17th green in the final round of the 2015 US Open golf tournament at Chambers Bay",
  "ground_truth": true,
  "internal_check": {
    "visual_entities": [
      "Facial hair",
      "Golf",
      "Headgear",
      "Match play",
      "Recreation",
      "Hair",
      "Capital asset pricing model",
      "Face",
      "Golfer",
      "Professional golfer",
      "cap"
    ],
    "image_evidences": [],
    "result": {
      "confidence_score": 9,
      "explanation": "The news caption mentions 'Phil Mickelson', 'walks', 'green', 'golf tournament', and 'Chambers Bay'. The detected visual entities include 'Golfer', 'Golf', 'Professional golfer', 'Recreation', 'Facial hair', 'Hair', 'Headgear', 'Face', and 'cap'. The presence of 'Golfer', 'Golf', 'Recreation', 'Facial hair', 'Hair', 'Headgear', 'Face', and 'cap' strongly suggests the scene aligns with a golf setting and a golfer. The caption specifies Phil Mickelson and Chambers Bay, which cannot be confirmed or denied based solely on the provided detected visual entities. However, the overall context of the visual entities strongly supports the caption. The caption describes the final round of the 2015 US Open golf tournament which is consistent with a 'Professional golfer' visual entity. There are no directly contradictory elements detected.",
      "verdict": true
    }
  },
  "external_check": {
    "text_evidences": [
      {
        "title": "Horschel unloads on USGA for condition of Chambers Bay  San Diego Union-Tribune",
        "content": "Horschel unloads on USGA for condition of Chambers Bay  San Diego ...",
        "caption": "Phil Mickelson walks to 18th green during the final round of the U.S. Open golf tournament at Chambers Bay on Sunday, June 21, 2015 in University Place, Wash. (AP Photo/Matt York)",
        "domain": "www.sandiegouniontribune.com"
      },
      {
        "title": "Photos:: U.S. Open at Chambers Bay Golf Course - Los Angeles Times",
        "content": "Photos:: U.S. Open at Chambers Bay Golf Course - Los Angeles Times",
        "caption": "Rory McIlroy watches his tee shot on the third hole during the final round of the U.S. Open at Chambers Bay Golf Course in University Place, Wash., on June 21, 2015.",
        "domain": "www.latimes.com"
      }
    ],
    "result": {
      "verdict": false,
      "alignment_score": 35,
      "confidence_score": 7,
      "explanation": "The news image depicts Phil Mickelson from a side profile, whereas the reference images present him walking towards the 17th green during the final round of the 2015 US Open golf tournament at Chambers Bay, showing him from behind and in a broader context of the golf course with crowds visible. The lighting in the news image appears to be dimmer compared to the bright conditions of the reference images, indicative of a different time of day or weather conditions. In the news image, Mickelson is in a gray outfit with a black visor, which aligns with the clothing details seen in the reference images where he wears a black outfit. However, the absence of the 17th green and crowds in the news image detracts from the contextual integrity of the event. While certain elements like attire are consistent, the overall scene and setting demonstrate significant visual discrepancies. The composition does not accurately represent the event context as described in the news caption.",
      "key_observations": "- News image shows Phil Mickelson in a gray outfit and black visor.\n- Reference images depict Mickelson in a black outfit walking towards the 17th green.\n- Significant difference in lighting conditions between the images; news image appears dimmer.\n- The news image lacks surrounding elements like the golf course and crowd present in reference images.\n- Overall, the core context and scene represented differ substantially."
    }
  },
  "final_result": {
    "OOC": true,
    "confidence_score": 8,
    "explanation": "The internal check suggests the caption aligns with the image content (confidence score 9), as the detected visual entities like 'Golfer', 'Golf', and 'Recreation' support a golf setting. However, the external check indicates discrepancies (confidence score 7, alignment score 35). The external check reveals the news image doesn't fully represent the described scene of Phil Mickelson on the 17th green during the final round of the 2015 US Open at Chambers Bay. While the attire matches, the absence of the green and surrounding context lowers the alignment. Given the contradicting results and prioritizing external check due to its explicit analysis of scene context against reference images, the caption is considered out of context.",
    "validation_summary": "Internal check supports the caption, but external check identifies significant discrepancies in scene context, leading to an out-of-context determination."
  },
  "inference_time": 10.89942479133606
}