{
  "caption": "For the first time in more than four decades more Mexican immigrants are returning to their home country than coming to the United States according to a report released Thursday",
  "ground_truth": false,
  "internal_check": {
    "visual_entities": [
      "United States",
      "Border crossing",
      "Mexico",
      "Immigration",
      "Border",
      "Mexicans",
      "U.S. Customs and Border Protection",
      "Border control",
      "Nation",
      "facade"
    ],
    "image_evidences": [],
    "result": {
      "confidence_score": 9,
      "explanation": "The news caption states that more Mexican immigrants are returning to their home country than coming to the United States. The detected visual entities support this as they include 'Mexico', 'United States', 'Immigration', 'Border crossing', 'Mexicans', 'Border', 'Border control' and 'U.S. Customs and Border Protection', suggesting a visual representation of the movement of people between the two countries, and concepts related to immigration. The caption aligns with the detected visual elements, supporting the claim. The 'Nation' and 'facade' tags are more generic but do not contradict the caption.",
      "verdict": true
    }
  },
  "external_check": {
    "text_evidences": [
      {
        "title": "US immigration and crime questions, answered by criminologists | CNN",
        "content": "US immigration and crime questions, answered by criminologists | CNN",
        "caption": "John Moore/Getty Images",
        "domain": "www.cnn.com"
      }
    ],
    "result": {
      "verdict": false,
      "alignment_score": 35,
      "confidence_score": 7,
      "explanation": "The news image portrays a person standing in front of gates with the sign 'MEXICO,' indicative of a border checkpoint. This setting suggests a specific context related to border entry. The reference images, however, depict groups of people walking towards the border fence, emphasizing migration or border crossing events. The significant differences in setting (individual at a checkpoint vs. groups approaching the fence) and the focus on an individual action versus a broader migration scene suggest that the news image does not align closely with the overarching context displayed in the reference images. Additionally, the news image appears to capture a specific, isolated moment while the reference images indicate ongoing movement and larger gatherings, which could be indicative of a significant event like a surge in migration rather than an isolated individual at the border. These factors contribute to the decision of non-alignment in subject matter and context.",
      "key_observations": [
        "News image focuses on a singular individual at a border checkpoint, possibly depicting an entry point into Mexico.",
        "Reference images show multiple individuals walking towards a border fence, indicative of migration.",
        "The news image suggests a more static situation in contrast to the dynamic scenarios of the reference images.",
        "Visual styles differ: the news image is a close-up of an individual, while reference images show broader scenes of groups.",
        "The temporal context varies, with reference images potentially representing a more recent migration trend, while the news image appears more static."
      ]
    }
  },
  "final_result": {
    "OOC": true,
    "confidence_score": 7,
    "explanation": "The internal check suggests the caption aligns with the image content, indicating a movement of people between Mexico and the United States. However, the external check, while having a lower confidence score, reveals a discrepancy between the news image (an individual at a border checkpoint) and reference images showing groups migrating towards the border fence. Prioritizing the external check due to the clear difference in visual context and the static vs. dynamic representation, the caption is deemed out of context. The external check's 'alignment_score' of 35 further supports this conclusion. The significant differences in setting and the focus on an individual action versus a broader migration scene suggest the news image does not align closely with the broader context displayed in the reference images, which raises a red flag. Therefore, despite the internal check's positive assessment, the substantial misalignment highlighted by the external check leads to the conclusion that the caption is out of context.",
    "validation_summary": "Internal check says caption aligns with image content. External check reveals a visual context mismatch; individual at checkpoint vs. groups migrating. The caption is determined to be out of context."
  },
  "inference_time": 11.578901529312134
}