{
  "caption": "Adam Scott recovered his game after a difficult day one at the Australian Open",
  "ground_truth": true,
  "internal_check": {
    "visual_entities": [
      "Match play",
      "Golf",
      "Four-ball golf",
      "Individual sport",
      "Golf Club",
      "Leisure",
      "Tournament",
      "Outdoor recreation",
      "Recreation",
      "Individual",
      "Sports",
      "Professional golfer",
      "golfer"
    ],
    "image_evidences": [],
    "result": {
      "confidence_score": 8,
      "explanation": "The news caption states that Adam Scott recovered his game after a difficult day one at the Australian Open. The detected visual entities include 'Golf', 'Tournament', 'Professional golfer', and 'golfer'. The caption's reference to a golf tournament and a golfer (Adam Scott) aligns with these detected entities. The news content further elaborates on Adam Scott's performance in the Australian Open, confirming the context. Therefore, the caption accurately represents the visual content based on the detected entities.",
      "verdict": true
    }
  },
  "external_check": {
    "text_evidences": [
      {
        "title": "Adam Scott confirms his entries for the Australian PGA Championship and Australian Open - ABC News",
        "content": "Adam Scott confirms his entries for the Australian PGA ...",
        "caption": "Golfer Adam Scott stands looking down the fairway with his caddie holding his set of clubs during a tournament.",
        "domain": "www.abc.net.au"
      },
      {
        "title": "Tiger Woods: Tearful 15-time major winner serenaded by St. Andrews crowd after difficult Open | CNN",
        "content": "Tiger Woods: Tearful 15-time major winner serenaded by St. Andrews ...",
        "caption": "Richard Heathcote/R&A/Getty Images",
        "domain": "www.cnn.com"
      },
      {
        "title": "Tiger Woods: Tearful 15-time major winner serenaded by St. Andrews crowd after difficult Open | CNN",
        "content": "Tiger Woods: Tearful 15-time major winner serenaded by St. Andrews ...",
        "caption": "Jane Barlow/PA Images/Getty Images",
        "domain": "www.cnn.com"
      }
    ],
    "result": {
      "verdict": false,
      "alignment_score": 45,
      "confidence_score": 6,
      "explanation": "The analysis was conducted to determine the visual consistency and contextual relevance of the news image featuring Adam Scott against reference images associated with the caption about his performance at the Australian Open.\n\n1. **Visual Elements**: The news image shows Adam Scott in a golf setting, gesturing with his hand while wearing a golf shirt. In contrast, reference images depict various golfers in different contexts, including images of Tiger Woods and other players at golf events. However, none of the reference images specifically features Adam Scott in the context of the Australian Open, creating a gap in direct visual correlation.\n\n2. **Temporal Consistency**: The news image portrays a bright day, with warm lighting suggesting a sunny environment. Reference images present a mix of lighting conditions, some during sunny days as well and others indicating overcast settings. While sunny conditions are not inconsistent, the absence of direct correlating imagery from the Australian Open diminishes confidence in the event-specific context.\n\n3. **Spatial Relationships**: Positions of the golfers and their entourages in the reference images vary widely, with settings that include spectators and caddies. This contrasts with the singular focus on Adam Scott in the news image, leading to an inconclusive spatial relationship regarding the audience dynamics of a professional golf tournament.\n\n4. **Lighting and Camera Angles**: The lighting in the main image is consistent with a sunny day, while various reference images provide a broader range of lighting scenarios. There doesn't seem to be any significant manipulation in the news image; however, the contextual discrepancy is significant.\n\n5. **Representation of the Caption**: While the news image features Adam Scott and pertains to a golf context, the absence of imagery directly reflecting his participation in the Australian Open—specifically from this particular event—renders it misleading regarding the specific details of the situation described by the caption. Additionally, none of the reference images confirmed a moment of 'recovery' or improvement in Scott’s performance from a prior tough day, as asserted in the caption.\n\nIn summary, while the news image captures a familiar golfing context, its lack of specific connections to the Australian Open or Adam Scott's individual performance in that event leads to a conclusion that it does not align well with the intended context of the caption.",
      "key_observations": [
        "The news image features Adam Scott gesturing in golf attire, while reference images include different golfers in various contexts, lacking direct correlation to the Australian Open.",
        "Lighting in the news image is bright and sunny, while reference images present diverse lighting conditions both sunny and overcast.",
        "Spatial dynamics are inconsistent between the news image focusing solely on Adam Scott and reference images showing multiple golfers with their entourages and audience.",
        "No specific imagery in reference photos captures Adam Scott's recovery or prior difficulties as mentioned in the caption."
      ]
    }
  },
  "final_result": {
    "OOC": true,
    "confidence_score": 7,
    "explanation": "The internal check suggests the caption accurately represents the image based on detected entities like 'Golf' and 'golfer' and the context provided by the news content about Adam Scott's performance. However, the external check, while acknowledging the golfing context, reveals a lack of specific visual connections to the Australian Open or Adam Scott's recovery as described in the caption, leading to the conclusion that the image is misleading. Since the external check directly assesses the image's relation to the caption's claims with a confidence score of 6 and an alignment score of 45, and it identifies a lack of specific imagery confirming Adam Scott's performance at the Australian Open or his recovery, it is prioritized. The slightly higher confidence score (8) of the internal check is not enough to override the explicit inconsistency flagged by the external check. Therefore, the caption is deemed out of context. Due to the limited specificity of the internal check, the final confidence is moderate.",
    "validation_summary": "Internal check supports the caption's relevance, but external check finds the image lacks specific visual links to the Australian Open or Adam Scott's 'recovery', leading to a determination of 'out of context'."
  },
  "inference_time": 11.70283555984497
}