{
  "caption": "Ohio State cheerleaders perform against Arizona Wildcats",
  "ground_truth": true,
  "internal_check": {
    "visual_entities": [
      "Cheerleading",
      "Louisville Cardinals men's basketball",
      "Michigan Wolverines men's basketball",
      "2013 NCAA Men's Final Four",
      "NCAA Men's Division I Basketball Tournament",
      "Basketball",
      "College basketball",
      "University of Michigan",
      "Athlete",
      "Championship",
      "Cheering",
      "Competition",
      "Michigan Wolverines",
      "Louisville Cardinals",
      "cheerleading"
    ],
    "image_evidences": [
      {
        "title": "College basketball cheerleaders in the postseason",
        "content": "",
        "caption": "A Michigan Wolverines cheerleader performs during the first half of the championship game in the 2013 NCAA mens Final Four against the Louisville Cardinals at the Georgia Dome.",
        "domain": "www.usatoday.com"
      }
    ],
    "result": {
      "confidence_score": 2,
      "explanation": "The news caption mentions Ohio State cheerleaders performing against Arizona Wildcats, but the provided image evidence shows a Michigan Wolverines cheerleader performing against the Louisville Cardinals in the 2013 NCAA Men's Final Four. This contradicts the caption's claim, as the teams and event are different. Therefore, the image does not support the caption.",
      "verdict": false
    }
  },
  "external_check": {
    "text_evidences": [],
    "result": null
  },
  "final_result": {
    "OOC": true,
    "confidence_score": 9,
    "explanation": "The internal check result indicates a mismatch between the news caption and the image content with a confidence score of 2. The caption refers to Ohio State cheerleaders performing against Arizona Wildcats, while the image evidence depicts a Michigan Wolverines cheerleader performing against the Louisville Cardinals. Although the internal check's confidence is low, the discrepancy is clear and straightforward. No external check was performed. Given the conflicting information in the caption versus the description in the internal check and the lack of external validation, the caption is deemed out of context. The confidence score is high due to the clear mismatch, even with the low confidence of the internal check.",
    "validation_summary": "The internal check reveals a mismatch between the caption's description of the event and the image's actual content. No external check was performed."
  },
  "inference_time": 3.7051594257354736
}