{
  "caption": "Debbie Smith of Williamsburg Va and her husband Rob",
  "ground_truth": true,
  "internal_check": {
    "visual_entities": [
      "Socialite",
      "Night",
      "Suit",
      "Event",
      "Statistics",
      "night"
    ],
    "image_evidences": [],
    "result": {
      "confidence_score": 1,
      "explanation": "The news caption mentions \"Debbie Smith of Williamsburg Va and her husband Rob\". The detected visual entities are ['Socialite', 'Night', 'Suit', 'Event', 'Statistics', 'night']. There is no clear relationship between the people mentioned in the caption and the detected visual entities. The presence of 'Socialite', 'Night', 'Suit', and 'Event' could potentially align with the description of a couple, but without further information or clearer entities, it is impossible to confirm a relationship or make a definitive assessment. The visual entities do not contain the people mentioned in the caption.",
      "verdict": false
    }
  },
  "external_check": {
    "text_evidences": [],
    "result": null
  },
  "final_result": {
    "OOC": true,
    "confidence_score": 10,
    "explanation": "The internal check yielded a 'False' verdict with a confidence score of 1, indicating that the visual entities detected in the image do not align with the news caption's description of \"Debbie Smith of Williamsburg Va and her husband Rob.\" Specifically, the visual entities included terms like 'Socialite,' 'Night,' 'Suit,' and 'Event,' suggesting a social gathering, but these entities do not directly correspond to or confirm the presence of the individuals mentioned in the caption. The internal check explicitly states that the visual entities do not contain the people mentioned in the caption. There is no external check result provided, implying a lack of external validation data. Given the lack of alignment between the caption and the image's visual entities as determined by the internal check, and the absence of corroborating evidence from an external check, the caption is considered out of context. The confidence score is high due to the clear negative result from the internal check.",
    "validation_summary": "The internal check found no alignment between the caption and the image's visual entities. No external check was available. Therefore, the caption is out of context."
  },
  "inference_time": 4.516149044036865
}