{
  "caption": "Bernie Sanders and Hillary Clinton take the stage before the Democratic debate at the University of WisconsinMilwaukee on Feb 11 2016",
  "ground_truth": true,
  "internal_check": {
    "visual_entities": [
      "LED display",
      "Theatrical scenery",
      "Flat-panel display",
      "Display device",
      "Theatre",
      "Entertainment",
      "electronic machine",
      "Television",
      "Light-emitting diode",
      "Performance M",
      "Electronics",
      "stage"
    ],
    "image_evidences": [],
    "result": {
      "confidence_score": 9,
      "explanation": "The detected visual entities include 'stage', 'theatre', 'display device', 'electronics', and 'entertainment', which align well with the caption's description of Bernie Sanders and Hillary Clinton taking the stage before a debate. The presence of 'LED display' and 'Television' further supports the context of a debate setting. The caption mentions a debate at the University of WisconsinMilwaukee, and the visual entities suggest a performance or presentation environment, thus supporting the claim. No significant contradictions are apparent.",
      "verdict": true
    }
  },
  "external_check": {
    "text_evidences": [
      {
        "title": "Economy to take center stage as Clinton, Sanders face off in Flint | PBS News",
        "content": "Economy to take center stage as Clinton, Sanders face off in Flint ...",
        "caption": "Democratic presidential candidates Senator Bernie Sanders (L) and Hillary Clinton participate in the PBS NewsHour Democratic presidential candidate debate at the University of Wisconsin-Milwaukee on February 11, 2016 in Milwaukee, Wisconsin. The rivals will be meeting again on Sunday night in Flint, Mich. Win McNamee/Getty Images",
        "domain": "www.pbs.org"
      },
      {
        "title": "Democratic debate: 5 takeaways | CNN Politics",
        "content": "Democratic debate: 5 takeaways | CNN Politics",
        "caption": "Win McNamee/Getty",
        "domain": "www.cnn.com"
      }
    ],
    "result": {
      "verdict": false,
      "alignment_score": 65,
      "confidence_score": 7,
      "explanation": "The news image depicts Bernie Sanders and Hillary Clinton on stage during a Democratic debate, but it contrasts with the reference images in several significant visual aspects. In the news image, Sanders and Clinton stand at a more static pose with their hands over their hearts, suggesting a moment of national pride or reflection, which is not emphasized in the dynamic gestures observed in other reference images. \n\nThe setting of the news image features a prominent CNN logo, contrasting with the neutral or less branded environments in the reference images. While reference images depict both candidates gesturing vocally or making engaging expressions, the news image captures a quieter moment with minimal interaction. \n\nAdditionally, the lighting in the news image gives a more polished appearance, possibly indicating higher stage production values. In terms of attire, Clinton's outfit in the news image is a white coat, while in some reference images, she is seen in a yellow ensemble. This change in attire raises questions about the specific context of the moment captured.\n\nWhile the news image still reflects the broader narrative of a Democratic debate and features the correct candidates, the discrepancies in poses, expressions, and environmental branding may create a misleading context about the type of interaction occurring during the debate. Therefore, the news image does not significantly align with the reference images despite being contextually related to the event.",
      "key_observations": [
        "The news image shows Sanders and Clinton standing still with their hands over their hearts; reference images show them engaged and animated in discussion.",
        "The environment in the news image prominently features CNN branding, while reference images have subtle or absent branding.",
        "Clinton wears a white coat in the news image, differing from her yellow outfit in several reference images, indicating different moments.",
        "Lighting differences suggest a variance in stage setup or photography style between news and reference images.",
        "The ambiance of the news image is more subdued compared to the more vibrant, dynamic scenes in reference images."
      ]
    }
  },
  "final_result": {
    "OOC": true,
    "confidence_score": 8,
    "explanation": "The internal check suggests the caption is accurate, with a high confidence score of 9. It aligns visual elements like 'stage', 'theatre', and 'display device' with the described debate setting. However, the external check, while having a lower confidence score of 7 and alignment score of 65, identifies critical discrepancies. The external check notes differences in candidate poses (static vs. animated), CNN branding prominence, Clinton's attire, stage lighting, and overall ambiance. These discrepancies, especially regarding the candidates' static poses and CNN branding, suggest the image captures a specific, potentially misleading moment within the broader debate context. Given the observable differences and the implications they have on the context the image portrays, and prioritizing external check due to its concrete observational evidence, the caption is considered out of context.",
    "validation_summary": "Internal check supports caption accuracy, but external check reveals significant discrepancies in candidate poses, branding, and ambiance, suggesting the image is a potentially misleading representation of the debate."
  },
  "inference_time": 15.553253889083862
}