{
  "caption": "From behind a teleprompter US President Barack Obama pauses while speaking at the Global Health Security Agenda Summit at the White House in Washington September 26 2014 REUTERSKevin Lamarque",
  "ground_truth": false,
  "internal_check": {
    "visual_entities": [
      "United States",
      "President of the United States",
      "Iraq",
      "Baracktrema obamai",
      "Spokesperson",
      "John Kerry",
      "James Clapper",
      "speech"
    ],
    "image_evidences": [],
    "result": {
      "confidence_score": 9,
      "explanation": "The news caption describes a scene with US President Barack Obama speaking at the Global Health Security Agenda Summit at the White House. The detected visual entities include 'United States', 'President of the United States', and 'speech', which align with the caption's description of Obama at a summit in Washington. The presence of 'President of the United States' strongly supports the caption's claim. The reference to 'Baracktrema obamai' in the detected entities, while related to President Obama, is not directly relevant to the scene described in the caption, but doesn't contradict it. The other entities 'Iraq', 'Spokesperson', 'John Kerry', and 'James Clapper' don't explicitly appear in the caption but do not directly contradict it either given their potential involvement in a security summit. Overall, the detected entities largely support the caption's claims, although some are outside the immediate scope of the event being described.",
      "verdict": true
    }
  },
  "external_check": {
    "text_evidences": [],
    "result": null
  },
  "final_result": {
    "OOC": false,
    "confidence_score": 9,
    "explanation": "The internal check result has a high confidence score (9) and indicates that the visual entities detected align with the caption's description of Barack Obama at the Global Health Security Agenda Summit. The news content discusses Obama's reading habits, but does not contradict the image or caption. Since the internal check validates the caption and there is no contradictory information, the caption is deemed not out of context. The external check result is unavailable, so the assessment relies solely on the internal check.",
    "validation_summary": "The internal check confirms the caption's accuracy, while the external check is unavailable. The caption is therefore deemed not out of context."
  },
  "inference_time": 4.346448659896851
}