{
  "caption": "Film star Sophia Loren is one of the many celebrities shot by Eustace",
  "ground_truth": true,
  "internal_check": {
    "visual_entities": [
      "Carlo Ponti",
      "Brief Encounter",
      "Photograph",
      "1974",
      "Actor",
      "Image",
      "Television",
      "YouTube",
      "Sophia Loren",
      "The Millionairess",
      "Richard Burton",
      "Brief Encounter",
      "Peter Sellers",
      "photograph"
    ],
    "image_evidences": [],
    "result": {
      "confidence_score": 10,
      "explanation": "The news caption states \"Film star Sophia Loren is one of the many celebrities shot by Eustace\". The detected visual entities include 'Sophia Loren' and 'photograph'. The news content confirms that David Eustace has photographed Sophia Loren. Therefore, the caption accurately represents the visual content based on the detected visual entities and information in the news content.",
      "verdict": true
    }
  },
  "external_check": {
    "text_evidences": [
      {
        "title": "Eustace in frame for  fame",
        "content": "Eustace in frame for fame",
        "caption": "Eustace, top inset, has photographed many of the world&#8217;s most glamourous stars, including Italian film actress Sophia Loren",
        "domain": "www.thetimes.com"
      },
      {
        "title": "David Eustace's journey from prison officer to celebrity ...",
        "content": "David Eustace's journey from prison officer to celebrity ...",
        "caption": "",
        "domain": "www.bbc.com"
      }
    ],
    "result": {
      "verdict": false,
      "alignment_score": 25,
      "confidence_score": 6,
      "explanation": "The news image, depicting a scene likely from a film, shows two characters, one male and one female, in a black-and-white composition. The male appears to be dressed in formal attire, while the female is lying down. The overall tone and style suggest it might be from an earlier era in cinema, which can be consistent with the context of 'film star Sophia Loren.' However, the reference images introduce significant discrepancies. \n\nThe first reference image appears to contain a more modern photograph of Sophia Loren, who is clearly identifiable, suggesting that the news image does not depict her directly despite its mention in the caption. Sophia Loren’s portrayal therein is vibrant and contemporary, contrasting starkly with the black-and-white image which lacks her distinctive attributes.  \n\nThe subsequent reference images do not pertain to the content of the news image, focusing instead on unrelated subjects. This lack of alignment suggests that the news image does not actually illustrate Sophia Loren or directly relate to her. Furthermore, the temporal aspects (black-and-white versus color images) and the overall settings (film versus actual photo shoot) emphasize the inconsistency. \n\nWhile the news image may evoke themes associated with classic cinema, its visual elements and overall composition fail to accurately represent the subject matter suggested by the caption, leading to a conclusion that the depiction is misleading. \n\nThe absence of identifiable or relevant contextual cues in the news image raises concerns about its authenticity in relation to the claimed subject, Sophia Loren, making it an inappropriate visual representation.",
      "key_observations": [
        "The news image is black-and-white, while reference images are colored and modern.",
        "The characters in the news image do not visually resemble Sophia Loren or the known context of her as a star.",
        "The news caption implies a specific celebrity focus, which is unrepresented in the news image.",
        "Temporal disparities evident between classic film aesthetic and contemporary reference photography."
      ]
    }
  },
  "final_result": {
    "OOC": true,
    "confidence_score": 7,
    "explanation": "The internal check suggests the caption accurately represents the image content because the news content confirms David Eustace photographed Sophia Loren. However, the external check, though having a low confidence score of 6, strongly suggests the image does not depict Sophia Loren and the reference images confirm this. Given the conflicting results, prioritizing the external check due to its clear visual evidence of mismatch and observable discrepancies (news image is black and white, does not resemble Sophia Loren), the caption is determined to be out of context. The alignment score of 25 from the external check also indicates a poor match. The overall assessment indicates that the image does not align with the caption's claim of depicting Sophia Loren.",
    "validation_summary": "Internal and external checks conflict. Internal check suggests accuracy based on news content, while external check indicates the image does not depict Sophia Loren. External check prevails due to concrete visual evidence, with low confidence score."
  },
  "inference_time": 12.664040327072144
}