{
  "caption": "Derek Hough left and Bindi Irwin are one of four finalist couples on ABC s Dancing with the Stars",
  "ground_truth": false,
  "internal_check": {
    "visual_entities": [
      "Dancing with the Stars - Season 17",
      "Dancing with the Stars - Season 8",
      "Dancesport",
      "Ballroom dance",
      "Latin dance",
      "Samba",
      "Dancing with the Stars",
      "Derek Hough",
      "Bindi Irwin",
      "Mark Ballas",
      "Julianne Hough",
      "Steve Irwin",
      "Crikey! It's the Irwins",
      "performance"
    ],
    "image_evidences": [],
    "result": {
      "confidence_score": 9,
      "explanation": "The news caption mentions \"Derek Hough\" and \"Bindi Irwin\" as finalists on \"Dancing with the Stars.\" These entities are detected in the visual entities, which include 'Dancing with the Stars', 'Derek Hough', and 'Bindi Irwin'. The caption accurately reflects the presence and relationship of these entities as being related to the 'Dancing with the Stars' show. Therefore, the caption is considered to align well with the detected visual entities. The news content also supports this, specifically mentioning \"Dancing With the Stars' final four couples\".",
      "verdict": true
    }
  },
  "external_check": {
    "text_evidences": [
      {
        "title": "Dancing With the Stars 2015: High-Scorer Edged Out of Competition on Finales 1st Night - ABC News",
        "content": "Dancing With the Stars' 2015: High-Scorer Edged Out of Competition ...",
        "caption": "",
        "domain": "abcnews.go.com"
      },
      {
        "title": "GMA 40th Anniversary: Behind the Scenes at Dancing With the Stars Finale Rehearsals - ABC News",
        "content": "GMA' 40th Anniversary: Behind the Scenes at 'Dancing With the ...",
        "caption": "",
        "domain": "abcnews.go.com"
      },
      {
        "title": "GMA 40th Anniversary: Behind the Scenes at Dancing With the Stars Finale Rehearsals - ABC News",
        "content": "GMA' 40th Anniversary: Behind the Scenes at 'Dancing With the ...",
        "caption": "",
        "domain": "abcnews.go.com"
      }
    ],
    "result": {
      "verdict": false,
      "alignment_score": 45,
      "confidence_score": 7,
      "explanation": "The news image depicts Derek Hough and Bindi Irwin performing on \"Dancing with the Stars,\" showcasing them in a vibrant, dynamic pose, particularly emphasizing their costumes—the male dancer in black and the female dancer in a sparkling outfit. Reference images also feature various dancing couples from the same show, but they consistently feature different couples and settings. The key issue is that while the news image captures the spirit of a performance on the show, it is not clear if it consistently matches the expected visual representation of the show based on the reference images under similar contexts. Moreover, the reference images illustrate couples in various attire and dance styles that may not coincide with the specific performance captured in the news image, thus potentially misleading regarding the specific context or timeframe of competitions or results. \n\nIn examining the lighting, composition, and background details, the news image showcases a dark stage with colorful lighting, a standard aesthetic for dance performances. This aspect is consistent with the atmosphere of the referenced show but not aligned with the particular episodes or performances seen in the reference images. Temporal consistency cannot be firmly established either, as there are no timestamps available to compare the sequences of images. Overall, while the news image may depict two popular contestants, it does not fulfill expected visual matchups regarding referenced performances or settings, suggesting some level of misleading inference regarding the specific performance in question.",
      "key_observations": [
        "The news image shows Derek Hough and Bindi Irwin performing, which is visually aligned with the context of \"Dancing with the Stars.\"",
        "Reference images depict multiple other couples, indicating a variety of performances that do not directly correlate with the news image.",
        "Lighting in the news image is engaged and vibrant, consistent with the show, but the specific costumes and couples differ, leading to inconsistencies in representation.",
        "Temporal consistency is lacking as specific timestamps for each event are not provided, making it challenging to confirm if they happened in alignment with one another."
      ]
    }
  },
  "final_result": {
    "OOC": true,
    "confidence_score": 7,
    "explanation": "The internal check suggests the caption is accurate with high confidence (9), stating the visual entities of Derek Hough and Bindi Irwin align with the \"Dancing with the Stars\" context mentioned in the caption and news content. However, the external check indicates a lower alignment score (45) and a confidence of 7, revealing discrepancies when comparing the news image to reference images of \"Dancing with the Stars.\" The external check highlights that while the news image depicts Derek Hough and Bindi Irwin, the specific performance, costumes, and temporal consistency do not align with the reference images, suggesting a misleading inference. Since the external check raises concerns about the accuracy of the image's specific context and the internal check only confirms the presence of the mentioned entities, the caption is considered out of context. Prioritizing the external check due to its specific concerns about image-to-reference mismatch, we rate the overall confidence as 7 due to the conflicting information.",
    "validation_summary": "Internal check confirms entities in caption; external check reveals image's specific context mismatches reference images, indicating an out-of-context scenario."
  },
  "inference_time": 14.40928864479065
}