{
  "caption": "Pope Francis stumbles as he prepares to greet cardinals in Sala Clementina at the Vatican Cardinal Angelo Sodano left introduced the pope to the cardinals",
  "ground_truth": true,
  "internal_check": {
    "visual_entities": [
      "El Papa Francisco",
      "Pope",
      "A Big Heart Open to God: A Conversation with Pope Francis",
      "Saint Martha House",
      "Papal apartments",
      "Our Journey to Christmas: With Pope Francis",
      "Synod of Bishops in the Catholic Church",
      "Society of Jesus",
      "Politics",
      "Pope Paul VI",
      "Pope John XXIII",
      "pope francis halo"
    ],
    "image_evidences": [],
    "result": {
      "confidence_score": 3,
      "explanation": "The news caption mentions 'Pope Francis', 'cardinals', and 'Sala Clementina at the Vatican'. The detected visual entities include 'Pope Francis' and other related entities. However, visual confirmation of the presence of cardinals and the location 'Sala Clementina at the Vatican' are not directly evident from the provided entities. The detected entities are mostly book titles and religious figures and societies. Therefore, the caption's claim cannot be confirmed based solely on the detected visual entities.",
      "verdict": false
    }
  },
  "external_check": {
    "text_evidences": [
      {
        "title": "Vatican: anti-clerical campaign against pope  San Diego Union-Tribune",
        "content": "Vatican: anti-clerical campaign against pope  San Diego Union-Tribune",
        "caption": "Pope Francis stumbles as he prepares to greet cardinals in Sala Clementina, at the Vatican, Friday, March 15, 2013. The newly appointed Pope Francis stumbled after being introduced to the College of Cardinals, but did not fall and quickly recovered.  Cardinal Angelo Sodano, 2nd left, introduced the pope to the College of Cardinals. (AP Photo/Vatican TV) TV OUT",
        "domain": "www.sandiegouniontribune.com"
      },
      {
        "title": "Vatican: anti-clerical campaign against pope  San Diego Union-Tribune",
        "content": "Vatican: anti-clerical campaign against pope  San Diego Union-Tribune",
        "caption": "Pope Francis stumbles as he prepares to greet cardinals in Sala Clementina, at the Vatican, Friday, March 15, 2013. The newly appointed Pope Francis stumbled after being introduced to the College of Cardinals, but did not fall and quickly recovered.  Cardinal Angelo Sodano, 2nd left, introduced the pope to the College of Cardinals. (AP Photo/Vatican TV) TV OUT",
        "domain": "www.sandiegouniontribune.com"
      },
      {
        "title": "Vatican: anti-clerical campaign against pope  San Diego Union-Tribune",
        "content": "Vatican: anti-clerical campaign against pope  San Diego Union-Tribune",
        "caption": "Pope Francis stumbles as he prepares to greet cardinals in Sala Clementina, at the Vatican, Friday, March 15, 2013. The newly appointed Pope Francis stumbled after being introduced to the College of Cardinals, but did not fall and quickly recovered.  Cardinal Angelo Sodano, 2nd left, introduced the pope to the College of Cardinals. (AP Photo/Vatican TV) TV OUT",
        "domain": "www.sandiegouniontribune.com"
      }
    ],
    "result": {
      "verdict": true,
      "alignment_score": 85,
      "confidence_score": 8,
      "explanation": "The news image depicts Pope Francis, which is consistent with the news caption referencing his interaction with cardinals in the Sala Clementina at the Vatican. Visual elements in the news image, such as the Pope's attire (white robe), his gesture indicating motion, and the presence of a microphone, suggest a moment of engaged communication. The reference images present similar scenarios where the Pope is seen reacting during engagements with cardinals, specifically during introductions or greetings. The spatial arrangement in the reference images, showing cardinals in relation to the Pope, aligns with typical Vatican settings during such events.\n\nIn terms of lighting, the news image appears to have a different background ambiance compared to the more richly detailed settings of the reference images, which feature the ornate interiors of the Vatican. However, the differences in visual details do not detract significantly from the overall context of the event as mentioned in the caption, allowing the news image to accurately represent the described moment of Pope Francis interacting with cardinals.\n\nSigns of manipulation were not evident upon review, and the gestures and expressions appearing across the images do not show deviations in context. Overall, the images collectively convey the ceremonial nature of the Pope’s interactions with clergy, maintaining thematic coherence despite minor visual discrepancies.",
      "key_observations": [
        "Pope Francis is present in both news and reference images, confirming subject consistency.",
        "The attire of Pope Francis is correctly depicted; he is in white, which is consistent across images.",
        "The setting in the news image lacks the detailed backdrop characteristic of the Vatican interiors seen in reference images, but the primary subjects remain aligned.",
        "All images capture a moment of engagement; the news image reflects a sense of motion that correlates with the description of him greeting cardinals.",
        "No signs of digital manipulation were detected, ensuring authenticity of visual representation."
      ]
    }
  },
  "final_result": {
    "OOC": false,
    "confidence_score": 9,
    "explanation": "The internal check, while identifying the presence of 'Pope Francis', 'cardinals', and 'Sala Clementina at the Vatican' in the caption and detecting 'Pope Francis' visually, expresses uncertainty due to the lack of direct visual confirmation of cardinals and the location. Its confidence is moderate (3). The external check strongly supports the caption's accuracy (confidence 8, alignment 85), showing Pope Francis interacting with cardinals in a Vatican-like setting, aligning with reference images and caption details. Given the high alignment score and confidence of the external check, which directly assesses image-caption consistency using reference images, the caption is deemed not out of context. The external check's direct comparative approach and higher confidence override the internal check's uncertainty. Therefore, the image accurately represents the caption.",
    "validation_summary": "The internal check was uncertain, but the external check strongly validated the caption's accuracy by confirming the presence of Pope Francis and cardinals, with a high alignment score, deeming the caption not out of context."
  },
  "inference_time": 14.06596064567566
}