{
  "caption": "Amir Khan puts one on Devon Alexander during their welterweight bout at the MGM Grand Garden Arena Khan won by unanimous decision",
  "ground_truth": true,
  "internal_check": {
    "visual_entities": [
      "Vitali Klitschko",
      "Wladimir Klitschko",
      "Professional boxing",
      "Combat",
      "Boxing",
      "World Boxing Organization",
      "Heavyweight",
      "Punch",
      "Pradal serey",
      "Shoot boxing",
      "David Haye",
      "Corrie Sanders",
      "Bernd Bonte",
      "klitschko brothers fight each other"
    ],
    "image_evidences": [],
    "result": {
      "confidence_score": 2,
      "explanation": "The news caption mentions 'Amir Khan', 'Devon Alexander', 'welterweight bout', and 'MGM Grand Garden Arena'. However, the detected visual entities are 'Vitali Klitschko', 'Wladimir Klitschko', 'Professional boxing', 'Combat', 'Boxing', 'World Boxing Organization', 'Heavyweight', 'Punch', 'Pradal serey', 'Shoot boxing', 'David Haye', 'Corrie Sanders', 'Bernd Bonte', 'klitschko brothers fight each other'. There's no direct match between the entities in the caption and the detected visual entities. Therefore, the caption does not align with the detected visual entities.",
      "verdict": false
    }
  },
  "external_check": {
    "text_evidences": [
      {
        "title": "Amir Khan looks sharp -- maybe too sharp -- against Devon Alexander - Los Angeles Times",
        "content": "Amir Khan looks sharp -- maybe too sharp -- against Devon ...",
        "caption": "Amir Khan, left, earned a long look at possibly becoming Floyd Mayweather Jr.'s next opponent with his unanimous-decision victory over Devon Alexander on Saturday night.",
        "domain": "www.latimes.com"
      }
    ],
    "result": {
      "verdict": false,
      "alignment_score": 40,
      "confidence_score": 7,
      "explanation": "The news image depicts a boxing match involving two different fighters compared to the reference images of Amir Khan and Devon Alexander. In the news image, the subjects are David Haye (left) and Wladimir Klitschko (right), while the reference images show Khan and Alexander in the boxing ring at the MGM Grand Garden Arena, which is a significant misalignment. \n\nThe background in the news image does not align with the setting depicted in the reference images, as the arena features and the ring setup vary. Key visual elements such as the boxers' attire, the types of gloves, and the logos present are also different. Moreover, the specific action captured in the news image—showing a left punch being thrown—is representative of a different fight context. \n\nTemporal elements like lighting and mood can vary but are not matching due to the differences in the episodes captured. There are no obvious signs of manipulation in the images; however, the significant divergence in the match context suggests the news image does not accurately reflect the event described in the caption.",
      "key_observations": "- News image depicts David Haye vs. Wladimir Klitschko, not Amir Khan vs. Devon Alexander.\n- Background settings differ; MGM Grand branding is present in reference images, absent in news image.\n- Fighters' attire is different (gloves, shorts).\n- Action poses differ significantly between the two sets of images.\n- Lighting and atmosphere do not match, indicating differing events."
    }
  },
  "final_result": {
    "OOC": true,
    "confidence_score": 9,
    "explanation": "Both the internal and external checks indicate that the news caption is out of context for the provided image. The internal check, with a confidence score of 2, found no alignment between the entities in the caption (Amir Khan, Devon Alexander) and the detected visual entities in the image (Vitali Klitschko, Wladimir Klitschko, etc.). The external check, with a higher confidence score of 7 and an alignment score of 40, explicitly states that the image depicts David Haye vs. Wladimir Klitschko, not Amir Khan vs. Devon Alexander. The external check provides detailed visual evidence supporting the mismatch, including differences in attire, background, and fighters involved. Given the strong evidence from the external check and the confirmation from the internal check, it can be confidently concluded that the caption is out of context.",
    "validation_summary": "Both internal and external checks confirm the image does not match the caption. The image features David Haye and Wladimir Klitschko, while the caption describes Amir Khan and Devon Alexander."
  },
  "inference_time": 10.361811876296997
}