{
  "caption": "Meeting of minds David Hockney at work on an iPad portrait of Stephen Hawking which is now showing at the Science Museum",
  "ground_truth": false,
  "internal_check": {
    "visual_entities": [
      "David Hockney",
      "Portrait of an Artist (Pool with Two Figures)",
      "Artist",
      "Painter",
      "Contemporary art",
      "Art",
      "The Kangxi Emperor's Southern Inspection Tour, Scroll Three: Ji'nan to Mount Tai",
      "Parasite",
      "Painting",
      "Christie's",
      "Portrait",
      "Andy Warhol",
      "Bong Joon-ho",
      "Jonathan Jones",
      "communication"
    ],
    "image_evidences": [
      {
        "title": "David Hockney's Stephen Hawking portraits draw greats together | Painting | The Guardian",
        "content": "",
        "caption": "Meeting of minds  David Hockney at work on an iPad portrait of Stephen Hawking, which is now showing at the Science Museum. Photograph: Judith Croasdell",
        "domain": "www.theguardian.com"
      }
    ],
    "result": {
      "confidence_score": 10,
      "explanation": "The news caption and content discuss David Hockney creating an iPad portrait of Stephen Hawking, which is being exhibited at the Science Museum. The provided image evidence from The Guardian features David Hockney working on an iPad, described as a portrait of Stephen Hawking, and the caption confirms it is being shown at the Science Museum. The image aligns perfectly with the claims in the news article. The domain 'www.theguardian.com' is a reputable source, increasing confidence in the image's credibility.",
      "verdict": true
    }
  },
  "external_check": {
    "text_evidences": [
      {
        "title": "David Hockney's Stephen Hawking portraits draw greats together | Painting | The Guardian",
        "content": "David Hockney's Stephen Hawking portraits draw greats together ...",
        "caption": "Meeting of minds  David Hockney at work on an iPad portrait of Stephen Hawking, which is now showing at the Science Museum. Photograph: Judith Croasdell",
        "domain": "www.theguardian.com"
      },
      {
        "title": "David Hockney's Stephen Hawking portraits draw greats together | Painting | The Guardian",
        "content": "David Hockney's Stephen Hawking portraits draw greats together ...",
        "caption": "Meeting of minds  David Hockney at work on an iPad portrait of Stephen Hawking, which is now showing at the Science Museum. Photograph: Judith Croasdell",
        "domain": "www.theguardian.com"
      },
      {
        "title": "David Hockney's Stephen Hawking portraits draw greats together | Painting | The Guardian",
        "content": "David-Hockney-at-work-on--007. ...",
        "caption": "Meeting of minds  David Hockney at work on an iPad portrait of Stephen Hawking, which is now showing at the Science Museum. Photograph: Judith Croasdell",
        "domain": "www.theguardian.com"
      }
    ],
    "result": {
      "verdict": true,
      "alignment_score": 85,
      "confidence_score": 8,
      "explanation": "The news image depicts a scene involving David Hockney portraying Stephen Hawking. Key visual elements, including the setting, the subject's posture, and the use of an iPad, are consistent with contextual references available online. The focus on Hockney using a digital medium aligns with the intention described in the caption. In comparing the news image with reference images, several consistencies emerge: 1. Subject Arrangement: In both the news and reference images, the same person (Hawking) is noted to be seated in front of a screen, observing Hockney at work, illustrating an engaging moment between the artist and his subject. 2. Environment Details: The similar indoor settings featuring distinct blue backgrounds and display screens reinforce the contextual consistency. 3. Lighting: The lighting across images appears to be similarly soft and indoor, which corresponds to the scenario where an artist is capturing a subject through digital means. 4. Temporal Context: Reference images showcase the same timeframe based on their visual similarity, including the attire which matches the expected period surrounding Hockney's collaboration with Hawking. Potential discrepancies such as minor variations in angle or focus do not detract from the overarching narrative of the meeting of minds between two influential figures. Any minor differences or artifacts observed (potentially due to different capture techniques or resolutions) do not compromise the contextual integrity of the represented event. Overall, the core essence of Hockney creating a portrait of Hawking on an iPad is effectively captured across the images, affirming the news image's authenticity and relevance to the caption.",
      "key_observations": "- Both images show David Hockney working with a digital device as described.\n- The setting is consistently depicted as an indoor space with a blue wall and equipment.\n- Hockney's attire (suit and tie) is consistent across all images.\n- Temporal context aligns as all images appear to be from the same timeframe, corroborating the events of the meeting.\n- Minor visual discrepancies (lighting and angles) are present but do not invalidate the overall context."
    }
  },
  "final_result": {
    "OOC": false,
    "confidence_score": 9,
    "explanation": "Both the internal and external checks indicate that the news caption accurately represents the image. The internal check has a confidence score of 10, stating that the image shows David Hockney working on an iPad portrait of Stephen Hawking, aligning with the caption and article content. The external check, with a confidence score of 8 and alignment score of 85, corroborates this by confirming the consistency of the image with reference images, showing Hockney creating a portrait of Hawking on an iPad. Given the high confidence and agreement between both checks, the caption is not out of context.",
    "validation_summary": "Both internal and external checks confirm that the news caption accurately represents the image of David Hockney creating an iPad portrait of Stephen Hawking."
  },
  "inference_time": 12.173441886901855
}