{
  "caption": "Rupert Murdoch speaks at the WSJD Live conference in Laguna Beach",
  "ground_truth": false,
  "internal_check": {
    "visual_entities": [
      "Rupert Murdoch",
      "21st Century Fox",
      "Fox Corporation",
      "News Corp",
      "Media",
      "Star India",
      "News Corporation",
      "Chief Executive Officer",
      "Lachlan Murdoch",
      "James Murdoch",
      "Suzanne Scott",
      "Rupert Murdoch"
    ],
    "image_evidences": [
      {
        "title": "Rupert Murdoch: Malcolm Turnbull's media law plans 'suit buddies at Nine' | Rupert Murdoch | The Guardian",
        "content": "",
        "caption": "Rupert Murdoch believes the government is cherry-picking changes to media laws.",
        "domain": "www.theguardian.com"
      },
      {
        "title": "Rupert Murdoch urges media firms to unite to fight Amazon and Netflix | Rupert Murdoch | The Guardian",
        "content": "",
        "caption": "Rupert Murdoch speaks at the WSJD Live conference in Laguna Beach.",
        "domain": "www.theguardian.com"
      }
    ],
    "result": {
      "confidence_score": 10,
      "explanation": "The news caption states Rupert Murdoch spoke at the WSJD Live conference in Laguna Beach. Evidence 2's title and caption directly confirm this: \"Rupert Murdoch urges media firms to unite to fight Amazon and Netflix | Rupert Murdoch | The Guardian\" and \"Rupert Murdoch speaks at the WSJD Live conference in Laguna Beach.\" The domain 'www.theguardian.com' is a credible news source. Furthermore, the visual entities detected, specifically 'Rupert Murdoch', are directly related to the image content. There are no contradictions, and the image evidence strongly supports the news caption.",
      "verdict": true
    }
  },
  "external_check": {
    "text_evidences": [
      {
        "title": "Rupert Murdoch urges media firms to unite to fight Amazon and Netflix | Rupert Murdoch | The Guardian",
        "content": "Rupert Murdoch urges media firms to unite to fight Amazon and ...",
        "caption": "Rupert Murdoch speaks at the WSJD Live conference in Laguna Beach.",
        "domain": "www.theguardian.com"
      },
      {
        "title": "Rupert Murdoch Preparing to Step Down as CEO from 21st Century Fox",
        "content": "Rupert Murdoch Preparing to Step Down as CEO from 21st Century Fox",
        "caption": "Rupert Murdoch, Executive Chairman News Corp and Chairman and CEO 21st Century Fox speaks at the WSJD Live conference in Laguna Beach, California October 29, 2014.",
        "domain": "www.nbcnews.com"
      }
    ],
    "result": {
      "verdict": true,
      "alignment_score": 90,
      "confidence_score": 9,
      "explanation": "The analysis of the news image depicting Rupert Murdoch at the WSJD Live conference in Laguna Beach shows a high degree of visual consistency with the reference images sourced from web searches. Key visual elements such as Murdoch's distinct appearance, outfit (light grey suit jacket and white shirt), and the background color (blue) are consistent across all images. The gesture of Murdoch's hand, positioned as he appears to speak, is similar in all images, indicating he is engaging with the audience or a moderator during the conference. \n\nTemporal elements, such as lighting (bright and evenly lit), suggest that all images were taken in similar lighting conditions, congruent with the conference setting. The spatial positioning of Murdoch in relation to the background remains consistent, firmly placing him in a conference environment. \n\nNotable minor differences include slight variations in angles or framing, but these do not detract from the accurate representation of the event. Additionally, there are no evident signs of digital manipulation across these images. Overall, the main image captures the essence and context of the event as described in the caption, and therefore, aligns well with the reference images. Although there are visual nuances, they do not fundamentally alter the depiction of the scene. \n\nThus, despite some minor differences, the news image appropriately represents the context implied in the caption without being misleading.",
      "key_observations": [
        "Rupert Murdoch is consistently depicted in a light grey suit and white shirt across all images.",
        "Background color is a similar shade of blue, suggesting a consistent event environment.",
        "Murdoch's hand gesture is similar in all references, indicating he is engaged in speaking.",
        "Lighting conditions are consistent, showing bright and evenly-lit settings in all images.",
        "Minor differences in camera angles and framing do not change the context of the event."
      ]
    }
  },
  "final_result": {
    "OOC": false,
    "confidence_score": 9,
    "explanation": "The internal check confirms the caption accurately describes the image content with high confidence (confidence score: 10). The external check, which assesses the image's consistency with reference images, also supports the caption's accuracy, noting a high alignment score of 90 and a confidence score of 9. Both checks agree that the image depicts Rupert Murdoch at the WSJD Live conference in Laguna Beach as stated in the caption. Given the strong agreement between the two validation methods and the high confidence scores, the caption is deemed not out of context.",
    "validation_summary": "Both internal and external checks confirm the caption accurately represents the image, depicting Rupert Murdoch at the WSJD Live conference in Laguna Beach."
  },
  "inference_time": 10.808023691177368
}