{
  "caption": "Hair apparent Prince Charles and Evening Standard owner Evgeny Lebedev",
  "ground_truth": false,
  "internal_check": {
    "visual_entities": [
      "Evgeny Lebedev",
      "Charles, Prince of Wales",
      "United Kingdom",
      "Evening Standard",
      "The Independent",
      "Businessperson",
      "Russia",
      "Peerages in the United Kingdom",
      "Baron",
      "Lord",
      "Prince",
      "Queen Elizabeth II",
      "evgeny lebedev eyebrows"
    ],
    "image_evidences": [
      {
        "title": "Evening Standard proprietor has close shave with royalty | Evgeny Lebedev | The Guardian",
        "content": "",
        "caption": "Hair (not) apparent: Prince Charles and Evening Standard owner Evgeny Lebedev.",
        "domain": "www.theguardian.com"
      }
    ],
    "result": {
      "confidence_score": 9,
      "explanation": "The news caption mentions Prince Charles and Evgeny Lebedev, which aligns with the detected visual entities. The image evidence from 'www.theguardian.com' shows Prince Charles and Evgeny Lebedev together, supporting the news caption. The caption of the image evidence, 'Hair (not) apparent: Prince Charles and Evening Standard owner Evgeny Lebedev,' directly relates to the news content describing Lebedev shaving his beard. The domain 'www.theguardian.com' is a credible news source. Therefore, the image provides reasonable visual support for the news caption and its claims.",
      "verdict": true
    }
  },
  "external_check": {
    "text_evidences": [
      {
        "title": "Evening Standard proprietor has close shave with royalty | Evgeny Lebedev | The Guardian",
        "content": "Evening Standard proprietor has close shave with royalty | Evgeny ...",
        "caption": "Hair (not) apparent: Prince Charles and Evening Standard owner Evgeny Lebedev.",
        "domain": "www.theguardian.com"
      },
      {
        "title": "Evening Standard proprietor has close shave with royalty | Evgeny Lebedev | The Guardian",
        "content": "Evening Standard proprietor has close shave with royalty | Evgeny ...",
        "caption": "Evgeny Lebedev: media royalty?",
        "domain": "www.theguardian.com"
      }
    ],
    "result": {
      "verdict": true,
      "alignment_score": 85,
      "confidence_score": 8,
      "explanation": "The news image shows Prince Charles walking with Evgeny Lebedev, consistent with the provided caption. Comparing with reference images, particularly the first two images, reveals visual alignment in subjects (both prominently featured), their attire (formal wear), and the setting (indoor environment with an escalator and background figures). The lighting in the news image matches that of the references, indicating a consistent temporal condition, likely during a daytime event. Spatial arrangements appear consistent as well, with both main subjects positioned in a similar manner.\n\nWhile there may be minor visual differences in the angles or crop of the images, none are significant enough to misrepresent the meeting or interaction between the two figures. All images share similar contexts—focusing on Prince Charles and Evgeny Lebedev in a formal setting, which reinforces the core narrative described in the caption.\n\nThe presence of a third reference image featuring Evgeny Lebedev alone does not impact the evaluation of the news image regarding the event described in the caption. Thus, the overall context remains aligned and accurately represented. No signs of digital manipulation or discrepancies in the expected visual elements are observed that would suggest misleading content.",
      "key_observations": [
        "Both images feature Prince Charles and Evgeny Lebedev in a similar indoor setting.",
        "Formal attire is consistent across the news image and reference images.",
        "Lighting and spatial relationships are congruent, indicating a similar time and context for the event.",
        "No significant digital manipulations detected; all subjects appear naturally integrated in the images."
      ]
    }
  },
  "final_result": {
    "OOC": false,
    "confidence_score": 9,
    "explanation": "Both the internal and external checks indicate that the news caption accurately represents the image. The internal check has a confidence score of 9 and confirms the caption's alignment with the image content, supported by evidence of Prince Charles and Evgeny Lebedev being present in the image, as described in the caption. The external check, with a confidence score of 8, further validates this by comparing the news image with reference images, confirming visual consistency regarding subjects, attire, and setting. Given the agreement between both checks and high confidence scores, the caption is deemed not out of context.",
    "validation_summary": "Both internal and external checks confirm the caption's accuracy, showing Prince Charles and Evgeny Lebedev are in the image, aligning with the provided caption. High confidence scores support this conclusion."
  },
  "inference_time": 8.803062438964844
}