{
  "caption": "New research by the NUS finds that LGBT students face discrimination on campus",
  "ground_truth": true,
  "internal_check": {
    "visual_entities": [
      "Credit Agricole",
      "Bank",
      "State of Espirito Santo",
      "Banco Espirito Santo",
      "United States",
      "Credit Agricole Corporate and Investment Bank",
      "Debt",
      "Credit",
      "Payment",
      "architecture"
    ],
    "image_evidences": [
      {
        "title": "Espirito Santo debts sold via Jersey - BBC News",
        "content": "",
        "caption": "Credit Agricole, Paris",
        "domain": "www.bbc.com"
      },
      {
        "title": "Credit Agricole hit by Banco Espirito Santo troubles - BBC News",
        "content": "",
        "caption": "Credit Agricole has been a key stakeholder in Banco Espirito Santo since the early 1990's.",
        "domain": "www.bbc.com"
      }
    ],
    "result": {
      "confidence_score": 1,
      "explanation": "The news caption discusses discrimination faced by LGBT students on campus. The image evidence shows entities related to 'Credit Agricole' and 'Banco Espirito Santo', which are financial institutions. There is no direct connection or visual support for the news caption from the provided images. Therefore, the images do not support the caption.",
      "verdict": false
    }
  },
  "external_check": {
    "text_evidences": [
      {
        "title": "One in five LGBT students have been bullied or harassed on campus | Education | The Guardian",
        "content": "One in five LGBT students have been bullied or harassed on campus ...",
        "caption": "New research by the NUS finds that LGBT students face discrimination on campus. Photograph: Abhishek Chinnappa",
        "domain": "www.theguardian.com"
      },
      {
        "title": "Gay students: invisible on campus? | Students | The Guardian",
        "content": "Gay students: invisible on campus? | Students | The Guardian",
        "caption": "Are universities doing enough to support LGBT students? Photograph: Sophie Wolfson for the Guardian",
        "domain": "www.theguardian.com"
      }
    ],
    "result": {
      "verdict": false,
      "alignment_score": 30,
      "confidence_score": 6,
      "explanation": "The news image depicts a university building, which does not visibly relate to the context of the new research about LGBT students facing discrimination on campus. The reference images feature elements like pride flags and students engaging at events, which directly relate to the LGBT community and the issues they face in a campus environment. The primary subjects of the news image (the building and its surroundings) do not match the thematic elements present in the reference images, suggesting a lack of contextual alignment despite having a university setting.\n\nIn terms of temporal consistency, the news image presents a cloudy day, which could theoretically match with any seasonal time frame, but it lacks direct indicators of a campus-related event or LGBT representation. The lighting is consistent across images without significant irregularities, but the spatial relationships differ greatly since the news image does not include people or events relevant to the LGBT community, while the reference images do.\n\nThe main concern regarding manipulation is that the news image appears to have a focus on architectural features rather than the context of discrimination mentioned in the caption; thus, it may mislead viewers regarding the subject matter of the article.",
      "key_observations": [
        "News image features a university building; does not show people or LGBT symbols directly",
        "Reference images include pride flags and events celebrating LGBT students",
        "No evident seasonal indicators or timestamps in the news image",
        "Lighting in the news image is consistent, but lack of relevant subjects diminishes contextual accuracy",
        "No signs of digital manipulation were evident, but the lack of theme alignment is significant"
      ]
    }
  },
  "final_result": {
    "OOC": true,
    "confidence_score": 7,
    "explanation": "The internal check reports a high confidence score (1) that the images (Credit Agricole and Banco Espirito Santo entities) do not support the news caption about LGBT students facing discrimination on campus. The external check, with a lower confidence score (6) but still significant, also indicates a lack of contextual alignment, noting that the news image (university building) does not visibly relate to the research about LGBT student discrimination, contrasting with the reference images (pride flags, LGBT events). Although the external check's confidence score is lower, its alignment score of 30 further reinforces the mismatch. Given the agreement between both checks, despite differing confidence levels, the caption appears to be out of context. The university building in the image, as indicated by the external check, does not provide any visual support for the caption's claim of discrimination against LGBT students. Therefore, the 'OOC' is true.",
    "validation_summary": "Both internal and external checks indicate that the image does not support the news caption about LGBT student discrimination, leading to the conclusion that the caption is out of context. The internal check shows no image content relates to the caption. The external check confirms the lack of contextual alignment."
  },
  "inference_time": 9.914801120758057
}