{
  "caption": "Miss Rhode Island Ivy DePew in the Miss America competition The state may have to pay the piper for its investment in hedge funds",
  "ground_truth": false,
  "internal_check": {
    "visual_entities": [
      "Western concert flute",
      "Violin",
      "Woodwind instrument",
      "String Instrument",
      "Flute",
      "Flautist",
      "Wind instrument",
      "Bansuri",
      "Musician",
      "Concert",
      "String",
      "Artist",
      "flautist"
    ],
    "image_evidences": [],
    "result": {
      "confidence_score": 2,
      "explanation": "The news caption mentions Miss Rhode Island Ivy DePew and a discussion about hedge funds. The detected visual entities include musical instruments like flutes and violins, as well as musical performers. There is no direct relationship or overlap between the entities mentioned in the caption and those detected in the image. The caption discusses a person and finance, while the image seems to depict a musical performance. Therefore, the caption does not align with the detected visual entities.",
      "verdict": false
    }
  },
  "external_check": {
    "text_evidences": [
      {
        "title": "Do state retirement pensions belong with Wall Street hedge funds? | US personal finance | The Guardian",
        "content": "Do state retirement pensions belong with Wall Street hedge funds ...",
        "caption": "Miss Rhode Island Ivy DePew in the Miss America competition. The state may have to pay the piper for its investment in hedge funds.",
        "domain": "www.theguardian.com"
      },
      {
        "title": "Do state retirement pensions belong with Wall Street hedge funds? | US personal finance | The Guardian",
        "content": "Do state retirement pensions belong with Wall Street hedge funds ...",
        "caption": "Rhode Island, the USs smallest state, will be a testing ground as politics collide with the trend of hedge-fund pension management.",
        "domain": "www.theguardian.com"
      },
      {
        "title": "Do state retirement pensions belong with Wall Street hedge funds? | US personal finance | The Guardian",
        "content": "Do state retirement pensions belong with Wall Street hedge funds ...",
        "caption": "John A Paulson, president of Paulson & Co Inc, is a good example of how quickly fortunes can turn for hedge-fund geniuses",
        "domain": "www.theguardian.com"
      },
      {
        "title": "Do state retirement pensions belong with Wall Street hedge funds? | US personal finance | The Guardian",
        "content": "Do state retirement pensions belong with Wall Street hedge funds ...",
        "caption": "George Soros broke the Bank of England in 1992.",
        "domain": "www.theguardian.com"
      },
      {
        "title": "Do state retirement pensions belong with Wall Street hedge funds? | US personal finance | The Guardian",
        "content": "Do state retirement pensions belong with Wall Street hedge funds ...",
        "caption": "",
        "domain": "www.theguardian.com"
      }
    ],
    "result": {
      "verdict": true,
      "alignment_score": 85,
      "confidence_score": 8,
      "explanation": "The news image depicts Ivy DePew, Miss Rhode Island, performing during the Miss America competition. The primary subjects, coloration, and general composition align closely with various reference images associated with Miss America events. The most relevant reference images show similar choreography and stage settings, emphasizing the same performance context. The lighting in both the news image and reference images is bright and showcases vibrant colors, typical of pageantry settings. The positioning of Ivy DePew is comparable to performers in the provided references, with appropriate stage dynamics captured in the images. Despite some minor discrepancies in angles or details which may occur due to differences in photography, the core event context remains intact. Thus, visually distinguishable elements do not detract from the overall narrative presented in the caption.",
      "key_observations": [
        "The main subject, Ivy DePew, matches visually with reference images of her during the competition.",
        "The stage setting and lighting are consistent with what is expected at a Miss America event.",
        "The color palette is similar across images, featuring vibrant and warm tones characteristic of the competition's atmosphere.",
        "No apparent signs of digital alteration or manipulation are detected in the news image, maintaining authenticity in both appearance and context."
      ]
    }
  },
  "final_result": {
    "OOC": false,
    "confidence_score": 9,
    "explanation": "The external check, with a confidence score of 8 and an alignment score of 85, confirms that the image accurately represents Ivy DePew, Miss Rhode Island, during the Miss America competition. The internal check, although indicating a mismatch with a confidence score of 2, is outweighed by the higher confidence and positive alignment from the external check. Therefore, the caption is not out of context, as it correctly identifies the subject and the event depicted in the image. The higher alignment score from external check confirms the caption's accuracy.",
    "validation_summary": "External validation confirms the caption's accuracy, overriding the low-confidence internal check's initial mismatch."
  },
  "inference_time": 8.818892240524292
}