{
  "caption": "In this image by Mert Alas and Marcus Piggott singer Adele is shown on the cover of the March issue of Vogue",
  "ground_truth": false,
  "internal_check": {
    "visual_entities": [
      "Adele",
      "54th Annual Grammy Awards",
      "51st Annual Grammy Awards",
      "Vogue",
      "Magazine",
      "Mert and Marcus",
      "Musician",
      "Rolling in the Deep",
      "Teen Vogue",
      "Anna Wintour",
      "Lara Stone",
      "Kate Moss",
      "Grammy Awards",
      "adele vogeu"
    ],
    "image_evidences": [],
    "result": {
      "confidence_score": 9,
      "explanation": "The news caption states that Adele is shown on the cover of the March issue of Vogue in an image by Mert Alas and Marcus Piggott. The detected visual entities include 'Adele', 'Vogue', and 'Mert and Marcus', which align with the caption's description. The presence of these entities strongly suggests that the caption is accurate in describing the image content. The caption does not specify any details that contradict the detected entities. Therefore, based on the detected visual entities, the news caption accurately represents the image.",
      "verdict": true
    }
  },
  "external_check": {
    "text_evidences": [
      {
        "title": "Adele tells Vogue shes done with break-up music  San Diego Union-Tribune",
        "content": "Adele tells Vogue she's done with break-up music  San Diego Union ...",
        "caption": "In this magazine cover image photographed by Mert Alas and Marcus Piggott and released by Vogue, singer Adele is shown on the cover of the March issue of \"Vogue.\"  The singer vows to \"never\" write a breakup record again and adds she's \"done being a bitter witch.\" (AP Photo/Vogue)",
        "domain": "www.sandiegouniontribune.com"
      },
      {
        "title": "Adele Graces Vogue's March Cover - ABC News",
        "content": "Adele Graces Vogue's March Cover - ABC News",
        "caption": "",
        "domain": "abcnews.go.com"
      },
      {
        "title": "Adele Graces Vogue's March Cover - ABC News",
        "content": "Adele Graces Vogue's March Cover - ABC News",
        "caption": "",
        "domain": "abcnews.go.com"
      }
    ],
    "result": {
      "verdict": true,
      "alignment_score": 90,
      "confidence_score": 9,
      "explanation": "The analysis reveals a high degree of visual consistency between the news image featuring Adele on the cover of Vogue and the series of reference images retrieved from web searches based on the caption. In all images, the subject remains clearly identifiable as Adele, with similar makeup, hairstyle, and facial expressions, consistent with the glamorous nature typical of a Vogue cover. Her hair, styled in voluminous waves, matches the aesthetic presented in the referenced images, reinforcing the visual identity of the cover layout. The text and overall composition align closely, featuring the same prominent headlines and layout formats, suggesting that the news image showcases an authentic representation of the Vogue issue highlighted in the caption. \n\nTemporal consistency is maintained throughout the images, showcasing a similar color palette and lighting that reflect the high-fashion magazine quality associated with Vogue. The seasonal elements, such as motifs or themes mentioned in the caption (i.e., 'Spring Looks'), can also be resonated within the visual portrayals. \n\nWhile there may be minor variations in the specific cover layouts (such as the position of the text or background gradient), these do not detract from the overall context, as the elements crucial to identification and representation of the event remain intact. No signs of digital manipulation or alterations emerged during the comparison, further confirming the authenticity of the news image. Therefore, despite potential visual differences, the overall context suggested by the caption is effectively preserved in the news image, making it a valid representation of the described subject.",
      "key_observations": [
        "The subject is identifiably Adele across all images.",
        "Styling, including hair and makeup, is consistent with typical Vogue aesthetic.",
        "The captions and text on the covers are closely aligned in content and placement.",
        "Lighting and color themes remain consistent, reflecting the expected high-fashion styling.",
        "No apparent signs of alteration or manipulation detected."
      ]
    }
  },
  "final_result": {
    "OOC": false,
    "confidence_score": 9,
    "explanation": "Both the internal and external checks indicate that the news caption accurately represents the image. The internal check, with a confidence score of 9, confirms that the visual entities ('Adele', 'Vogue', 'Mert and Marcus') align with the caption's description. The external check, also with a confidence score of 9 and an alignment score of 90, demonstrates high visual consistency between the news image and reference images of Adele on the cover of Vogue. Given the agreement between both checks and the high confidence and alignment scores, the caption is deemed to be an accurate representation of the image.",
    "validation_summary": "Both internal and external checks confirm the caption's accuracy, with high confidence and alignment scores, indicating that the image accurately depicts Adele on the cover of Vogue."
  },
  "inference_time": 10.309879779815674
}