{
  "caption": "No 12 Washington DullesAbu Dhabi United Arab Emirates Etihad Airways Block time of 13 hours 10 minutes",
  "ground_truth": false,
  "internal_check": {
    "visual_entities": [
      "Airbus",
      "Aircraft",
      "Boeing 777",
      "Airline",
      "Airplane",
      "Boeing 787 Dreamliner",
      "Flight",
      "Boeing",
      "Aviation",
      "Qatar Airways",
      "Akbar Al Baker",
      "airline"
    ],
    "image_evidences": [],
    "result": {
      "confidence_score": 7,
      "explanation": "The caption mentions 'Etihad Airways' and 'Abu Dhabi', which could potentially relate to the presence of 'Airline' and 'Aircraft' visual entities. The mention of 'Washington Dulles' could indirectly relate to the broader context of 'Aviation' and 'Flight'. However, the specific 'Block time of 13 hours 10 minutes' is not visually verifiable from the detected entities alone.  The presence of 'Boeing' and 'Airbus' as detected entities aligns with the news content discussing Boeing and its industry context. Overall, there is a partial alignment, but without more specific visual details corresponding to flight times or destinations, a definitive 'True' verdict is not fully supported.",
      "verdict": false
    }
  },
  "external_check": {
    "text_evidences": [
      {
        "title": "The world's 20 longest Dreamliner routes",
        "content": "The world's 20 longest Dreamliner routes",
        "caption": "No. 12: Washington Dulles-Abu Dhabi, United Arab Emirates; Etihad Airways. Block time of 13 hours, 10 minutes.",
        "domain": "www.usatoday.com"
      },
      {
        "title": "These are the world's 20 longest Boeing 787 Dreamliner flights - 2017",
        "content": "These are the world's 20 longest Boeing 787 Dreamliner flights - 2017",
        "caption": "No. 19: Washington Dulles-Abu Dhabi, United Arab Emirates (7,073 miles); Etihad Airways); Block time of 14 hours, 10 minutes.",
        "domain": "www.usatoday.com"
      },
      {
        "title": "The world's 20 longest Dreamliner routes",
        "content": "The world's 20 longest Dreamliner routes",
        "caption": "No. 4: Abu Dhabi, United Arab Emirates-Brisbane, Australia (7,459 miles); Etihad Airways. Block time of 13 hours, 50 minutes.",
        "domain": "www.usatoday.com"
      }
    ],
    "result": {
      "verdict": true,
      "alignment_score": 90,
      "confidence_score": 8,
      "explanation": "The news image depicts an Etihad Airways plane taking off from an airport, specifically a Boeing 787 which matches the description in the given caption. When compared to the reference images, there are several notable similarities and some minor differences. All images feature the same plane model and design, highlighting a consistent visual identity with the Etihad Airways livery. Temporal factors, such as lighting and weather, appear consistent across all images, with cloud patterns and overall daylight conditions being similar, indicating they could have been taken around the same time. The spatial relationships are also broadly consistent; the plane's position relative to the airport runway in the news image aligns well with those in reference images, showing takeoff behavior. Minor variations in the angle or background details exist, but they do not significantly detract from the overall context regarding the Etihad Airways flight leaving Washington Dulles towards Abu Dhabi. Therefore, these references remain contextually relevant despite slight visual deviations. There are no clear signs of manipulation in any of the images; all appear naturally captured. Overall, the news image presents a highly plausible scenario that is aligned with the referenced context.",
      "key_observations": "- The featured aircraft in the news image is an Etihad Airways Boeing 787, consistent with the references.\n- All images capture takeoff situations, reinforcing the event described in the caption.\n- Lighting conditions and cloud visibility are similar, suggesting a comparable temporal context.\n- No significant signs of digital manipulation detected.\n- Minor differences in camera angle and background elements among the images, but these are not misleading in terms of the core message."
    }
  },
  "final_result": {
    "OOC": false,
    "confidence_score": 8,
    "explanation": "The internal check indicated a potential mismatch with a confidence score of 7, noting that the block time was not visually verifiable and the alignment was only partial. However, the external check, with a higher confidence score of 8 and an alignment score of 90, strongly supports the caption's accuracy. The external check confirms that the image depicts an Etihad Airways plane taking off from Washington Dulles, consistent with the caption's description of a flight to Abu Dhabi. Given the strong external validation and higher confidence, the caption is deemed not out of context, overriding the concerns raised in the internal check. Therefore, the final verdict is that the caption accurately represents the image.",
    "validation_summary": "The internal and external checks conflict. External check, having higher confidence and alignment scores, confirms caption's accuracy. Thus, caption is not OOC."
  },
  "inference_time": 16.188965559005737
}