{
  "caption": "Pope Francis kisses a statue of the baby Jesus as he leaves at the end of a Mass at St Peter s Basilica on Jan 1",
  "ground_truth": true,
  "internal_check": {
    "visual_entities": [
      "Carpet",
      "gown / M",
      "Tradition",
      "Ceremony",
      "Socialite",
      "Costume",
      "Pope",
      "Gown",
      "tradition"
    ],
    "image_evidences": [],
    "result": {
      "confidence_score": 9,
      "explanation": "The news caption describes Pope Francis kissing a statue of the baby Jesus at St Peter's Basilica. The detected visual entities include 'Pope' and 'Tradition,' 'Ceremony,' which align with the described scene of a Mass. The presence of 'Gown,' 'Costume' and 'gown / M' also fits the religious context. Therefore, the caption accurately represents the visual content based on the detected entities.",
      "verdict": true
    }
  },
  "external_check": {
    "text_evidences": [
      {
        "title": "Pope Francis encourages breastfeeding in Sistine Chapel",
        "content": "635559533206922023-AFP- ...",
        "caption": "Pope Francis kisses a statue of the baby Jesus as he leaves at the end of a Mass at St Peter's Basilica on Jan. 1.",
        "domain": "www.usatoday.com"
      },
      {
        "title": "'Lord, I love you': Aide recounts Benedict's last words | AP News",
        "content": "Lord, I love you': Aide recounts Benedict's last words | AP News",
        "caption": "Pope Francis kisses a statue of Baby Jesus as he attends a Mass for the solemnity of St. Mary at the beginning of the new year, in St. Peter's Basilica at the Vatican, Sunday, Jan. 1, 2023. Pope Emeritus Benedict XVI, the German theologian who will be remembered as the first pope in 600 years to resign, has died, the Vatican announced Saturday. He was 95. (AP Photo/Andrew Medichini)",
        "domain": "apnews.com"
      }
    ],
    "result": {
      "verdict": false,
      "alignment_score": 30,
      "confidence_score": 6,
      "explanation": "The news image depicts Pope Francis interacting with a child, which does not align with the central event described in the caption that specifically references him kissing a statue of the baby Jesus after a Mass. The core visual elements expected based on the caption include the statue of the baby Jesus and the context of a religious ceremony inside St. Peter's Basilica. In contrast, the news image shows a different setting with a young girl in traditional attire, and not the revered statue. \n\nWhile Pope Francis is recognizable in both the news image and the reference images, the subject matter and context differ greatly. The reference images show Pope Francis kissing statue representations of the baby Jesus, surrounded by seasonal decorations and likely during a liturgical ceremony, indicating a solemn religious context. \n\nThe reference images also adhere closely to the temporal indicators of being set during a Mass on January 1, with appropriate lighting and decorations typical of church ceremonies, while the news image lacks these markers. The setting appears outdoor-oriented, diminishing its connection to the described solemnity in the caption. \n\nNo clear signs of digital manipulation are observed in the news image, yet it presents a starkly different scene, affecting the story's authenticity. Therefore, the news image is misleading regarding the event it aims to represent.",
      "key_observations": [
        "Pope Francis is present in both images.",
        "News image depicts a child and an unrelated setting, whereas reference images focus on the baby Jesus statue in a church context.",
        "Reference images exhibit attributes consistent with a religious setting (decorations, attire) and January 1, contrasting the casual outdoor scene in the news image.",
        "No signs of digital manipulation were detected, but significant contextual disparities exist."
      ]
    }
  },
  "final_result": {
    "OOC": true,
    "confidence_score": 8,
    "explanation": "The internal check suggests the caption aligns with the image due to the presence of 'Pope' and elements fitting a religious context, yielding a high confidence score (9) and a 'True' verdict. However, the external check, while having a lower confidence score (6), strongly indicates a mismatch. The external check highlights that the image depicts Pope Francis with a child in a setting distinct from the described Mass and statue of baby Jesus. The external check's alignment score is 30, indicating low alignment. Given the considerable contextual difference identified by the external check, the caption is deemed inaccurate. The overall confidence is set to 8, acknowledging the slightly lower confidence of the external check but prioritizing its contextual analysis.",
    "validation_summary": "Internal check indicates a match, while the external check shows a contextual mismatch. The external check reveals significant differences between the described event (kissing a statue of baby Jesus during Mass) and the image (Pope with a child in a different setting), leading to an out-of-context determination."
  },
  "inference_time": 9.338340520858765
}