{
  "caption": "Mr Hammond praised the generosity of countries taking in Syrian refugees",
  "ground_truth": false,
  "internal_check": {
    "visual_entities": [
      "Outdoor recreation",
      "Adventure",
      "Soil",
      "Plant",
      "Water",
      "Tree",
      "Recreation",
      "Biology",
      "Science",
      "Adventure",
      "tree"
    ],
    "image_evidences": [],
    "result": {
      "confidence_score": 2,
      "explanation": "The news caption discusses Mr. Hammond praising the generosity of countries taking in Syrian refugees. However, the detected visual entities include elements such as 'Outdoor recreation', 'Adventure', 'Soil', 'Plant', 'Water', 'Tree', 'Recreation', 'Biology', 'Science', and 'tree'. These entities do not directly relate to the concept of Syrian refugees or the generosity of countries hosting them. There is no visual evidence to support the claims made in the caption based on the detected entities. The confidence score is very low because the detected objects have almost no correlation with the caption's subject.",
      "verdict": false
    }
  },
  "external_check": {
    "text_evidences": [
      {
        "title": "Philip Hammond: Russia 'must confirm Syria air strike target' - BBC News",
        "content": "Philip Hammond: Russia 'must confirm Syria air strike target ...",
        "caption": "Foreign Secretary Philip Hammond with United States Ambassador to the UN, Samantha Power, at the UN Security Council meeting",
        "domain": "www.bbc.com"
      },
      {
        "title": "Philip Hammond: Russia 'must confirm Syria air strike target' - BBC News",
        "content": "Philip Hammond: Russia 'must confirm Syria air strike target ...",
        "caption": "Foreign Secretary Philip Hammond with United States Ambassador to the UN, Samantha Power, at the UN Security Council meeting",
        "domain": "www.bbc.com"
      },
      {
        "title": "Philip Hammond: Russia 'must confirm Syria air strike target' - BBC News",
        "content": "Philip Hammond: Russia 'must confirm Syria air strike target ...",
        "caption": "Foreign Secretary Philip Hammond with United States Ambassador to the UN, Samantha Power, at the UN Security Council meeting",
        "domain": "www.bbc.com"
      },
      {
        "title": "Philip Hammond: Russia 'must confirm Syria air strike target' - BBC News",
        "content": "Philip Hammond: Russia 'must confirm Syria air strike target ...",
        "caption": "Screengrab from video posted online by opposition activist purportedly showing aftermath of Russian air strikes in Talbiseh, Homs province, Syria (30 September 2015)",
        "domain": "www.bbc.com"
      },
      {
        "title": "Philip Hammond: Russia 'must confirm Syria air strike target' - BBC News",
        "content": "Philip Hammond: Russia 'must confirm Syria air strike target ...",
        "caption": "Screengrab from video posted online by opposition activist purportedly showing aftermath of Russian air strikes in Talbiseh, Homs province, Syria (30 September 2015)",
        "domain": "www.bbc.com"
      }
    ],
    "result": {
      "verdict": false,
      "alignment_score": 20,
      "confidence_score": 7,
      "explanation": "The primary news image portrays two children, with one child appearing distressed and seated on rocky terrain, which suggests a context related to hardships faced by refugees. This aligns generally with the caption discussing the generosity of countries taking in Syrian refugees. However, the reference images retrieved primarily focus on political figures in a formal setting, specifically a meeting likely concerning global policies, bridging no visual connection to refugee experiences or Syrian migrants. Thus, while the subjects (children, possibly refugees) are relevant to the context of Syrian refugees, the absence of aligned visual elements from the reference images, which depict politicians, significantly undermines the alignment. Additionally, there appears to be no visual indicators of manipulation present in the news image. Lighting and environmental elements in the news image do convey an atmosphere of struggle, which matches the context implied by the caption but does not match the subjects or context presented in the reference images.",
      "key_observations": [
        "The news image depicts two children in a distressful setting, hinting at refugee struggles, while reference images show formal political discussions, creating a lack of thematic connection.",
        "The environments depict disparate contexts: one focused on the refugee experience and the other on political interactions.",
        "Temporal consistency was maintained in the news image, which reflects the ongoing situation pertaining to refugees, but it doesn't align visually with the referenced political imagery.",
        "No manipulation or irregularities detected in the news image; its composition conveys emotional depth related to refugee experiences."
      ]
    }
  },
  "final_result": {
    "OOC": true,
    "confidence_score": 7,
    "explanation": "The internal check determined the caption to be out of context due to a mismatch between the caption's reference to Syrian refugees and the detected visual entities related to outdoor recreation, resulting in a low confidence score of 2. The external check also indicated the caption was out of context, aligning with a score of 20, though its higher confidence score of 7 arises because the news image displays children in distress (possibly refugees), a theme superficially related to the caption, although the reference images show politicians. Although the external check has a higher confidence score, both checks indicate the caption is, in fact, out of context, supporting the conclusion that the caption doesn't accurately represent the image. Therefore, we conclude that the caption is out of context.",
    "validation_summary": "Both internal and external checks suggest that the caption is out of context, despite the higher confidence score of the external check. The internal check reveals a complete mismatch between the entities in the image and the caption's topic. While the external check finds some thematic relevance of the news image (children in distress) to the caption's topic, the lack of alignment with reference images depicting politicians leads to the final determination that the caption is inaccurate."
  },
  "inference_time": 12.32641887664795
}