{
  "caption": "Hairdresser Vidal Sassoon in Los Angeles with Ronnie his fourth wife",
  "ground_truth": true,
  "internal_check": {
    "visual_entities": [
      "Vidal Sassoon",
      "Mary Quant",
      "Swinging Sixties",
      "Hairstyle",
      "Hairdresser",
      "Bob cut",
      "Fashion",
      "Fashion Designer",
      "Beauty Parlour",
      "Hair",
      "Fashion design",
      "Model",
      "Bowl cut",
      "Leonard of Mayfair",
      "Rudi Gernreich",
      "vidal sassoon et mary quant"
    ],
    "image_evidences": [
      {
        "title": "From monobosoms to shoulder pads: The best of  Women Fashion Power  in pictures | Fashion | The Guardian",
        "content": "",
        "caption": "Mary Quant  is given a haircut by Vidal Sassoon in 1964",
        "domain": "www.theguardian.com"
      },
      {
        "title": "From Twiggy to Germaine Greer: eight classic images of powerful women | Fashion | The Guardian",
        "content": "",
        "caption": "Vidal Sassoon gives Mary Quant a hair cut.",
        "domain": "www.theguardian.com"
      },
      {
        "title": "Vidal Sassoon, the man who invented modern hairdressing, dies aged 84 | The Independent | The Independent",
        "content": "",
        "caption": "Mary Quant having her hair cut by Vidal Sassoon in 1964",
        "domain": "www.independent.co.uk"
      }
    ],
    "result": {
      "confidence_score": 8,
      "explanation": "The news caption mentions Vidal Sassoon in Los Angeles with his fourth wife, Ronnie. While the provided images show Vidal Sassoon, they depict him with Mary Quant, a fashion designer, and are taken in 1964. The images are relevant to Vidal Sassoon's career and influence as a hairdresser, as referenced in the news content, specifically mentioning Mary Quant calling him the 'Chanel of hair'. However, they don't visually support the specific claim about him being in Los Angeles with his fourth wife, Ronnie. The images confirm his work with prominent figures and his impact on the fashion industry, aligning with the news content's description of his career. The source domains, such as theguardian.com and independent.co.uk, are credible news outlets. The absence of images directly showing Vidal Sassoon with his fourth wife in Los Angeles reduces the support for the original caption, although the provided images accurately portray aspects of his career described in the accompanying news article.",
      "verdict": false
    }
  },
  "external_check": {
    "text_evidences": [
      {
        "title": "Vidal Sassoon dies at Los Angeles home aged 84 | Vidal Sassoon | The Guardian",
        "content": "Vidal Sassoon dies at Los Angeles home aged 84 | Vidal Sassoon ...",
        "caption": "Hairdresser Vidal Sassoon in Los Angeles with Ronnie, his fourth wife. Photograph: Richard Young / Rex Features",
        "domain": "www.theguardian.com"
      },
      {
        "title": "The stars come out to remember Vidal Sassoon",
        "content": "The stars come out to remember Vidal Sassoon",
        "caption": "Ronnie Sassoon, wife of late British hairdresser Vidal Sassoon, arrives at St Pauls Cathedral in London",
        "domain": "www.thetimes.com"
      }
    ],
    "result": {
      "verdict": false,
      "alignment_score": 35,
      "confidence_score": 6,
      "explanation": "The news image depicts a prominent hairdresser with a client in a salon setting, whereas the reference images focus on personal and social scenes involving hairdresser Vidal Sassoon and his wife. The hairdresser in the news image has distinct characteristics and appears to be engaging in a hair-cutting process, which diverges from the more casual and social context of Sassoon in the reference images. Furthermore, the reference images suggest Sassoon's later life, suggesting they might not be temporally aligned with the era depicted in the news image. The lighting in the news image is more subdued and professional compared to the brighter and more casual settings of the reference images. There appear to be no signs of digital manipulation in the news image, but the differences in context and subject make it unlikely to represent the scenario described in the caption accurately. As such, while both images relate to hairdressing, the differences in subjects and contexts renders the news image potentially misleading in relation to the caption.",
      "key_observations": [
        "The news image shows a male hairdresser actively cutting hair in a salon.",
        "The reference images focus more on personal interactions with Sassoon and his wife, lacking any hairdressing activity.",
        "Lighting and composition of the news image are more professional compared to the casual atmosphere of the reference images.",
        "Temporal discrepancy exists, as the styles and contexts in the news image differ from the later life settings of Sassoon seen in the references."
      ]
    }
  },
  "final_result": {
    "OOC": true,
    "confidence_score": 7,
    "explanation": "The internal check, with a confidence score of 8, indicates the caption is inaccurate because the image shows Vidal Sassoon with Mary Quant in 1964, not with his fourth wife, Ronnie, in Los Angeles. The external check, though having a lower confidence score of 6, supports this by noting discrepancies between the news image and reference images of Sassoon with his wife. Although the external check focuses on a general comparison, its findings align with the internal check's conclusion that the image does not accurately represent the caption's specific claim. Given that both checks point to the caption being inaccurate, with the internal check having a higher confidence score and specific evidence, the final verdict is that the caption is out of context. The confidence score is set to 7 to reflect uncertainty due to the moderate confidence score in the external check.",
    "validation_summary": "Both internal and external checks suggest the caption is inaccurate. The image shows Vidal Sassoon with Mary Quant, not with his fourth wife Ronnie in Los Angeles, as claimed in the caption. Internal check has slightly higher confidence."
  },
  "inference_time": 10.628362894058228
}