{
  "caption": "Presidential Candidate Donald Trump tosses an object into the crowd during his campaign appearance in Melbourne",
  "ground_truth": true,
  "internal_check": {
    "visual_entities": [
      "Republican National Convention",
      "Presidency of Donald Trump",
      "United States",
      "Politics",
      "Presidential nominee",
      "President of the United States",
      "Candidate",
      "Mike Pence",
      "Donald Trump"
    ],
    "image_evidences": [],
    "result": {
      "confidence_score": 9,
      "explanation": "The news caption mentions \"Presidential Candidate Donald Trump\" and the detected visual entities include \"Donald Trump\", \"Presidential nominee\", and \"President of the United States\", indicating a strong alignment. The caption also mentions Trump \"tosses an object into the crowd\". While we can't verify the action of tossing without seeing the image, the presence of Trump as a presidential candidate is confirmed by the detected entities, leading to a high confidence level. The news content further supports this by detailing Trump's campaign appearance and his statements.",
      "verdict": true
    }
  },
  "external_check": {
    "text_evidences": [
      {
        "title": "Nov. 8, 2022 US election coverage | CNN Politics",
        "content": "Nov. 8, 2022 US election coverage | CNN Politics",
        "caption": "(Charles Krupa/AP)",
        "domain": "www.cnn.com"
      },
      {
        "title": "Nov. 8, 2022 US election coverage | CNN Politics",
        "content": "Nov. 8, 2022 US election coverage | CNN Politics",
        "caption": "(Charles Krupa/AP)",
        "domain": "www.cnn.com"
      }
    ],
    "result": {
      "verdict": false,
      "alignment_score": 25,
      "confidence_score": 7,
      "explanation": "The news image shows Donald Trump waving, which doesn't directly correlate with the action of tossing an object into the crowd as stated in the caption. The reference images show different political figures engaged in speaking or engaging with their audience, but the environment and actions depicted differ significantly. Visually, Trump's image has different lighting and background elements than those in the reference images, which showcase lively crowds and different contexts entirely. The spatial relationships and positioning of Trump in the news image also contrast with the depicted energetic interactions of other candidates in the reference images, leading to the conclusion that the core context does not align. While they all represent campaign appearances, the specifics of the actions and settings are inconsistent enough to question the authenticity of the portrayal in the news image.",
      "key_observations": "- Trump depicted waving versus tossing an object (main action difference).\n- Lighting and environmental elements differ from reference images.\n- Reference images involve other candidates with enthusiastic crowd interactions, contrasting Trump's static pose.\n- Overall setting context of vigorous campaign activity is not reflected in the news image."
    }
  },
  "final_result": {
    "OOC": true,
    "confidence_score": 8,
    "explanation": "The internal check indicates a high confidence (9) that the caption aligns with the image content, based on the presence of 'Donald Trump' and references to his presidential candidacy in both. However, the external check contradicts this, asserting with a confidence of 7 and an alignment score of 25 that the image of Trump waving does not match the caption's description of him 'tossing an object into the crowd.' Given the direct conflict between the described action in the caption ('tossing an object') and the visual evidence ('waving'), the external check identifying the mismatch in action is given precedence. The external check's explanation clearly articulates the discrepancies and provides specific observations. Therefore, the caption is considered out of context. Although the internal check confirms Trump's presence, it misses the crucial action mismatch. Since the image doesn't depict the action described, it is OOC.",
    "validation_summary": "Internal check suggests alignment based on Trump's presence, but external check reveals a mismatch between the caption's description of Trump tossing an object and the image of him waving. The action mismatch indicates an out-of-context caption."
  },
  "inference_time": 12.01756501197815
}