{
  "caption": "Prime Minister of Italy Mario Monti",
  "ground_truth": false,
  "internal_check": {
    "visual_entities": [
      "Public speaking",
      "Spokesperson",
      "Business",
      "Public Relations",
      "Businessperson",
      "Entrepreneur",
      "Business magnate",
      "Motivational speaker",
      "Speech",
      "Orator",
      "Executive officer",
      "Business executive",
      "Diplomat M",
      "public speaking"
    ],
    "image_evidences": [],
    "result": {
      "confidence_score": 7,
      "explanation": "The news caption mentions \"Prime Minister of Italy Mario Monti\". The detected visual entities include \"Businessperson\", \"Entrepreneur\", \"Business magnate\", \"Executive officer\", and \"Diplomat M\", which are broadly consistent with a prime minister. Additionally, \"Public speaking\", \"Spokesperson\", \"Public Relations\", \"Motivational speaker\", \"Speech\", and \"Orator\" suggest a person in a leadership position who gives speeches, fitting the role of a prime minister. However, without an image, it is impossible to definitively confirm that the detected entities specifically represent Mario Monti. Therefore, the alignment is plausible but not certain.",
      "verdict": true
    }
  },
  "external_check": {
    "text_evidences": [],
    "result": null
  },
  "final_result": {
    "OOC": false,
    "confidence_score": 7,
    "explanation": "The internal check result suggests a plausible alignment between the news caption 'Prime Minister of Italy Mario Monti' and the likely visual content, assigning a confidence score of 7. The detected visual entities like 'Businessperson', 'Entrepreneur', and 'Diplomat' align with the role of a prime minister. The presence of terms like 'Public speaking' and 'Spokesperson' further supports this alignment. The internal check's 'verdict' is True. The external check result is 'None', indicating a lack of external validation data. Given the positive internal check and the absence of conflicting external information, the caption is deemed not out of context. The confidence score reflects the reliance on internal checks alone.",
    "validation_summary": "The internal check indicates that the caption plausibly represents the image content. No external check data is available."
  },
  "inference_time": 4.364017486572266
}