{
  "caption": "Beckham celebrates a 2006 World Cup win",
  "ground_truth": true,
  "internal_check": {
    "visual_entities": [
      "The Three Lions",
      "England national football team",
      "Tuxedo M.",
      "Farce",
      "Humour",
      "Gentleman",
      "Review",
      "Will and testament",
      "Microsoft Excel",
      "William Gaminara",
      "David Beckham",
      "David Cameron",
      "gentleman"
    ],
    "image_evidences": [],
    "result": {
      "confidence_score": 7,
      "explanation": "The news caption mentions \"Beckham celebrates a 2006 World Cup win\". Among the detected entities, \"David Beckham\" is present. However, the other detected entities do not provide specific details about the event (2006 World Cup) or celebration. The news content discusses Beckham's retirement and career highlights but lacks a clear connection to a specific celebration related to a 2006 World Cup win. Thus, while Beckham is present, the full context of the caption (celebration, 2006 World Cup win) cannot be fully confirmed based on the detected entities alone. There's no direct contradiction, but also no strong support.",
      "verdict": false
    }
  },
  "external_check": {
    "text_evidences": [
      {
        "title": "World Cup: Best players never to play in it or never to win a title - Los Angeles Times",
        "content": "World Cup: Best players never to play in it or never to win a ...",
        "caption": "England's David Beckham celebrates after scoring the opening goal during a round of 16 World Cup match against Ecuador on June 25, 2006.",
        "domain": "www.latimes.com"
      },
      {
        "title": "World Cup: Best players never to play in it or never to win a title - Los Angeles Times",
        "content": "World Cup: Best players never to play in it or never to win a ...",
        "caption": "England's David Beckham celebrates after scoring the opening goal during a round of 16 World Cup match against Ecuador on June 25, 2006.",
        "domain": "www.latimes.com"
      }
    ],
    "result": {
      "verdict": false,
      "alignment_score": 15,
      "confidence_score": 9,
      "explanation": "The news image does not align with the context described in the caption \"Beckham celebrates a 2006 World Cup win.\" The news image depicts three men in formal suits laughing and appears to be from a theatre setting or an event unrelated to soccer. In contrast, the reference images feature David Beckham in an England football jersey, celebrating a goal during the World Cup, which is a key visual element expected from the caption. \n\nUpon reviewing the reference images, key visual elements expected in accordance with the caption include: \n1. **Subject**: Beckham in soccer gear, clearly identifiable based on the context (celebrating a World Cup win). \n2. **Setting**: Outdoor stadium filled with fans, reflecting the atmosphere of sporting events. In stark contrast, the setting of the news image is an indoor, non-sporting environment. \n3. **Emotions**: The emotion conveyed in the reference images is one of ecstasy and celebration, while the news image features a light-hearted, social interaction that lacks any sporting context. \n \nTemporal consistency checks reveal that the reference images are from the 2006 World Cup, while the news image's time cannot be verified but does not reflect any implied timeline. \n \nThere are no identifiable manipulations in the news image, but its failure to represent the sporting environment calls into question its relevance to the provided caption. \n\nOverall, the significant differences in visual elements, context, and atmosphere between the news image and the referenced context of Beckham's World Cup celebration lead to a low alignment score.",
      "key_observations": [
        "Subjects: News image features three men in suits; reference images feature David Beckham in soccer gear celebrating.",
        "Setting: Indoor non-sporting context versus an outdoor stadium during a sporting event.",
        "Emotion: Light-hearted banter in the news image versus celebration and excitement in reference images."
      ]
    }
  },
  "final_result": {
    "OOC": true,
    "confidence_score": 9,
    "explanation": "The internal check suggests a potential issue because the news content doesn't strongly support the caption's specific claim about a '2006 World Cup win celebration' featuring Beckham. However, the external check definitively flags the image as out-of-context (OOC). The external check has a high confidence score (9) and a low alignment score (15), confirming that the image does not depict Beckham celebrating a 2006 World Cup win. Instead, it shows three men in suits, unrelated to a sporting event. Since the external check strongly indicates that the image is unrelated to the caption and the internal check provides no contradictory evidence, I conclude the caption is out of context. The limitations include the lack of a direct contradiction from the internal check, but the strong negative evidence from the external check outweighs this.",
    "validation_summary": "The internal check is inconclusive, but the external check strongly indicates that the image does not depict Beckham celebrating a 2006 World Cup win, resulting in a determination that the caption is out of context."
  },
  "inference_time": 12.969754457473755
}