{
  "caption": "Martin Shkreli former CEO of Turing Pharmaceuticals shown leaving federal court in Brooklyn NY following his arraignment on securities fraud charges",
  "ground_truth": false,
  "internal_check": {
    "visual_entities": [
      "Benjamin Brafman",
      "Chief Executive Officer",
      "Vyera Pharmaceuticals",
      "Brooklyn",
      "Pharmaceutical industry",
      "Former pharmaceutical CEO Martin Shkreli",
      "Entrepreneur",
      "Arraignment",
      "Prescription drug",
      "Criminal charge",
      "Hedge fund",
      "Biotechnology",
      "Martin Shkreli"
    ],
    "image_evidences": [
      {
        "title": "Shkreli resigns as Turing Pharma CEO",
        "content": "",
        "caption": "Martin Shkreli, former CEO of Turing Pharmaceuticals, shown leaving federal court in Brooklyn, N.Y. following his arraignment on securities fraud charges.",
        "domain": "www.usatoday.com"
      },
      {
        "title": "Pharma firm records shed light on price hikes",
        "content": "",
        "caption": "File photo taken in Dec. 2015 shows former Turing Pharmaceuticals CEO Martin Shkreli leaving federal court in Brooklyn, N.Y. after being arraigned on securities fraud charges.",
        "domain": "www.usatoday.com"
      },
      {
        "title": "Martin Shkreli Is Out as CEO of Another Biotech Company He Founded",
        "content": "",
        "caption": "Martin Shkreli, chief executive of Turing Pharmaceuticals, leaves a federal courthouse following an arraignment on charges of securities fraud in Brooklyn, New York, on Dec. 17.",
        "domain": "www.nbcnews.com"
      },
      {
        "title": "Did Martin Shkreli Engineer Fake Takeover of Health-Care Firm?",
        "content": "",
        "caption": "Martin Shkreli, chief executive of Turing Pharmaceuticals, leaves a federal courthouse Thursday following an arraignment on charges of securities fraud in Brooklyn, New York.",
        "domain": "www.nbcnews.com"
      },
      {
        "title": "Martin Shkreli arrested - Los Angeles Times",
        "content": "",
        "caption": "Martin Shkreli leaves the federal courthouse in Brooklyn, N.Y., after his on Dec. 17, 2015, arraignment on securities fraud charges.",
        "domain": "www.latimes.com"
      }
    ],
    "result": {
      "confidence_score": 10,
      "explanation": "The news caption describes Martin Shkreli leaving federal court in Brooklyn, NY, following his arraignment on securities fraud charges. The image evidences provided show Martin Shkreli leaving a federal courthouse in Brooklyn after his arraignment on securities fraud charges. The titles and captions of the images explicitly mention Martin Shkreli as a former CEO of Turing Pharmaceuticals or chief executive of Turing Pharmaceuticals leaving the federal court in Brooklyn following his arraignment. All the images consistently depict the same event described in the news caption. The domains of the image sources (usatoday.com, nbcnews.com, latimes.com) are credible news organizations.",
      "verdict": true
    }
  },
  "external_check": {
    "text_evidences": [
      {
        "title": "Shkreli resigns as Turing Pharma CEO",
        "content": "Shkreli resigns as Turing Pharma CEO",
        "caption": "Martin Shkreli, former CEO of Turing Pharmaceuticals, shown leaving federal court in Brooklyn, N.Y. following his arraignment on securities fraud charges.",
        "domain": "www.usatoday.com"
      },
      {
        "title": "Pharma entrepreneur Martin Shkreli worth at least $45M",
        "content": "Pharma entrepreneur Martin Shkreli worth at least $45M",
        "caption": "File photo taken in Dec. 2015 shows pharma entrepreneur Martin Shkreli leaving federal court in Brooklyn, N.Y. after being arraigned on securities fraud charges.",
        "domain": "www.usatoday.com"
      },
      {
        "title": "Pharma Bro Martin Shkreli arrested for securities fraud  The Denver Post",
        "content": "Pharma Bro Martin Shkreli arrested for securities fraud  The ...",
        "caption": "Martin Shkreli leaves the court after Thursdays arraignment.",
        "domain": "www.denverpost.com"
      }
    ],
    "result": {
      "verdict": true,
      "alignment_score": 90,
      "confidence_score": 9,
      "explanation": "The news image distinctly depicts Martin Shkreli leaving federal court, consistent with the context outlined in the caption. Key visual elements, such as Shkreli's clothing, sunglasses, and the closeness of surrounding individuals, align well with reference images. The background features a blurred crowd of reporters, which is commonly observed during such events, portraying a consistent atmospheric setting. The light conditions appear similar across images, suggesting the same time of day, likely overcast, aligning with typical courthouse settings. Additional reference images confirm this environmental consistency as they also capture similar lighting and weather conditions. \n\nHowever, minor variations such as small differences in facial expressions or specific framing might be noted, but do not impact the core context being represented. The camera angles are consistent, shooting from an elevated position typical when capturing high-profile individuals leaving a crowded setting. There were no clear signs of digital manipulation or irregularities in the news image, reinforcing its authenticity. Overall, while there are slight visual differences, the news image accurately represents the context described in the caption, indicating a high degree of alignment and potential validity of the depicted scenario.",
      "key_observations": "- Subjects match: Martin Shkreli prominently featured, wearing sunglasses and dark clothing as per reference images.\n- Background is consistent with the courthouse environment and presence of a crowd of photographers and reporters.\n- Lighting seems aligned across images, with overcast conditions evident, indicating a similar time of day.\n- Composition matches typical framing during exits from judicial proceedings.\n- No evident signs of digital manipulation or irregularities in the news image."
    }
  },
  "final_result": {
    "OOC": false,
    "confidence_score": 9,
    "explanation": "Both the internal and external checks indicate that the news caption accurately represents the image. The internal check, with a confidence score of 10, confirms that the image shows Martin Shkreli leaving federal court in Brooklyn after his arraignment on securities fraud charges, which aligns with the caption. The external check, with a confidence score of 9 and an alignment score of 90, further validates this by comparing the image to reference images and confirming consistency in subjects, background, lighting, and composition. Since both checks agree and have high confidence and alignment scores, the caption is not out of context.",
    "validation_summary": "Both internal and external checks confirm the caption accurately represents the image, indicating it is not out of context."
  },
  "inference_time": 9.327317237854004
}