{
  "caption": "London EnglandChinese artist Ai Weiwei poses for photographers at the Royal Academy of Arts in London",
  "ground_truth": false,
  "internal_check": {
    "visual_entities": [
      "Visual Artist",
      "China",
      "Artist",
      "Royal Academy of Arts",
      "Visual arts",
      "Chinese art",
      "Government of China",
      "Exhibition",
      "Dissident",
      "Ai Weiwei",
      "Ai Weiwei Drifting",
      "tree"
    ],
    "image_evidences": [
      {
        "title": "Ai Weiwei criticized by China's ambassador to Britain - Los Angeles Times",
        "content": "",
        "caption": "Chinese artist Ai Weiwei poses for photographers with one of his pieces at his exhibition at the Royal Academy of Arts in London on Sept. 15.",
        "domain": "www.latimes.com"
      }
    ],
    "result": {
      "confidence_score": 10,
      "explanation": "The news caption describes Ai Weiwei posing for photographers at the Royal Academy of Arts in London. The provided image evidence shows Ai Weiwei posing for photographers with one of his pieces at his exhibition at the Royal Academy of Arts in London. The domain (www.latimes.com) is credible. The visual entities detected align with the image. Therefore, the image provides reasonable visual support for the news caption.",
      "verdict": true
    }
  },
  "external_check": {
    "text_evidences": [],
    "result": null
  },
  "final_result": {
    "OOC": false,
    "confidence_score": 10,
    "explanation": "The internal check result confirms that the news caption accurately represents the image content. The caption describes Ai Weiwei posing for photographers at the Royal Academy of Arts in London, and the image shows exactly that. The internal check has a confidence score of 10. There is no external check result available. Therefore, based on the available evidence, the caption is not out of context.",
    "validation_summary": "The internal check confirms the caption accurately represents the image, showing Ai Weiwei posing at the Royal Academy. No external check data is available."
  },
  "inference_time": 3.176947593688965
}