{
  "caption": "Volunteers gather at the Lake Arthur Community center to fill sand bags in Youngsville La",
  "ground_truth": false,
  "internal_check": {
    "visual_entities": [
      "Lafayette",
      "2016 Louisiana floods",
      "Lake Arthur Community Center",
      "Deep South",
      "Soil",
      "2016",
      "Sandbag",
      "Construction worker",
      "Home",
      "Governor",
      "Sand",
      "Weather",
      "Construction",
      "Lake Arthur",
      "Louisiana",
      "soil"
    ],
    "image_evidences": [],
    "result": {
      "confidence_score": 7,
      "explanation": "The news caption mentions volunteers gathering at Lake Arthur Community center to fill sandbags in Youngsville, Louisiana. The detected visual entities include 'Lake Arthur Community Center', 'Sandbag', 'Sand', and 'Louisiana,' which aligns with the caption's description. The news content also discusses flooding in Louisiana, providing context for the sandbagging activity. The presence of 'Construction worker' and 'Construction' among the detected entities could be related to the sandbagging efforts. However, the entities do not confirm the presence of volunteers, and the specific location of Youngsville is not explicitly detected. Overall, the caption seems to align with the detected entities and the context provided in the news article, though some elements are missing from the detected entities. The confidence score is 7, as there is a reasonable match between the caption and the entities, but it's not a perfect match due to the absence of volunteers in the visual entities.",
      "verdict": true
    }
  },
  "external_check": {
    "text_evidences": [
      {
        "title": "Thousands of people rescued from Louisiana flooding",
        "content": "Thousands of people rescued from Louisiana flooding",
        "caption": "Dylan Heinan piles sandbags as volunteers continue to fill sand bags to stop flood waters from rising in the town of Lake Arthur, La.",
        "domain": "www.usatoday.com"
      },
      {
        "title": "Thousands of people rescued from Louisiana flooding",
        "content": "636070645132531577-XXX-tda. ...",
        "caption": "Dylan Heinan piles sandbags as volunteers continue to fill sand bags to stop flood waters from rising in the town of Lake Arthur, La.",
        "domain": "www.usatoday.com"
      }
    ],
    "result": {
      "verdict": true,
      "alignment_score": 85,
      "confidence_score": 8,
      "explanation": "The analysis of the news image against the reference images indicates a strong alignment in terms of context. The news caption discusses volunteers filling sandbags at a community center, which is reflected in both the news image and the reference images. The primary visual elements include people engaged in the activity of filling sandbags, which is consistent across both sets of images.\n\nIn the news image, volunteers are seen actively involved in filling sandbags, similar to the referenced images where individuals are also engaged in this task. The scene presents similarities in composition and action, confirming that the core context of the news event is maintained.\n\n**Key Observations:**  \n- **Subject Activity:** Both images depict individuals filling sandbags, confirming alignment with the caption's focus on volunteer efforts.  \n- **Lighting and Environment:** The lighting in all images suggests a clear day, further supporting the outdoor setting of a community activity.  \n- **Background Elements:** Reference images display a similar backdrop of sandbags and piles of sand, consistent with the community task being performed.  \n- **People:** Various individuals are participating in the activity, aligning with the mention of volunteers in the caption.\n- **Composition:** The composition appears similar, with distant people engaged in the same effort, maintaining the overall narrative.\n\nWhile there are some minor visual differences (like specific individuals, exact positions, and perhaps the arrangement of materials), these do not detract from the overall context presented in the caption. Thus, the news image remains authentic and appropriately representative of the situation described, leading to a verdict of True.",
      "key_observations": "- Subject activity (filling sandbags) aligns in both news and reference images.  \n- Lighting suggests similar outdoor conditions in all images.  \n- Background elements (sand and sandbags) are consistent across images.  \n- Composition similarities in overall volunteer activity context.  \n- Minor differences in individual placements and specific materials do not affect overall representation."
    }
  },
  "final_result": {
    "OOC": false,
    "confidence_score": 8,
    "explanation": "Both the internal and external checks suggest the caption accurately represents the image. The internal check has a confidence score of 7 and confirms that the entities detected in the image (Lake Arthur Community Center, Sandbags, Sand, Louisiana) align with the caption's description. The external check, with a confidence score of 8 and an alignment score of 85, further supports this by confirming that the image shows volunteers filling sandbags, consistent with reference images and the caption. Although the internal check notes the absence of explicit volunteer detection in the visual entities, the external check confirms the presence of volunteers. Given the alignment between the caption and image content, the caption is deemed not out of context.",
    "validation_summary": "Both internal and external checks confirm the caption accurately represents the image, depicting volunteers filling sandbags at a community center in Louisiana. The external check reinforces the presence of volunteers."
  },
  "inference_time": 14.86264419555664
}