{
  "caption": "The interior of the redesigned 2015 Ford Mustang",
  "ground_truth": true,
  "internal_check": {
    "visual_entities": [
      "2015 Chevrolet Tahoe",
      "2021 Chevrolet Tahoe",
      "2013 Chevrolet Tahoe",
      "2014 Chevrolet Tahoe",
      "2016 Chevrolet Tahoe",
      "Chevrolet Suburban",
      "Chevrolet",
      "Car",
      "Chevrolet",
      "Sport utility vehicle",
      "General Motors",
      "Police car",
      "Chevrolet Tahoe",
      "2015 chevy tahoe ppv interior"
    ],
    "image_evidences": [],
    "result": {
      "confidence_score": 2,
      "explanation": "The news caption mentions the interior of the 2015 Ford Mustang. However, the detected visual entities are all Chevrolet Tahoes and related terms. There is no mention or detection of a Ford Mustang. Therefore, the caption is not related to the detected visual entities.",
      "verdict": false
    }
  },
  "external_check": {
    "text_evidences": [
      {
        "title": "The redesigned 2015 Ford Mustang",
        "content": "The redesigned 2015 Ford Mustang",
        "caption": "The redesigned, all-new 2015 Ford Mustang for the pony car's 50th birthday.",
        "domain": "www.usatoday.com"
      },
      {
        "title": "The redesigned 2015 Ford Mustang",
        "content": "The redesigned 2015 Ford Mustang",
        "caption": "The redesigned, all-new 2015 Ford Mustang for the pony car's 50th birthday.",
        "domain": "www.usatoday.com"
      }
    ],
    "result": {
      "verdict": false,
      "alignment_score": 25,
      "confidence_score": 7,
      "explanation": "The news image depicts the interior of a Chevrolet vehicle, presenting a design with black fabric seats and a dashboard equipped with specialized equipment, which is inconsistent with the context of the caption that refers to a redesigned 2015 Ford Mustang. The reference images contain clear elements of the Mustang’s unique design, including a prominently featured Mustang steering wheel with a specific logo, circular air vents, and a touchscreen interface styled in a way characteristic of Ford vehicles. There is a significant lack of matching visual elements in the news image, as it does not share the expected interior aesthetics of a Ford Mustang, such as its dashboard layout and distinctive controls. Furthermore, temporal indicators such as lighting and shadows appear to match among the reference Mustang images but are irrelevant as the vehicle type is incorrect. Overall, the news image fails to represent the implied content of a ‘redesigned 2015 Ford Mustang’ and therefore is flagged as misleading due to the substantial disparities in vehicle identification.",
      "key_observations": "- News image shows an interior of a Chevrolet vehicle, not a Ford Mustang.\n- Reference images display the signature Mustang dashboard, vents, and layout that are not present in the news image.\n- No similarity in steering wheel design; the Mustang has a distinct logo that the news image lacks.\n- Lighting and camera angles differ, but they are irrelevant due to the mismatched vehicle.\n- Overall context is inconsistent; the news image does not depict the subject implied by the caption."
    }
  },
  "final_result": {
    "OOC": true,
    "confidence_score": 9,
    "explanation": "Both internal and external checks indicate that the news caption is out of context with the image. The internal check, with a confidence score of 2, states that the image contains Chevrolet Tahoes, whereas the caption refers to a Ford Mustang. The external check, with a higher confidence score of 7 and an alignment score of 25, confirms that the image shows a Chevrolet vehicle interior and not a Ford Mustang, highlighting the absence of Mustang's distinct design elements. Despite differing confidence scores, both validations agree that the image does not depict the interior of a 2015 Ford Mustang, as the caption suggests. Therefore, the caption is considered out of context.",
    "validation_summary": "Both internal and external checks confirm the image does not show the interior of a 2015 Ford Mustang, making the caption out of context. The external check provides stronger evidence with higher confidence and alignment scores."
  },
  "inference_time": 8.214582204818726
}