{
  "caption": "Tristin Hurley s wheelchair was stolen earlier this week The 15yearold Shaw Middle School student is in the hospital after falling Wednesday night",
  "ground_truth": true,
  "internal_check": {
    "visual_entities": [
      "Leelah Alcorn",
      "Death",
      "Conversion therapy",
      "Gender identity",
      "Leelah's Law",
      "Transgender youth",
      "Suicide note",
      "LGBT community",
      "trans teen who commited suicide"
    ],
    "image_evidences": [],
    "result": {
      "confidence_score": 1,
      "explanation": "The provided visual entities, such as 'Leelah Alcorn', 'Death', 'Conversion therapy', 'Gender identity', \"Leelah's Law\", 'Transgender youth', 'Suicide note', 'LGBT community', 'trans teen who commited suicide', are not directly related to the news caption about Tristin Hurley and his wheelchair. The caption discusses a specific individual and an event (theft of a wheelchair and a fall), while the entities refer to broader themes related to transgender issues and suicide. Therefore, there is a mismatch between the caption and the detected entities.",
      "verdict": false
    }
  },
  "external_check": {
    "text_evidences": [],
    "result": null
  },
  "final_result": {
    "OOC": true,
    "confidence_score": 10,
    "explanation": "The internal check result indicates a strong mismatch (confidence score: 1 and verdict: False) between the news caption and the described visual entities. Specifically, the caption focuses on Tristin Hurley's wheelchair theft and subsequent accident, whereas the listed entities relate to broader topics like transgender issues and suicide, which are not directly present in the caption's content. There is no external check provided. Based on the high confidence score and negative result from the internal check, the caption is out of context.",
    "validation_summary": "Internal check identifies a mismatch between the news caption and related visual entities with high confidence, concluding the caption is out of context. No external check was provided."
  },
  "inference_time": 3.9638986587524414
}