{
  "caption": "David Cameron leaves the high court in London on 14 June 2012 after giving evidence at the Leveson inquiry into media ethics",
  "ground_truth": true,
  "internal_check": {
    "visual_entities": [
      "David Cameron",
      "European Union",
      "United Kingdom",
      "European debt crisis",
      "Budget of the European Union",
      "Businessperson",
      "Governor",
      "After 25 Hour",
      "All Night Talks",
      "Eurozone",
      "Nicholas Watt",
      "Mark Carney",
      "suit"
    ],
    "image_evidences": [],
    "result": {
      "confidence_score": 10,
      "explanation": "The news caption mentions David Cameron leaving the high court in London after giving evidence at the Leveson inquiry. The detected visual entities include 'David Cameron' which aligns with the caption. Also the news content confirms the event mentioned in the caption 'David Cameron leaves the high court in London on 14 June 2012 after giving evidence at the Leveson inquiry into media ethics'. Therefore, the caption accurately represents the visual content.",
      "verdict": true
    }
  },
  "external_check": {
    "text_evidences": [
      {
        "title": "Cameron at 10: The Inside Story 2010-2015 review  solving the mystery of the prime minister | Biography books | The Guardian",
        "content": "Cameron at 10: The Inside Story 2010-2015 review  solving the ...",
        "caption": "David Cameron leaves the high court in London on 14 June 2012 after giving evidence at the Leveson inquiry into media ethics.",
        "domain": "www.theguardian.com"
      }
    ],
    "result": {
      "verdict": false,
      "alignment_score": 45,
      "confidence_score": 7,
      "explanation": "The news image and reference images show David Cameron, but there are notable differences that impact the consistency with the news caption. The main visual element is the subject (David Cameron) leaving a court environment, as suggested by the caption. The first image depicts him walking in a group, which aligns with the context of leaving an official venue, but the setting appears to be more urban and less court-like due to the surroundings visible in the background. In contrast, the second reference image presents him in a different setting with a brick wall backdrop, showing a solitary posture rather than the group movement in the news image. The reference images capture various angles of David Cameron, but the specific context of the high court is less clear in the news image compared to the others. Lighting in both scenarios appears consistent (outdoor lighting suggesting midday), but it's difficult to ascertain if it matches the specific date indicated (14 June 2012). Temporal consistency checks may be compromised due to inconsistencies in environment and possible variations in season, although all photos suggest they are taken in a similar weather context. No signs of digital manipulation are noted in any of the images. Overall, while they represent the same individual, the differences in setting and context lead to an assessment that the news image does not significantly align with the reference images surrounding this specific event, deeming it less contextually accurate despite the central figure being identifiable.",
      "key_observations": [
        "Subject is David Cameron in all images, but differing settings impact contextual relevance.",
        "First image shows a group of individuals leaving an urban area versus a more isolated setting in the second image.",
        "Lighting is consistent across images, suggesting a similar time of day, but does not confirm alignment to the specified date.",
        "Spatial relations differ; first image may not convincingly represent a 'high court' exit as seen in referenced imagery."
      ]
    }
  },
  "final_result": {
    "OOC": true,
    "confidence_score": 8,
    "explanation": "The internal check suggests the caption accurately represents the image, with a high confidence score of 10. It confirms the presence of David Cameron and the Leveson inquiry context. However, the external check contradicts this, indicating a lower alignment score of 45 and a confidence score of 7. It raises concerns about the image's setting not clearly representing a 'high court' exit, discrepancies in surrounding environment, and questions whether temporal consistency can be ascertained. Given the discrepancies in the setting and context highlighted by the external check, and prioritizing it due to its evaluation of reference images for contextual accuracy, the caption is determined to be out of context. Although both checks identify David Cameron, the external check's concerns about the image's specific setting being inconsistent with the claimed 'high court' context outweigh the internal check's more general alignment.",
    "validation_summary": "Internal check validates the caption, while external check identifies contextual discrepancies in the image. The external check carries more weight due to concerns over contextual accuracy and the reference images used to base its verdict."
  },
  "inference_time": 9.789388656616211
}