{
  "caption": "Charles and Camilla walk in front of the Sherman Building as they arrive to tour the Armed Forces Retirement Home after visiting Lincoln s Cottage",
  "ground_truth": true,
  "internal_check": {
    "visual_entities": [
      "Charles, Prince of Wales",
      "Savile Row",
      "Tailor",
      "Suit",
      "Gieves & Hawkes",
      "Image",
      "chalk stick",
      "Stock photography",
      "Photography",
      "Textile",
      "Bespoke",
      "Alamy",
      "Professional",
      "Gesso",
      "businessperson"
    ],
    "image_evidences": [
      {
        "title": "Royal warrants: What they tell us about the Royal Family - BBC News",
        "content": "",
        "caption": "Prince Charles visiting Gieves & Hawkes, one of the Royals' tailors since 1809",
        "domain": "www.bbc.com"
      }
    ],
    "result": {
      "confidence_score": 3,
      "explanation": "The news caption describes Prince Charles and Duchess Camilla visiting the Armed Forces Retirement Home after visiting Lincoln's Cottage and walking in front of the Sherman Building. The provided image shows Prince Charles visiting Gieves & Hawkes, one of the Royals' tailors since 1809. This image does not provide visual support for the news caption, as it depicts a different event at a different location. The visual entities detected do not directly contradict the caption, but they don't support it either. The image lacks any visual evidence of Camilla, the Armed Forces Retirement Home, the Sherman Building or Lincoln's Cottage. Therefore, the image does not provide reasonable visual support for the news caption.",
      "verdict": false
    }
  },
  "external_check": {
    "text_evidences": [
      {
        "title": "Prince Charles and Camilla visit the U.S.",
        "content": "Prince Charles and Camilla visit the U.S.",
        "caption": "The prince and duchess were greeted with great fanfare at the Centre for African American Heritage in Louisville, KY.",
        "domain": "www.usatoday.com"
      },
      {
        "title": "Prince Charles and Camilla visit the U.S.",
        "content": "Prince Charles and Camilla visit the U.S.",
        "caption": "Duchess Camilla feeds miniature ponies in the paddock at Churchill Downs, home of the Kentucky Derby.",
        "domain": "www.usatoday.com"
      }
    ],
    "result": {
      "verdict": false,
      "alignment_score": 25,
      "confidence_score": 6,
      "explanation": "The analysis of the news image and reference images in relation to the caption indicates significant discrepancies. The news caption describes Charles and Camilla arriving at the Armed Forces Retirement Home after a visit to Lincoln's Cottage. The expected visual elements for this context would include a formal outdoor setting, possibly with the exterior of the Armed Forces Retirement Home visible, and both subjects clearly depicted. In the news image, however, Charles and Camilla are not present, nor is the relevant setting depicted in the accompanying images. The first reference image shows them engaged in an unrelated indoor activity, cutting fabric, which does not align with the captioned event. The second reference image does feature them together outdoors, but they are not in front of the Sherman Building; they appear to be interacting with celebration participants. The third image shows Camilla with donkeys and group members, again not relevant to the specified location of the event. Therefore, while elements like the presence of Charles and Camilla can be observed in one reference image, the specific context of them arriving at the Armed Forces Retirement Home is not depicted across the provided images.  Additionally, there are no visible indicators in any image suggesting digital manipulation that alters the appearance of the subjects or the setting. This lack of alignment and the significant differences lead to the conclusion that the news image does not accurately represent the event as described in the caption.",
      "key_observations": "- News image does not feature Charles and Camilla; instead it shows them in an unrelated indoor event.\n- Reference images show them outdoors, but not at the specified location.\n- The second reference image includes a crowd and celebration context, lacking relevance to the Armed Forces Retirement Home. \n- No signs of digital manipulation in any of the images."
    }
  },
  "final_result": {
    "OOC": true,
    "confidence_score": 7,
    "explanation": "Both the internal and external checks indicate that the news caption does not accurately represent the image. The internal check, with a confidence score of 3, states that the image shows Prince Charles visiting Gieves & Hawkes, which is different from the event described in the caption (Charles and Camilla at the Armed Forces Retirement Home). The external check, with a higher confidence score of 6 and an alignment score of 25, also concludes that the image does not represent the captioned event, as Charles and Camilla are either not present or are shown in unrelated activities. While the external check's confidence is higher, both methods independently arrive at the same conclusion: the image and caption do not match. Therefore, the caption is considered out of context. The final confidence score is a weighted average, favoring the external check due to its higher individual confidence.",
    "validation_summary": "Both internal and external checks confirm the caption is out of context, as the image does not depict the described event or location. External check has a higher confidence."
  },
  "inference_time": 10.816824913024902
}