{
  "caption": "There are highperformance sports cars that can be driven around town without feeling like you are an attentionseeking pillock The Gallardo is not one of them Photographs Simon StuartMiller",
  "ground_truth": false,
  "internal_check": {
    "visual_entities": [
      "Lamborghini Gallardo",
      "Car",
      "Motor vehicle",
      "Alloy wheel",
      "Automotive design",
      "Performance car",
      "Supercar",
      "Lamborghini Miura",
      "Lamborghini",
      "Rim",
      "Bumper",
      "Luxury car",
      "Wheel",
      "lamborghini gallardo"
    ],
    "image_evidences": [],
    "result": {
      "confidence_score": 9,
      "explanation": "The news caption describes the Lamborghini Gallardo and its impracticality for everyday use, emphasizing its attention-grabbing nature. The detected visual entities include 'Lamborghini Gallardo', 'Car', 'Supercar', and other related components. This strongly aligns with the caption's focus on this specific car model and its characteristics. The caption's claim about the Gallardo being an attention-seeker is supported by it being a 'Supercar' and 'Performance car', which are visually identifiable characteristics. The context provided by the detected entities is consistent with the caption's description, indicating a high degree of correspondence.",
      "verdict": true
    }
  },
  "external_check": {
    "text_evidences": [
      {
        "title": "On the road: Lamborghini Gallardo LP560-4 Spyder | Motoring | The Guardian",
        "content": "On the road: Lamborghini Gallardo LP560-4 Spyder | Motoring | The ...",
        "caption": "There are high-performance sports cars that can be driven around townwithout feeling like you are an attention-seeking pillock. The Gallardo is not one of them.  Photographs: Simon Stuart-Miller",
        "domain": "www.theguardian.com"
      },
      {
        "title": "On the road: Lamborghini Gallardo LP560-4 Spyder | Motoring | The Guardian",
        "content": "Lamborghini-gallardo-lp56-001. ...",
        "caption": "There are high-performance sports cars that can be driven around townwithout feeling like you are an attention-seeking pillock. The Gallardo is not one of them.  Photographs: Simon Stuart-Miller",
        "domain": "www.theguardian.com"
      },
      {
        "title": "On the road: Lamborghini Gallardo LP560-4 Spyder | Motoring | The Guardian",
        "content": "Lamborghini-gallardo-lp56-001. ...",
        "caption": "There are high-performance sports cars that can be driven around townwithout feeling like you are an attention-seeking pillock. The Gallardo is not one of them.  Photographs: Simon Stuart-Miller",
        "domain": "www.theguardian.com"
      },
      {
        "title": "On the road: Lamborghini Gallardo LP560-4 Spyder | Motoring | The Guardian",
        "content": "On the road: Lamborghini Gallardo LP560-4 Spyder | Motoring | The ...",
        "caption": "There are high-performance sports cars that can be driven around townwithout feeling like you are an attention-seeking pillock. The Gallardo is not one of them.  Photographs: Simon Stuart-Miller",
        "domain": "www.theguardian.com"
      }
    ],
    "result": {
      "verdict": true,
      "alignment_score": 90,
      "confidence_score": 8,
      "explanation": "The analysis of the news image, which features a white Lamborghini Gallardo, shows strong alignment with the reference images retrieved based on the news caption. All reference images depict the same model and color, confirming the car's identity as a high-performance sports car. The primary visual elements are consistent: the car's distinct body shape, color scheme, and features such as the alloy wheels and convertible top align across all images. The caption suggests that the Gallardo might draw attention, which is also portrayed with its sporty design. \n\nIn terms of temporal consistency, all images display similar lighting conditions, hinting they were taken in comparable times of day and season due to the soft yellow-orange background. This reinforces a coherent visual representation of the vehicle. \n\nSpatial relationships are well-maintained; the positioning of the car in all images is consistent, allowing the viewer to appreciate the design from a similar angle.\n\nNo signs of digital manipulation are evident across the news and reference images. The only minor discrepancies may lie in slight variations in background depth of field or resolution, but they do not affect the primary context of the car itself. Overall, the news image accurately represents the Lamborghini Gallardo as described in the caption, and thus is not misleading.",
      "key_observations": [
        "All images prominently feature the Lamborghini Gallardo, matching the model and color present in the news image.",
        "Lighting conditions in the images are consistent, suggesting similar times and locations for the photographs.",
        "Spatial relationships, such as the angle and distance from which the car is viewed, are comparable across the images, maintaining a cohesive presentation.",
        "No significant digital manipulation or discrepancies that alter the understanding of the cars depicted were noted."
      ]
    }
  },
  "final_result": {
    "OOC": false,
    "confidence_score": 9,
    "explanation": "Both the internal and external checks indicate that the news caption accurately represents the image. The internal check has a confidence score of 9 and confirms the caption's focus on the Lamborghini Gallardo and its attention-grabbing characteristics aligns with the visual entities detected in the image. The external check has a confidence score of 8 and an alignment score of 90, further supporting the caption's accuracy by confirming that the image features a Lamborghini Gallardo as described. Given the high confidence and alignment scores from both checks, the caption is deemed not out of context.",
    "validation_summary": "Both internal and external checks confirm that the caption accurately represents the image of the Lamborghini Gallardo. There is no conflicting evidence."
  },
  "inference_time": 10.416675090789795
}