{
  "caption": "President Obama delivers a primetime address at the White House on Sept 10 2014",
  "ground_truth": false,
  "internal_check": {
    "visual_entities": [
      "Syria",
      "Iraq",
      "International military intervention against ISIL",
      "United States",
      "Free Syrian Army",
      "official"
    ],
    "image_evidences": [],
    "result": {
      "confidence_score": 7,
      "explanation": "The news caption states that President Obama delivered a primetime address at the White House on Sept 10 2014. The detected visual entities include 'Syria', 'Iraq', 'International military intervention against ISIL', 'United States', 'Free Syrian Army', 'official'. The news content discusses Obama's plan to combat the Islamic State in Syria and Iraq, involving the US military and the Free Syrian Army. While the entities Syria, Iraq, United States, and Free Syrian Army align with the context of the address, the caption doesn't explicitly mention these entities. The presence of 'official' aligns with President Obama being an official, and the intervention against ISIL relates to the address content. The caption is a general description of the event and does not contradict the detected entities, but it doesn't specify them either. Therefore, the alignment is reasonable but not perfect.",
      "verdict": true
    }
  },
  "external_check": {
    "text_evidences": [
      {
        "title": "Just how big is the ISIS threat to United States? | LAist",
        "content": "Just how big is the ISIS threat to United States? | LAist",
        "caption": "WASHINGTON, DC - SEPTEMBER 10: U.S. President Barack Obama delivers a prime time address from the Cross Hall of the White House on September 10, 2014 in Washington, DC.  Vowing to target the Islamic State with air strikes \"wherever they exist\", Obama pledged to lead a broad coalition to fight IS and work with \"partner forces\" on the ground in Syria and Iraq.  (Photo by Saul Loeb-Pool/Getty Images)",
        "domain": "laist.com"
      },
      {
        "title": "Transcript: President Obama's Speech on Combating ISIS | CNN Politics",
        "content": "Transcript: President Obama's Speech on Combating ISIS | CNN Politics",
        "caption": "US President Barack delivers a prime time address from the Cross Hall of the White House on September 10, 2014 in Washington, DC.  Vowing to target the Islamic State with air strikes \"wherever they exist\", Obama pledged to lead a broad coalition to fight IS and work with \"partner forces\" on the ground in Syria and Iraq.  AFP PHOTO/POOL/Saul LOEB        (Photo credit should read )",
        "domain": "www.cnn.com"
      },
      {
        "title": "Obama Pledges to 'Degrade and Ultimately Destroy' ISIS: What You Need To Know - ABC News",
        "content": "Obama Pledges to 'Degrade and Ultimately Destroy' ISIS: What You ...",
        "caption": "",
        "domain": "abcnews.go.com"
      }
    ],
    "result": {
      "verdict": true,
      "alignment_score": 95,
      "confidence_score": 9,
      "explanation": "The analysis shows a high level of visual consistency between the news image and the reference images from the event on September 10, 2014. President Obama is depicted in both the news image and the reference images, with similar backgrounds identifiable as the White House setting. Key elements such as the podium with the presidential seal, the American flag, and the presidential seal in the background align across images. Additionally, Obama’s attire, including his suit and tie, is consistent across all the images, confirming they are from the same event. Temporal consistency is also evident as the lighting and overall setting indicate a time that aligns with an indoor evening address. There are no noticeable differences that would suggest manipulation or misleading content, and the essential context of a primetime presidential address is effectively maintained. Overall, while slight variations in angles or expressions appear, they do not detract from the overall accuracy of representing the event described in the caption.",
      "key_observations": "- Consistent depiction of President Obama at a podium with microphones.\n- Presence of U.S. flags and the presidential seal in the background matches.\n- Similar attire worn by Obama reinforces the time and event alignment.\n- Lighting conditions appear consistent with an evening address.\n- No indications of photo manipulation found."
    }
  },
  "final_result": {
    "OOC": false,
    "confidence_score": 9,
    "explanation": "The internal check resulted in a 'True' verdict, indicating alignment between the news caption and image content, with a confidence score of 7. The external check also resulted in a 'True' verdict with a high alignment score of 95 and a confidence score of 9, confirming visual consistency between the news image and reference images from the event on September 10, 2014. The external check's higher confidence score and alignment score take precedence. Since both checks suggest the caption accurately represents the image, the final verdict is 'False', indicating that the caption is not out of context. The slightly lower confidence in the internal check is outweighed by the strong external validation.",
    "validation_summary": "Both internal and external checks indicate the caption is accurate. The external check provides strong visual evidence supporting the caption's description of President Obama's address at the White House on September 10, 2014."
  },
  "inference_time": 10.91194224357605
}