{
  "caption": "President Obama returns to the White House on July 17 2014",
  "ground_truth": true,
  "internal_check": {
    "visual_entities": [
      "United States presidential election, 2012",
      "2008 United States presidential election",
      "Barack Obama 2008 presidential election victory speech",
      "Politics",
      "President of the United States",
      "Barack Obama 2008 presidential campaign",
      "Immigration Reform",
      "John McCain",
      "obama election"
    ],
    "image_evidences": [],
    "result": {
      "confidence_score": 7,
      "explanation": "The caption mentions President Obama. The detected visual entities include 'President of the United States' and 'Barack Obama', indicating a possible match. However, the specific event mentioned in the caption (President Obama returns to the White House on July 17 2014) is not directly verifiable from the provided entities. The entities also include multiple mentions of Obama's elections and campaigns, which don't necessarily contradict the caption, but also don't directly support it. Therefore, the confidence score is moderate, and the verdict is 'True' as the entities do not necessarily contradict the caption, but definitive verification is impossible given the limited visual evidence.",
      "verdict": true
    }
  },
  "external_check": {
    "text_evidences": [
      {
        "title": "Obama's Executive Action on Immigration Looms",
        "content": "Obama's Executive Action on Immigration Looms",
        "caption": "WASHINGTON, DC - JULY 17:  Immigration reform protesters gather in front of the White House on July 17, 2014 in Washington, DC. The protest was organized by Amnesty International to push the message \"Don't Send Unaccompanied Migrant Children Back.\"  Amnesty International and the protestors want to demand that President Obama protect the rights of unaccompanied migrant children, some as young as five years old, who are crossing the southwest border of the United States. Reportedly these children are fleeing organized crime, gang violence and insecurity from many Central American countries. Reports also state that many of these children are survivors of sexual violence and at higher risk of kidnapping, trafficking and other serious human rights abuses.  (Photo by Win McNamee/Getty Images)",
        "domain": "www.nbcnews.com"
      },
      {
        "title": "Video President Obama Puts Tough New Sanctions on Russia for Ukraine Invasion - ABC News",
        "content": "Video President Obama Puts Tough New Sanctions on Russia for ...",
        "caption": "",
        "domain": "abcnews.go.com"
      },
      {
        "title": "Biden will not seek reelection; endorses Harris | CNN Politics",
        "content": "Biden will not seek reelection; endorses Harris | CNN Politics",
        "caption": "Erin Schaff/Pool/Getty Images",
        "domain": "www.cnn.com"
      },
      {
        "title": "Video Malaysia Flight 17 Update: At Least 1 American Confirmed Dead - ABC News",
        "content": "Video Malaysia Flight 17 Update: At Least 1 American Confirmed ...",
        "caption": "",
        "domain": "abcnews.go.com"
      }
    ],
    "result": {
      "verdict": false,
      "alignment_score": 25,
      "confidence_score": 5,
      "explanation": "The news image depicts President Obama amidst confetti, likely celebrating a victory or an event, rather than returning to the White House as stated in the caption. In contrast, the reference images retrieved represent various scenarios of President Obama at the White House, including him addressing the public and civilians protesting outside the White House. This indicates different contexts: the news image suggests a celebratory moment while the caption signifies a return to official duties. The temporal elements also show inconsistency, as the lighting in the news image creates a festive atmosphere, which doesn't match the usual daylight seen in the White House reference images. Consequently, while they depict the same individual, the specific events and settings differ significantly, flagging the news image as potentially misleading in the context of the caption.",
      "key_observations": "- News image shows President Obama during a celebration with confetti, not indicating a return to the White House.\n- Reference images depict official functions and public addresses at the White House, consistent with the caption.\n- Lighting conditions differ: celebratory vs. daytime.\n- Overall context of celebration does not match the expected return event."
    }
  },
  "final_result": {
    "OOC": true,
    "confidence_score": 7,
    "explanation": "The internal check suggests a possible match, but the specific event is not verifiable, assigning a moderate confidence (7) and a 'True' verdict (not necessarily contradictory). However, the external check, while having a slightly lower confidence (5), strongly indicates that the image shows Obama celebrating, not returning to the White House, contrasting with the caption. The low alignment score (25) further supports this discrepancy. Given the conflict and the stronger evidence from the external check of a celebratory event versus a routine return, the caption is considered out of context. Since the external check has a slightly lower confidence score, the overall confidence is moderate.",
    "validation_summary": "Internal check inconclusive; external check indicates the image depicts a celebration, not Obama returning to the White House, suggesting the caption is out of context."
  },
  "inference_time": 11.890070915222168
}