{
  "caption": "Junior doctors on the picket line outside Maidstone Hospital in Kent",
  "ground_truth": false,
  "internal_check": {
    "visual_entities": [
      "Strike action",
      "2019 India doctors' strike",
      "Slogan",
      "Demonstration",
      "Physician",
      "Walkout",
      "Image",
      "Patient",
      "Hospital",
      "Poster",
      "Therapy",
      "Stock photography",
      "Junior doctor",
      "Photography",
      "protest"
    ],
    "image_evidences": [
      {
        "title": "Junior doctors' strike: Treatments postponed amid walkout - BBC News",
        "content": "",
        "caption": "Junior doctors on the picket line outside Maidstone Hospital in Kent",
        "domain": "www.bbc.com"
      }
    ],
    "result": {
      "confidence_score": 10,
      "explanation": "The news caption and content are about junior doctors striking outside Maidstone Hospital in Kent. The image evidence provided by BBC News shows junior doctors on a picket line outside Maidstone Hospital in Kent. The image title also confirms that it is related to the junior doctors' strike. The detected visual entities such as 'Strike action', 'Demonstration', 'Physician', 'Walkout', 'Hospital', 'Junior doctor', and 'protest' are all relevant to the news caption and content. The image source (BBC) is credible. There are no apparent contradictions or manipulations. Therefore, the image provides visual support for the news caption.",
      "verdict": true
    }
  },
  "external_check": {
    "text_evidences": [
      {
        "title": "NHS leader urges Acas intervention to avert catastrophic junior doctor strikes | The Independent",
        "content": "NHS leader urges Acas intervention to avert 'catastrophic' junior ...",
        "caption": "Striking NHS junior doctors on the picket line outside the Maidstone Hospital in Maidstone, Kent (Gareth Fuller/PA)",
        "domain": "www.independent.co.uk"
      },
      {
        "title": "Health chiefs say NHS pay offer must be fully funded after government pledge | NHS | The Guardian",
        "content": "Health chiefs say NHS pay offer must be fully funded after ...",
        "caption": "Junior doctors on the picket line outside Maidstone hospital in Kent earlier this month before the government offered new terms in the pay dispute.",
        "domain": "www.theguardian.com"
      }
    ],
    "result": {
      "verdict": false,
      "alignment_score": 30,
      "confidence_score": 6,
      "explanation": "The news image depicts a group of junior doctors on the picket line outside Maidstone Hospital, as confirmed by the presence of protest signs and the context of their demonstration. The reference images showcase a similar protest location, indicated by signs and the hospital branding, but differ in their visual execution and roster of attendees. The key visual elements from the news image, such as the signs and clothing of the individuals, are representative of the event but vary significantly in the format and messaging of the signs compared to reference images. \n\nThe time of day in the news image appears to suggest cooler lighting conditions suggestive of dusk, while the reference images show brighter daylight. The spatial arrangement and demographic representation of junior doctors differ, with the news image showing a more intimate group setting as opposed to the larger, more organized protest visible in references. There are no significant signs of digital manipulation in the news image, but the differences in lighting and layout indicate a substantial discrepancy, leading to a lower alignment score despite the contextual relevance. \n\nOverall, while both sets of images capture similar demonstrations, the variances in visual representation, timing, and group dynamics indicate a lack of significant alignment with the implied context of the news caption.",
      "key_observations": [
        "The news image features junior doctors with prominent signs communicating their message, while reference images show larger groups amid notable signage.",
        "Lighting differs across images; news image has dusk-like tones versus the brighter daylight of reference images.",
        "Diversity of participants varies; the news image suggests a small group while references showcase a broader assembly.",
        "Signs' messages and aesthetics differ, creating visual inconsistency with the core protest message representation."
      ]
    }
  },
  "final_result": {
    "OOC": false,
    "confidence_score": 8,
    "explanation": "The internal check, with a confidence score of 10, confirms that the news caption accurately represents the image content, showing junior doctors on a picket line outside Maidstone Hospital in Kent. The external check, while having a lower confidence score of 6 and an alignment score of 30, indicates some discrepancies in visual representation compared to reference images (e.g., lighting, group dynamics, sign aesthetics), but still acknowledges the contextual relevance of the image to the junior doctors' strike. Given the higher confidence score of the internal check and its strong positive verdict, the caption is deemed not out of context, despite the visual inconsistencies identified by the external check.",
    "validation_summary": "Internal check confirms the caption's accuracy with high confidence. External check reveals visual discrepancies but acknowledges contextual relevance. The internal check's higher confidence score is prioritized."
  },
  "inference_time": 12.427525043487549
}