{
  "caption": "This DC salt dome is similar to a facility the Maryland State Highway Administration has proposed building near Rock Creek and a Montgomery County neighborhood",
  "ground_truth": true,
  "internal_check": {
    "visual_entities": [
      "Glastonbury Festival 2009",
      "Glastonbury Festival 2010",
      "Roskilde Festival",
      "Festival",
      "Music festival",
      "Reading and Leeds Festivals",
      "Roskilde Festival 2014",
      "event",
      "Season",
      "Concert",
      "Michael Eavis",
      "Glastonbury Festival",
      "glastonbury cows"
    ],
    "image_evidences": [
      {
        "title": "Glastonbury 2009 already 90% sold out | Glastonbury 2009 | The Guardian",
        "content": "",
        "caption": "Cows graze in front of the Pyramid stage at the Glastonbury festival site. Photograph: Alamy",
        "domain": "www.theguardian.com"
      },
      {
        "title": "Michael Eavis: 'Glastonbury is on the way out' | Glastonbury festival | The Guardian",
        "content": "",
        "caption": "The last Glastonbury ... Could this be the festival in 2015? Photograph: Alamy",
        "domain": "www.theguardian.com"
      },
      {
        "title": "Glastonbury 2010 sells out in 24 hours | Glastonbury festival | The Guardian",
        "content": "",
        "caption": "Glastonbury 2010 ... the cows head to the Pyramid stage after rumours of a U2 headline slot. Photograph: Alamy",
        "domain": "www.theguardian.com"
      },
      {
        "title": "Glastonbury 2009 sells out | Glastonbury 2009 | The Guardian",
        "content": "",
        "caption": "Glastonbury 2009 ... the success of last year's event seems to have paid off. Photograph: Alamy",
        "domain": "www.theguardian.com"
      }
    ],
    "result": {
      "confidence_score": 1,
      "explanation": "The news caption discusses a proposed salt storage facility in Maryland, while the image evidences show scenes from the Glastonbury Festival featuring cows. There is no visual or contextual relationship between the news caption and the provided images. The images do not provide any support or relevant information related to the salt dome facility mentioned in the news caption.",
      "verdict": false
    }
  },
  "external_check": {
    "text_evidences": [],
    "result": null
  },
  "final_result": {
    "OOC": true,
    "confidence_score": 10,
    "explanation": "The internal check indicates a complete mismatch between the news caption (about a salt dome) and the image content (scenes from the Glastonbury Festival featuring cows). The internal check's confidence score is 1, indicating high certainty in this assessment. There is no external check provided. Therefore, based on the strong evidence from the internal check, the caption is deemed out of context.",
    "validation_summary": "The internal check confirms a mismatch between the caption and image content with high confidence. No external check available."
  },
  "inference_time": 3.387467622756958
}