{
  "caption": "Short of Spandex Cate Blanchett in Carol directed by Todd Haynes",
  "ground_truth": true,
  "internal_check": {
    "visual_entities": [
      "Hair",
      "Face",
      "Hair coloring",
      "Bangs",
      "Brown hair",
      "Layered hair",
      "Forehead",
      "Blond",
      "Long hair",
      "Long hair / M",
      "aacta awards"
    ],
    "image_evidences": [],
    "result": {
      "confidence_score": 7,
      "explanation": "The news caption mentions 'Cate Blanchett in Carol directed by Todd Haynes'. The detected visual entities include 'Face' and 'Hair', which are consistent with an image of Cate Blanchett. However, specific details like her hairstyle or attire related to the movie 'Carol' or the mention of 'Short of Spandex' are not directly identifiable from the detected entities alone. The entities 'Hair coloring', 'Bangs', 'Brown hair', 'Layered hair', 'Forehead', 'Blond', and 'Long hair' provide some descriptive information but do not definitively confirm the context of 'Carol'. Without explicit attributes linking the visual entities to the movie or attire, it is difficult to determine if the caption accurately represents the image's visual content fully. Thus, while there's a general consistency (presence of Cate Blanchett), the details are insufficient for complete verification.",
      "verdict": true
    }
  },
  "external_check": {
    "text_evidences": [
      {
        "title": "Cate Blanchett hammering out the details of Thor 3 role | Cate Blanchett | The Guardian",
        "content": "Cate Blanchett hammering out the details of Thor 3 role | Cate ...",
        "caption": "Short of Spandex  Cate Blanchett in Carol, directed by Todd Haynes.",
        "domain": "www.theguardian.com"
      },
      {
        "title": "Cate Blanchett hammering out the details of Thor 3 role | Cate Blanchett | The Guardian",
        "content": "Cate Blanchett hammering out the details of Thor 3 role | Cate ...",
        "caption": "Short of Spandex  Cate Blanchett in Carol, directed by Todd Haynes.",
        "domain": "www.theguardian.com"
      },
      {
        "title": "Cate Blanchett hammering out the details of Thor 3 role | Cate Blanchett | The Guardian",
        "content": "Cate Blanchett hammering out the details of Thor 3 role | Cate ...",
        "caption": "Short of Spandex  Cate Blanchett in Carol, directed by Todd Haynes.",
        "domain": "www.theguardian.com"
      },
      {
        "title": "Cate Blanchett hammering out the details of Thor 3 role | Cate Blanchett | The Guardian",
        "content": "Cate Blanchett hammering out the details of Thor 3 role | Cate ...",
        "caption": "Short of Spandex  Cate Blanchett in Carol, directed by Todd Haynes.",
        "domain": "www.theguardian.com"
      },
      {
        "title": "Cate Blanchett hammering out the details of Thor 3 role | Cate Blanchett | The Guardian",
        "content": "Cate Blanchett hammering out the details of Thor 3 role | Cate ...",
        "caption": "Short of Spandex  Cate Blanchett in Carol, directed by Todd Haynes.",
        "domain": "www.theguardian.com"
      }
    ],
    "result": {
      "verdict": false,
      "alignment_score": 30,
      "confidence_score": 8,
      "explanation": "The news image presents Cate Blanchett at an award event, showcasing her hairstyle and jewelry, which provides a buzz around award shows. However, it appears to be a headshot, framed against a plain background featuring an award logo. In contrast, the reference images depict her in a different setting with a cinematic aesthetic from the movie \"Carol\" directed by Todd Haynes, showcasing a close-up of Blanchett's face with distinct 1950s styling. The context between the award show setting and the filmic ambiance doesn't match, which highlights a significant difference between the two.",
      "key_observations": "- The news image is a promotional style headshot from an awards ceremony (AAC Awards) while the reference images are extracted from scenes in \"Carol\" featuring Blanchett's character in a close-up, emphasizing her emotional range. \n- The visual style and context differ: the news image has artificial lighting typical of promotional photos, while the references use a more ambient light typical of film production.\n- Temporal consistency is lacking; the news image reflects a more contemporary event, while the reference images are from the film set in the past."
    }
  },
  "final_result": {
    "OOC": true,
    "confidence_score": 8,
    "explanation": "The internal check suggests the caption might be accurate at a basic level (presence of Cate Blanchett) but lacks definitive evidence linking it to the movie 'Carol' or the specific 'Short of Spandex' detail. The internal check has a confidence score of 7. The external check, with a confidence score of 8 and an alignment score of 30, indicates the image shows Cate Blanchett at an award event, contrasting with reference images from the movie 'Carol'. The external check highlights differences in setting, visual style, and temporal context. Given the higher confidence score of the external check and its low alignment score, the image is considered out of context. The caption refers to 'Carol,' but the image depicts Blanchett in a different context (an awards ceremony).",
    "validation_summary": "The internal check is inconclusive. The external check, with higher confidence, indicates the image is from an awards event and not from the movie 'Carol', suggesting the caption is out of context."
  },
  "inference_time": 13.045472860336304
}