{
  "caption": "Severn Trent supplies water to 77 million people in the UK",
  "ground_truth": false,
  "internal_check": {
    "visual_entities": [
      "Severn Trent",
      "Business",
      "Water",
      "Water resources",
      "Water supply",
      "Ofwat",
      "Drinking water",
      "Sewage",
      "Company",
      "Outdoor water-use restriction",
      "Severn Trent Water",
      "Payment",
      "Customer",
      "Shareholder",
      "Money",
      "water resources"
    ],
    "image_evidences": [],
    "result": {
      "confidence_score": 8,
      "explanation": "The news caption states that Severn Trent supplies water to 7.7 million people in the UK. The detected visual entities include 'Severn Trent', 'Water', 'Water resources', 'Water supply', 'Drinking water', 'Sewage', and 'Severn Trent Water'. The article mentions Severn Trent supplying water to almost eight million people in Wales and across the Midlands. The presence of 'Severn Trent' and various terms related to water supply in the visual entities aligns with the caption's claim. The slight difference in numbers (7.7 million vs. almost 8 million) is negligible. Therefore, the caption accurately reflects the detected visual entities and the news content.",
      "verdict": true
    }
  },
  "external_check": {
    "text_evidences": [
      {
        "title": "Severn Trent Water reservoirs 10% more full than last year",
        "content": "Severn Trent Water reservoirs 10% more full than last year",
        "caption": "",
        "domain": "www.bbc.com"
      },
      {
        "title": "Thames Water secures $962 million from investors but says it will need more | CNN Business",
        "content": "Thames Water secures $962 million from investors but says it will ...",
        "caption": "Vuk Valcic/SOPA Images/Sipa US/Reuters",
        "domain": "www.cnn.com"
      },
      {
        "title": "Severn Trent Water reservoirs 10% more full than last year",
        "content": "Severn Trent Water reservoirs 10% more full than last year",
        "caption": "",
        "domain": "www.bbc.com"
      }
    ],
    "result": {
      "verdict": false,
      "alignment_score": 35,
      "confidence_score": 6,
      "explanation": "The news image depicts water flowing over a treatment facility, which aligns with the theme of water supply and management as indicated by the caption. However, it does not strongly correlate with the broader context of Severn Trent Water, which serves a population of 77 million in the UK. The reference images primarily highlight various water sources, including a dam and company signage that suggest their association with water supply, notably Thames Water, which is a competitor in the same sector. The visual elements in the news image—specifically the treatment process—are somewhat connected to the overarching subject of water supply but lack direct representation of Severn Trent or its operations. Furthermore, there are lighting and spatial discrepancies when compared with other images, such as the greenery and larger infrastructure shown in the dam photo, which emphasizes the supply aspect from a resource generation perspective. Temporal inconsistencies arise due to differing lighting conditions across the images, potentially indicating different times of day. In summary, while the news image relates to water supply, its specific context concerning Severn Trent and thematic alignment with reference images is weak. Thus, it may not accurately represent the intended message of the caption.",
      "key_observations": [
        "News image features a water treatment process, somewhat relevant to the caption's focus on water supply.",
        "Reference images show broad contexts of water supply including landscapes and branding, which the news image does not represent.",
        "Lighting in the news image is bright, while the reference images vary significantly, potentially indicating different times or settings.",
        "Visual elements like scale and background differ from reference images, emphasizing the diversity of water infrastructure rather than pointing to a specific entity, Severn Trent.",
        "The specificity of Severn Trent's operational context is unclear in the news image, despite the thematic relevance of water supply."
      ]
    }
  },
  "final_result": {
    "OOC": true,
    "confidence_score": 7,
    "explanation": "The internal check suggests the caption is accurate, with a confidence score of 8, based on the visual entities related to water and Severn Trent's presence. However, the external check indicates a misalignment, scoring only 35 in alignment and a confidence of 6. The external check highlights that the image, while related to water treatment, doesn't strongly represent Severn Trent specifically, especially when compared to reference images showing broader contexts of water supply. Given the moderate confidence in both checks and the misalignment identified by the external check, I'm leaning towards the caption being out of context, as the image doesn't sufficiently represent Severn Trent's overall operations or brand as suggested by the reference images. The slight higher confidence of the internal check is offset by the tangible misalignment identified by the external check. Therefore, it is determined that the caption is out of context because the image's representation of Severn Trent is weak.",
    "validation_summary": "Internal check suggests accuracy, but the external check reveals a weak representation of Severn Trent in the image, leading to the conclusion that the caption is out of context."
  },
  "inference_time": 12.940509796142578
}