{
  "caption": "Ohio State cheerleaders perform against Arizona Wildcats",
  "ground_truth": false,
  "internal_check": {
    "visual_entities": [
      "Cheerleading",
      "Artistic gymnastics",
      "Championship",
      "Basketball moves",
      "Competition",
      "Cheering",
      "Tournament",
      "Gymnastics",
      "Player",
      "Sports venue",
      "Basketball",
      "Audience",
      "sport venue"
    ],
    "image_evidences": [],
    "result": {
      "confidence_score": 9,
      "explanation": "The news caption states \"Ohio State cheerleaders perform against Arizona Wildcats.\" The detected visual entities include \"Cheerleading\", \"Cheering\", \"Player\", and \"Audience\". These detected entities align well with the caption's description of a cheerleading performance, indicating the presence of cheerleaders (performing and cheering) and an audience. The presence of 'player' could possibly refer to the sports team they are cheering for, as well as 'Basketball' and 'Basketball moves'. Given the entities detected, there is no contradiction, supporting the caption's claim.",
      "verdict": true
    }
  },
  "external_check": {
    "text_evidences": [],
    "result": null
  },
  "final_result": {
    "OOC": true,
    "confidence_score": 9,
    "explanation": "The news caption describes \"Ohio State cheerleaders perform against Arizona Wildcats.\" However, the provided news article discusses Bill Raftery and his broadcasting career, particularly focusing on college basketball and the Final Four. While the article mentions NCAA tournament cheerleaders in a photo caption, the main subject is not related to a performance by Ohio State cheerleaders against the Arizona Wildcats, nor is it about cheerleading in general. Since the news article does not corroborate the news caption, it seems the caption is out of context.",
    "validation_summary": "The news article does not support the provided news caption, indicating a mismatch and suggesting the caption is out of context."
  },
  "inference_time": 4.015923261642456
}