{
  "caption": "Actress Kaley Cuoco in a muted Rani Zakhem and Jimmy Choo shoes",
  "ground_truth": true,
  "internal_check": {
    "visual_entities": [
      "Ryan Sweeting",
      "Kaley Cuoco",
      "Fashion",
      "Little black dress",
      "Facial hair",
      "Carpet",
      "Dos Gardenias Stein Square Neck Bralette Bikini Top",
      "Gentleman",
      "Clothing",
      "Product",
      "Tuxedo M.",
      "Dress",
      "Black",
      "Paranoia",
      "Hair",
      "little black dress"
    ],
    "image_evidences": [],
    "result": {
      "confidence_score": 8,
      "explanation": "The caption mentions \"Actress Kaley Cuoco\" and the detected visual entities include \"Kaley Cuoco\", which aligns with the caption. The caption also mentions fashion items such as \"Rani Zakhem\" and \"Jimmy Choo shoes.\" While the specific designers aren't directly identified in the visual entities, \"Fashion\", \"Clothing\", \"Dress\", \"Little black dress\", and \"Product\" suggest the presence of fashion-related items. Overall, the caption aligns with the detected visual entities, but the specifics regarding the designers of the clothing and shoes are not directly verifiable from the detected entities alone, hence the high, but not perfect, confidence score.",
      "verdict": true
    }
  },
  "external_check": {
    "text_evidences": [],
    "result": null
  },
  "final_result": {
    "OOC": false,
    "confidence_score": 8,
    "explanation": "The internal check indicates a high confidence score (8) and a verdict of 'True', suggesting the caption aligns with the image content. The caption mentions 'Actress Kaley Cuoco', which is confirmed by the presence of 'Kaley Cuoco' in the visual entities. It also mentions fashion items such as 'Rani Zakhem' and 'Jimmy Choo shoes'. While the specific designers are not directly identifiable, the presence of 'Fashion', 'Clothing', 'Dress', and 'Product' suggest the presence of fashion items. The external check result is 'None', indicating a lack of external validation data. Therefore, based on the available information, the caption does not appear to be out of context. The confidence score reflects the reliance on internal checks only.",
    "validation_summary": "The internal check suggests the caption aligns with the image content. No external check was performed."
  },
  "inference_time": 4.132460355758667
}