{
  "caption": "Outstanding performance Andrew Scott in Sea Wall at the Traverse theatre",
  "ground_truth": false,
  "internal_check": {
    "visual_entities": [
      "Andrew Scott",
      "Sea Wall",
      "Professor Moriarty",
      "Midsummer",
      "Face to the Wall",
      "Dr. Alana Bloom",
      "Traverse Theatre",
      "Actor",
      "Play",
      "Theatre",
      "Image",
      "Playwright",
      "Simon Stephens",
      "human"
    ],
    "image_evidences": [
      {
        "title": "Sea Wall/Heaven | Edinburgh festival | The Guardian",
        "content": "",
        "caption": "'Outstanding performance' ... Andrew Scott in Sea Wall at the Traverse theatre. Photograph: Murdo Macleod",
        "domain": "www.theguardian.com"
      }
    ],
    "result": {
      "confidence_score": 10,
      "explanation": "The news caption mentions Andrew Scott's outstanding performance in 'Sea Wall' at the Traverse Theatre. The provided image evidence from 'The Guardian' directly supports this, featuring Andrew Scott in 'Sea Wall' at the Traverse Theatre, with a caption that mirrors the news caption. The source is a reputable news organization, increasing confidence. The visual entities detected align with the news content, and no contradictions are apparent. The image directly supports the claim made in the news caption.",
      "verdict": true
    }
  },
  "external_check": {
    "text_evidences": [
      {
        "title": "Sea Wall/Heaven | Edinburgh festival | The Guardian",
        "content": "Sea Wall/Heaven | Edinburgh festival | The Guardian",
        "caption": "'Outstanding performance' ... Andrew Scott in Sea Wall at the Traverse theatre. Photograph: Murdo Macleod",
        "domain": "www.theguardian.com"
      },
      {
        "title": "The best online theatre: What Do We Need to Talk About?; Dear ...",
        "content": "The best online theatre: What Do We Need to Talk About?; Dear ...",
        "caption": "Andrew Scott performing Sea Wall at the Traverse theatre in 2009. A new version is now available to buy online.",
        "domain": "www.theguardian.com"
      },
      {
        "title": "The best online theatre: What Do We Need to Talk About?; Dear Ireland; Sea Wall; The Ruins of Empire  review | Theatre | The Guardian",
        "content": "The best online theatre: What Do We Need to Talk About?; Dear ...",
        "caption": "The Zoom play What Do We Need to Talk About, starring, clockwise from top left, Jay O Sanders, Maryann Plunkett, Sally Murphy, Laila Robins and Stephen Kunken.",
        "domain": "www.theguardian.com"
      },
      {
        "title": "Sea Wall/Heaven | Edinburgh festival | The Guardian",
        "content": "Sea Wall/Heaven | Edinburgh festival | The Guardian",
        "caption": "'Outstanding performance' ... Andrew Scott in Sea Wall at the Traverse theatre. Photograph: Murdo Macleod",
        "domain": "www.theguardian.com"
      },
      {
        "title": "Sea Wall/Heaven | Edinburgh festival | The Guardian",
        "content": "Sea Wall/Heaven | Edinburgh festival | The Guardian",
        "caption": "'Outstanding performance' ... Andrew Scott in Sea Wall at the Traverse theatre. Photograph: Murdo Macleod",
        "domain": "www.theguardian.com"
      }
    ],
    "result": {
      "verdict": true,
      "alignment_score": 95,
      "confidence_score": 9,
      "explanation": "The news image displaying Andrew Scott captures his expressive delivery in what seems to be a theatrical performance as suggested by the caption. All reference images consistently feature Scott in similar poses, focusing on his upper body and hands raised, indicative of a dynamic speaking style that aligns with a stage performance's energy. The lighting across the images appears consistent, likely with a spotlight that would be common in a theater setting. This reinforces the context of a performance at the Traverse Theatre. \n\nMoreover, the backdrop remains dark, ensuring that the attention remains on Scott, which is typical for theatrical settings. There are minor variations in the images—like slight changes in angles or expressions—but these do not detract from the overall visual alignment. The temporal consistency is intact, as all visuals are from performance settings, predominantly highlighting Scott's stage presence. \n\nThe news image's intensity and focus match the high energy of a theatrical performance, conveying the essence of what the audience could expect based on the event description. Thus, despite any small discrepancies, this image serves to convey the same energetic performance context implied by the caption. The presence of similar expressions and gestures across the images suggests that they reflect a shared moment, which bolsters the verdict of alignment with the news caption.",
      "key_observations": [
        "The main subject, Andrew Scott, is consistently depicted with raised hands and an expressive face, indicative of his performance style.",
        "Lighting conditions are consistent, suggestive of a theatrical environment, with focused lighting on the subject and a dark backdrop.",
        "All reference images share similar themes and compositions centered around Andrew Scott, reinforcing the context of a performance at a theater.",
        "Minor variations in angle and detail do not compromise the visual and contextual integrity of the news image in relation to the caption."
      ]
    }
  },
  "final_result": {
    "OOC": false,
    "confidence_score": 9,
    "explanation": "Both the internal and external checks indicate that the news caption accurately represents the image. The internal check has a confidence score of 10 and confirms that the image supports the caption's description of Andrew Scott's performance in 'Sea Wall' at the Traverse Theatre. The external check, with a confidence score of 9 and an alignment score of 95, corroborates this by showing consistent imagery of Scott in similar poses and lighting conditions indicative of a theatrical performance. Because both checks align and have high confidence scores, the caption is deemed not out of context. There are no conflicting results or ambiguities.",
    "validation_summary": "Both internal and external checks confirm the caption's accuracy; the image depicts Andrew Scott in a performance consistent with the caption's description."
  },
  "inference_time": 12.248337984085083
}