{
  "caption": "The prime minister Tony Abbott welcomed Harry s trip to Australia and said he would be joining him while he is here",
  "ground_truth": false,
  "internal_check": {
    "visual_entities": [
      "Prince Harry, Duke of Sussex",
      "Wedding of Prince William and Catherine Middleton",
      "Third Person",
      "Prince",
      "Stock photography",
      "Photography",
      "Image",
      "Diana, Princess of Wales",
      "Catherine, Duchess of Cambridge",
      "person"
    ],
    "image_evidences": [],
    "result": {
      "confidence_score": 7,
      "explanation": "The news caption mentions \"prime minister Tony Abbott\" and \"Harry s trip to Australia\". The detected visual entities include \"Prince Harry, Duke of Sussex\" and \"person\", which aligns with the mention of Harry in the caption. However, the detected visual entities do not include any visual representation of Tony Abbott. Therefore, the caption is only partially supported by the visual entities. While 'Prince' and 'Third Person' could relate to Harry, the absence of Abbott lowers the confidence. Other entities like 'Wedding of Prince William and Catherine Middleton' and 'Diana, Princess of Wales' do not directly relate to the caption's immediate subject.",
      "verdict": false
    }
  },
  "external_check": {
    "text_evidences": [
      {
        "title": "Prince Harry will visit Australia in October | Prince Harry | The Guardian",
        "content": "Prince Harry will visit Australia in October | Prince Harry | The ...",
        "caption": "The prime minister, Tony Abbott, welcomed Harry's trip to Australia, and said he would be joining him while he is here. Photograph: Andrew Winning/PA",
        "domain": "www.theguardian.com"
      }
    ],
    "result": {
      "verdict": true,
      "alignment_score": 90,
      "confidence_score": 9,
      "explanation": "The analysis of the news image in relation to reference images indicates a high degree of visual and contextual alignment. Both images depict a similar facial expression and angle of Prince Harry, suggesting they were likely taken during the same event or context. The lighting conditions appear consistent in both images, conveying a natural indoor ambiance. Temporal consistency is reinforced by the similar appearances of clothing style, suggesting a congruous timeframe. \n\nThere are minor visual discrepancies, such as slight differences in color saturation and focus, which do not detract from the overall representation of the event described in the news caption. Both images deliver an authentic portrayal of Prince Harry, consistent with what one might expect given the reference to his visit. \n\nOverall, while there are slight variations in visual presentation, they do not materially alter the context being described, thus confirming alignment with the news caption regarding Prince Harry's trip to Australia.",
      "key_observations": "- Visual consistency in facial expression and angle between the news image and reference images\n- Similar indoor lighting conditions supporting the context\n- Minor discrepancies in color saturation which do not affect overall context\n- Evidence that both images capture the same event or setting without significant deviation"
    }
  },
  "final_result": {
    "OOC": false,
    "confidence_score": 8,
    "explanation": "The internal check found that the caption was only partially supported by the visual entities, as it mentioned both Tony Abbott and Harry, but only Harry was visually represented. The external check, however, showed a high degree of alignment between the image and reference images, specifically depicting Prince Harry in a context consistent with his trip to Australia. The external check has a higher confidence score (9) and a high alignment score (90), indicating that the image is a valid representation of Harry's visit. Although Tony Abbott is mentioned in the caption, the image accurately reflects the part about Harry's trip. Therefore, the caption is not considered completely out of context. The absence of Tony Abbott in the image does not invalidate the presence and representation of Prince Harry, who is a key element of the caption.",
    "validation_summary": "The internal check was negative because Tony Abbott was named but not pictured, while the external check was positive with high confidence because Harry was correctly pictured. Because the external check's confidence is higher and it validates the primary subject (Harry) in the caption, the overall assessment is that the caption is not OOC."
  },
  "inference_time": 11.952388525009155
}