{
  "caption": "View Photo Gallery The presumptive Republican presidential nominee spent many of his formative years as a student at the elite school in Bloomfield Hills Mich",
  "ground_truth": true,
  "internal_check": {
    "visual_entities": [
      "House",
      "Real Estate",
      "Long & Foster",
      "Christie's International Real Estate",
      "Nancy Itteilag, Washington Fine Properties, LLC",
      "Fessenden Street Northwest",
      "Sales",
      "Home",
      "Estate",
      "Villa",
      "Mansion",
      "Bedroom",
      "Estate agent",
      "Washington",
      "estate"
    ],
    "image_evidences": [],
    "result": {
      "confidence_score": 2,
      "explanation": "The news caption mentions 'the elite school in Bloomfield Hills Mich', while the detected visual entities are related to real estate such as 'House', 'Real Estate', 'Mansion'. Since there is no direct relationship between the visual entities and the school mentioned in the caption, the caption does not align well with the detected visual entities. The low confidence score reflects the weak connection.",
      "verdict": false
    }
  },
  "external_check": {
    "text_evidences": [
      {
        "title": "2024 campaign news: Trump and Haley campaign ahead of New Hampshire primary | CNN Politics",
        "content": "2024 campaign news: Trump and Haley campaign ahead of New ...",
        "caption": "WMUR",
        "domain": "www.cnn.com"
      }
    ],
    "result": {
      "verdict": false,
      "alignment_score": 20,
      "confidence_score": 8,
      "explanation": "The news image depicts an elegant building with a green lawn and surrounded by trees, which likely represents a residence associated with the presumptive Republican presidential nominee. However, it does not provide any direct evidence or context relevant to the nominee's formative school years in Bloomfield Hills, Michigan as suggested by the news caption. The reference images, obtained through the caption search, should ideally show the specific school or an event that illustrates their connection to the candidate's formative years and educational background. \n\nContrasting the news image with potential reference images, there is a notable absence of any direct connection to a school setting or context tied to the academic background of the candidate. Furthermore, there are significant differences in thematic elements, such as time period representation, and the purpose of the images. \n\nAlso, the lighting and composition are attractive and professional in the news image but lack any temporal indicators that align with the candidate's past, such as vintage elements that might depict the educational environment of the time when he attended school. Overall, the news image fails to provide a coherent narrative as suggested by the caption and lacks critical visual elements that would affirm the context of the story being told.",
      "key_observations": "- News image depicts a mansion or residential building; lacks educational context.\n- No visible ties to Bloomfield Hills or school elements.\n- Reference images likely show school or nomination events; not present in the news image.\n- Lighting and composition differ significantly from what might typically illustrate a schooling environment."
    }
  },
  "final_result": {
    "OOC": true,
    "confidence_score": 8,
    "explanation": "Both internal and external checks indicate that the news caption is out of context with respect to the image. The internal check reveals a mismatch between the caption's mention of 'the elite school in Bloomfield Hills Mich' and the detected visual entities related to real estate. The external check reinforces this by noting that the image depicts a residence rather than a school, and lacks visual elements connecting it to the candidate's formative school years. Although the confidence score of the external check (8) is higher than the internal check (2), both checks independently arrive at the same conclusion, reinforcing the determination that the caption is out of context. The high external alignment score of 20 further supports this conclusion.",
    "validation_summary": "Both internal and external checks indicate the caption is out of context as the image depicts a residence and lacks any connection to the school or formative years mentioned in the caption."
  },
  "inference_time": 9.727766036987305
}