{
  "caption": "Paul Rudd in a scene from the motion picture AntMan Credit Zade Rosenthal Marvel",
  "ground_truth": true,
  "internal_check": {
    "visual_entities": [
      "Ant-Man",
      "Marvel Cinematic Universe",
      "Superhero",
      "Marvel Studios",
      "Action",
      "Heist",
      "Ant-Man",
      "Ant-Man and the Wasp",
      "Paul Rudd",
      "Peyton Reed",
      "The Avengers",
      "Ant-Man",
      "ant man jumping"
    ],
    "image_evidences": [],
    "result": {
      "confidence_score": 10,
      "explanation": "The news caption mentions \"Paul Rudd in a scene from the motion picture AntMan Credit Zade Rosenthal Marvel\". The detected visual entities include 'Ant-Man', 'Paul Rudd', 'Marvel'. These entities are directly related to the caption, indicating a strong alignment. The text confirms the presence of Paul Rudd and the movie Ant-Man, as indicated by the visual entities. Thus, the caption accurately represents the visual content.",
      "verdict": true
    }
  },
  "external_check": {
    "text_evidences": [],
    "result": null
  },
  "final_result": {
    "OOC": false,
    "confidence_score": 10,
    "explanation": "The internal check confirms that the caption accurately describes the image content, with a high confidence score of 10. It verifies the presence of Paul Rudd and Ant-Man, aligning with the caption's description of 'Paul Rudd in a scene from the motion picture AntMan'. The external check result is 'None', indicating a lack of external validation data, therefore the internal check result is used. Therefore, the caption is not out of context.",
    "validation_summary": "The internal check confirms the caption's accuracy with high confidence. External check data is unavailable."
  },
  "inference_time": 3.6680760383605957
}