{
  "caption": "Promachocrinus kerguenlensis Sea Lily Make up by Riina Laine Helsinki Finland",
  "ground_truth": true,
  "internal_check": {
    "visual_entities": [
      "Forehead",
      "Make-up artist",
      "Beauty",
      "Eyewear",
      "Dice",
      "Reportage",
      "Physics",
      "Fear",
      "Queen",
      "Speculation",
      "eyelash"
    ],
    "image_evidences": [],
    "result": {
      "confidence_score": 8,
      "explanation": "The news caption mentions 'Promachocrinus kerguenlensis Sea Lily' and 'Riina Laine Helsinki Finland'. The news content confirms this, stating 'Promachocrinus kerguenlensis, Sea Lily. Make up by Riina Laine, Helsinki, Finland.' However, the detected visual entities mainly focus on 'Make-up artist', 'Beauty', and facial features such as 'Forehead' and 'eyelash'. While the news content does specify the 'Make up by Riina Laine', the primary subject 'Promachocrinus kerguenlensis Sea Lily' isn't directly reflected in the detected visual entities. There is alignment regarding the presence of a make-up artist, but a direct visualization of 'Sea Lily' is absent in detected entities. Therefore the caption partially aligns with the available evidence, and it does not contradict it.",
      "verdict": true
    }
  },
  "external_check": {
    "text_evidences": [
      {
        "title": "Deep sea body painting - in pictures | Art and design | The Guardian",
        "content": "Deep sea body painting - in pictures | Art and design | The Guardian",
        "caption": "Voragonema pedunculata, Deepsea Jellyfish. Make up by Rita Pico, Lisbon, Portugal",
        "domain": "www.theguardian.com"
      },
      {
        "title": "Deep sea body painting - in pictures | Art and design | The Guardian",
        "content": "Deep sea body painting - in pictures | Art and design | The Guardian",
        "caption": "Stauroteuthis syrtensis, Dumbo Octopus. Make up by Leonie Gene, Hamburg, Germany",
        "domain": "www.theguardian.com"
      },
      {
        "title": "Deep sea body painting - in pictures | Art and design | The Guardian",
        "content": "Deep sea body painting - in pictures | Art and design | The Guardian",
        "caption": "Stauroteuthis syrtensis, Dumbo Octopus. Make up by Leonie Gene, Hamburg, Germany",
        "domain": "www.theguardian.com"
      },
      {
        "title": "Deep sea body painting - in pictures | Art and design | The Guardian",
        "content": "Deep sea body painting - in pictures | Art and design | The Guardian",
        "caption": "Histioteuthis Heteropsis, jewel squid. Make up by Carolyn Roper, London",
        "domain": "www.theguardian.com"
      },
      {
        "title": "Deep sea body painting - in pictures | Art and design | The Guardian",
        "content": "ecfaf614-d15d-4258-8470- ...",
        "caption": "",
        "domain": "www.theguardian.com"
      }
    ],
    "result": {
      "verdict": false,
      "alignment_score": 10,
      "confidence_score": 3,
      "explanation": "The news image features a model having makeup applied, specifically emphasizing the eyes, while the reference images revolve primarily around artistic representations of marine life, particularly those resembling the Promachocrinus kerguenlensis, a type of sea lily. Notably, the news image does not contain any visual elements related to the sea or marine life, diverging greatly from the thematic context suggested by the caption. Additionally, the reference images exhibit elaborate body art with vibrant colors and designs that correspond to the marine life subject, whereas the news image conveys a completely different aesthetic focused on cosmetics. The absence of any marine-related visuals or thematic elements in the news image underscores a significant inconsistency with the caption. While both the news image and the reference images can be considered forms of artistic expression, they operate within distinctly different contexts. The lighting in the news image, while professional, does not correlate with any natural marine settings depicted in the reference images, which further separates the two contexts temporally and aesthetically. Hence, the news image cannot be considered a suitable representation of the content implied by the caption.",
      "key_observations": "- News image focuses on makeup application; reference images depict marine-themed artistic expressions.\n- No visible elements related to the Promachocrinus kerguenlensis or any marine life in the news image.\n- Significant aesthetic and contextual differences between the news image and reference images.\n- Lighting and setting differ greatly, with the news image appearing more studio-oriented rather than relating to a marine environment."
    }
  },
  "final_result": {
    "OOC": true,
    "confidence_score": 7,
    "explanation": "The internal check suggests the caption partially aligns with the news content because both mention the makeup artist and the sea lily, but it notes the image mainly focuses on makeup application rather than the sea lily itself. The internal check has a confidence score of 8. The external check, with a lower confidence score of 3 but a high alignment score of 10, indicates the image focuses on makeup application and lacks any visual connection to marine life or sea lilies, contradicting the caption. Given the contradiction and the significantly higher alignment score from the external check highlighting the absence of marine elements in the image, it's more likely that the caption is out of context. Therefore, the caption is considered out of context.",
    "validation_summary": "Internal check indicates partial alignment, but the external check, despite lower confidence, strongly contradicts, emphasizing the image's focus on makeup application with no marine elements, leading to an overall out-of-context determination."
  },
  "inference_time": 11.593955993652344
}