{
  "caption": "Were Gordon Brown to head a coalition government he may get rid of Alistair Darling as chancellor who is viewed positively by the City",
  "ground_truth": true,
  "internal_check": {
    "visual_entities": [
      "Socialite",
      "Political party",
      "socialite"
    ],
    "image_evidences": [],
    "result": {
      "confidence_score": 2,
      "explanation": "The news caption discusses political figures and a potential government coalition. The detected visual entities include 'Socialite' and 'Political party'. There is no direct visual evidence to confirm or deny the caption's claims based on these entities alone. The caption's context centers around political scenarios (coalition government, roles of Alistair Darling and Gordon Brown), and without specific visual representations of these elements (e.g., images of the mentioned individuals or political events), an accurate judgment is not possible. The presence of 'Socialite' and 'Political party' as detected entities offers little corroboration or contradiction to the nuanced political narrative presented in the caption. Due to this lack of direct visual correlation, the confidence level is very low.",
      "verdict": false
    }
  },
  "external_check": {
    "text_evidences": [
      {
        "title": "The resignation speech: what Gordon Brown said  and what he meant | The Independent | The Independent",
        "content": "The resignation speech: what Gordon Brown said  and what he meant ...",
        "caption": "",
        "domain": "www.independent.co.uk"
      },
      {
        "title": "Europe's financial crisis: as it happened | Financial crisis | The Guardian",
        "content": "Europe's financial crisis: as it happened | Financial crisis | The ...",
        "caption": "Greece desperately needs a bailout, but negotiations over the plan are continuing in Berlin today. Photograph: ARIS MESSINIS/AFP/Getty Images",
        "domain": "www.theguardian.com"
      }
    ],
    "result": {
      "verdict": false,
      "alignment_score": 25,
      "confidence_score": 6,
      "explanation": "The news caption discusses a potential political scenario involving Gordon Brown and Alistair Darling in the context of UK governance. The key visual elements one would expect are representations of either person mentioned in a political setting or in relation to the UK Parliament or government structures. However, the news image displays an individual who does not appear to match either of the described figures in the news caption.\n\nComparing the news image to the reference images shows significant visual inconsistencies. The news image features a person, seemingly in a casual outdoor setting, surrounded by a crowd and cameras, but it lacks any clear indication of a governmental backdrop or the presence of political figures directly related to the news caption. In contrast, the second reference image shows a prominent political location (presumably Downing Street) with a political figure speaking – this matches the political context of the caption. The third image is unrelated to UK politics, illustrating a Greek bank, which does not align contextually.\n\nLighting and angles in the news image also suggest a different time of day and setting compared to the more formal and structured backgrounds seen in the reference images where governmental activities likely occur. There are no evident signs of manipulation in any image, but the disconnection in context leads to the conclusion that the news image does not appropriately represent the scenario suggested by the caption.",
      "key_observations": [
        "The news image features an unidentified individual in a casual setting, disconnected from the context of UK government or politics.",
        "The first reference image is a notable location in UK politics (Downing Street), featuring a speaker at a podium likely addressing the public or media.",
        "The second reference image shows a Greek bank, which is entirely irrelevant to the context of the news caption.",
        "Disparities in setting, type of individuals shown, and overall context lead to a low alignment score."
      ]
    }
  },
  "final_result": {
    "OOC": true,
    "confidence_score": 7,
    "explanation": "Both the internal and external checks indicate that the caption is out of context. The internal check reports a low confidence score (2) because the visual entities detected ('Socialite', 'Political party') do not directly confirm or deny the caption's claims about political figures and government coalitions. The external check, however, provides a higher confidence score (6) and alignment score (25), noting that the news image displays an individual in a casual setting, which is disconnected from the political context of the caption (Gordon Brown, Alistair Darling, UK government). The reference images further highlight this discrepancy. Considering the moderate confidence in the external check and the agreement between both checks (despite the internal check's lower confidence), I conclude that the caption is out of context.",
    "validation_summary": "Both internal and external checks suggest the caption is out of context. The external check, with a higher confidence score, indicates the image does not align with the caption's political context."
  },
  "inference_time": 14.731939792633057
}