{
  "caption": "Frances Tiafoe returns to Viktor Troicki during their firstround match on Tuesday",
  "ground_truth": true,
  "internal_check": {
    "visual_entities": [
      "ITF Junior Circuit",
      "Tennis",
      "Tennis player",
      "International Tennis Federation",
      "Team sport",
      "Tournament",
      "Soft tennis",
      "Frances Tiafoe",
      "Franklin Tiafoe",
      "player"
    ],
    "image_evidences": [],
    "result": {
      "confidence_score": 9,
      "explanation": "The news caption mentions 'Frances Tiafoe' and 'Viktor Troicki' during their match. The detected visual entities include 'Frances Tiafoe' and 'Tennis player', which aligns with the caption. The news content also supports the caption by mentioning the match between Frances Tiafoe and Viktor Troicki. Therefore, the caption accurately represents the visual content based on the detected visual entities.",
      "verdict": true
    }
  },
  "external_check": {
    "text_evidences": [
      {
        "title": "Frances Tiafoe, presumptive future of American tennis, shows well in defeat | US Open 2015 | The Guardian",
        "content": "Frances Tiafoe, presumptive future of American tennis, shows well ...",
        "caption": "Frances Tiafoe returns to Viktor Troicki during their first-round match on Tuesday.",
        "domain": "www.theguardian.com"
      },
      {
        "title": "Frances Tiafoe, presumptive future of American tennis, shows well in defeat | US Open 2015 | The Guardian",
        "content": "Frances Tiafoe, presumptive future of American tennis, shows well ...",
        "caption": "Frances Tiafoe returns to Viktor Troicki during their first-round match on Tuesday.",
        "domain": "www.theguardian.com"
      }
    ],
    "result": {
      "verdict": false,
      "alignment_score": 25,
      "confidence_score": 6,
      "explanation": "The news image depicts Frances Tiafoe returning a ball during a match, evidenced by the tennis court, net, and scoreboard visible in the frame. However, the other reference images primarily focus on Frances Tiafoe in individual close-ups, showcasing him in a separate context without any opponent visible or indication of a match being played. Furthermore, the news image has a scoreboard indicating a game in progress, contrasting with the static nature of the referenced images. There are discrepancies in the activity level as well; the news image captures a moment of action participation while the references seem to show more posed or standalone shots. The lighting and background elements differ significantly, such as the open-court space in the news image versus the closed backgrounds of the reference images, suggesting different matches or times. Additionally, the reference images showcase a brighter and clearer setting, while the news image features overcast conditions, leading to a lack of temporal consistency. As a result, despite the news image clearly depicting a tennis match involving Frances Tiafoe, it does not align well with the reference images, which do not depict similar moments or conditions.",
      "key_observations": "- News image shows an ongoing tennis match scene with scoreboard present.\n- Reference images focus on Frances Tiafoe with different backgrounds and contexts, indicating they might not be from the same match.\n- Different lighting conditions: news image is overcast, while reference images are brightly lit.\n- Spatial differences noted: news image features an expansive court, whereas references have more limited backgrounds with players alone.\n- Temporal indication inconsistent due to differing lighting and potential match separation."
    }
  },
  "final_result": {
    "OOC": true,
    "confidence_score": 7,
    "explanation": "The internal check suggests the caption is accurate (confidence: 9) because it identifies the players and match scenario mentioned in the news content, aligning with the visual entities detected. However, the external check contradicts this, asserting a mismatch (confidence: 6, alignment: 25). The reference images differ significantly from the news image in terms of lighting, background, and activity, indicating different contexts or matches. Although the internal check has a slightly higher confidence score, the low alignment score (25) in the external check is a strong indicator that the image is out of context with the reference images. Given the conflicting information and the external check's identification of key inconsistencies, the caption is deemed out of context. The confidence score reflects the slight uncertainty due to the conflicting evidence.",
    "validation_summary": "Internal check says caption is accurate, but external check reveals image discrepancies with reference images, leading to an out-of-context determination."
  },
  "inference_time": 10.868679285049438
}