{
  "caption": "Rory McIlroy celebrates winning the 2014 USPGA at Valhalla in Louisville Kentucky He will not be lifting the trophy in Northern Ireland",
  "ground_truth": true,
  "internal_check": {
    "visual_entities": [
      "Floral design",
      "Flowering plant",
      "Design",
      "Recreation",
      "Flower",
      "Plant",
      "Biology",
      "Science",
      "flora"
    ],
    "image_evidences": [],
    "result": {
      "confidence_score": 2,
      "explanation": "The detected visual entities, such as 'Floral design', 'Flowering plant', 'Design', 'Recreation', 'Flower', 'Plant', 'Biology', 'Science', 'flora', do not directly correspond to the news caption, which discusses Rory McIlroy winning the 2014 USPGA at Valhalla. The visual entities seem more related to general plant life or decorative elements and don't imply a golf tournament or a person celebrating a victory. The context provided by the detected entities is not consistent with the context of a sporting event victory described in the caption. The entities offer no support for the claim in the news caption.",
      "verdict": false
    }
  },
  "external_check": {
    "text_evidences": [
      {
        "title": "PGA of America will not move USPGA abroad, to Gary Players chagrin | US PGA | The Guardian",
        "content": "PGA of America will not move USPGA abroad, to Gary Player's ...",
        "caption": "Rory McIlroy celebrates winning the 2014 USPGA at Valhalla in Louisville, Kentucky. He will not be lifting the trophy in Northern Ireland. Photograph: John Locher/AP",
        "domain": "www.theguardian.com"
      },
      {
        "title": "PGA of America will not move USPGA abroad, to Gary Players chagrin | US PGA | The Guardian",
        "content": "PGA of America will not move USPGA abroad, to Gary Player's ...",
        "caption": "Rory McIlroy celebrates winning the 2014 USPGA at Valhalla in Louisville, Kentucky. He will not be lifting the trophy in Northern Ireland. Photograph: John Locher/AP",
        "domain": "www.theguardian.com"
      },
      {
        "title": "PGA of America will not move USPGA abroad, to Gary Players chagrin | US PGA | The Guardian",
        "content": "PGA of America will not move USPGA abroad, to Gary Player's ...",
        "caption": "Rory McIlroy celebrates winning the 2014 USPGA at Valhalla in Louisville, Kentucky. He will not be lifting the trophy in Northern Ireland. Photograph: John Locher/AP",
        "domain": "www.theguardian.com"
      },
      {
        "title": "PGA of America will not move USPGA abroad, to Gary Players chagrin | US PGA | The Guardian",
        "content": "PGA of America will not move USPGA abroad, to Gary Player's ...",
        "caption": "Rory McIlroy celebrates winning the 2014 USPGA at Valhalla in Louisville, Kentucky. He will not be lifting the trophy in Northern Ireland. Photograph: John Locher/AP",
        "domain": "www.theguardian.com"
      }
    ],
    "result": {
      "verdict": false,
      "alignment_score": 45,
      "confidence_score": 7,
      "explanation": "The news image depicts Rory McIlroy celebrating with two trophies surrounded by flowers, which does not correspond to the context of the 2014 USPGA championship victory. The reference images all show McIlroy holding the USPGA trophy on a golf course at dusk, with a crowd of photographers capturing the moment. This indicates a celebration after winning the tournament rather than just a trophy presentation. The lighting and background elements differ significantly, with the news image featuring a more festive setting, while the reference images display a darker, more focused atmosphere typical of an on-course celebration. Therefore, while the news image features McIlroy and his achievements, it does not accurately represent the context of the victory described in the caption.",
      "key_observations": "- **Subject Representation**: Both images feature Rory McIlroy, but the news image presents him in a different context (trophy presentation vs. victory celebration).\n- **Objects**: The news image shows multiple trophies and flowers, while reference images focus solely on the USPGA trophy.\n- **Lighting and Atmosphere**: The news image has bright daylight lighting, contrasting with the evening lighting of reference images, which affects the overall mood.\n- **Background Comparison**: Reference images display a golf course backdrop and photographers, absent in the news image categorization."
    }
  },
  "final_result": {
    "OOC": true,
    "confidence_score": 7,
    "explanation": "The internal check, with a confidence score of 2, indicates a mismatch between the visual entities detected in the image (floral design, plants) and the caption's description of Rory McIlroy winning the 2014 USPGA. The external check, having a higher confidence score of 7 and an alignment score of 45, reinforces this conclusion. It points out that the image shows McIlroy with multiple trophies and flowers in a different setting compared to reference images showing him with the USPGA trophy on a golf course at dusk. Although both internal and external checks suggest the caption is out of context, the external check is prioritized due to its higher confidence level. The image shows Rory McIlroy with trophies, but does not accurately reflect the 2014 USPGA win described in the caption, as that event had a specific trophy and setting. Therefore, the caption is out of context.",
    "validation_summary": "Both internal and external checks suggest the caption is out of context. The external check, which has a higher confidence score, reveals that the image shows a different trophy presentation from the 2014 USPGA win. The internal check finds no direct correlation between image content and caption's claim."
  },
  "inference_time": 11.34603762626648
}