{
  "caption": "Indianapolis Colts running back Trent Richardson spikes the ball after scoring a touchdown against the Houston Texans at Lucas Oil Stadium",
  "ground_truth": true,
  "internal_check": {
    "visual_entities": [
      "NFL",
      "Canadian football",
      "Detroit Lions",
      "Jacksonville Jaguars",
      "New York Jets",
      "American football",
      "Atlanta Falcons",
      "Philadelphia Eagles",
      "Team sport",
      "Wide receiver",
      "American Football Helmet",
      "Touchdown",
      "Defensive tackle",
      "canadian football"
    ],
    "image_evidences": [],
    "result": {
      "confidence_score": 7,
      "explanation": "The caption mentions 'Indianapolis Colts running back Trent Richardson spikes the ball after scoring a touchdown against the Houston Texans at Lucas Oil Stadium'. The detected visual entities include 'NFL', 'American football', 'Team sport', 'Touchdown', indicating a football game. While specific players (Trent Richardson) and teams (Indianapolis Colts, Houston Texans) are not directly identified in the visual entities, the general context of a football game and a touchdown supports the caption. However, the absence of specific player or team identification lowers the confidence score.",
      "verdict": true
    }
  },
  "external_check": {
    "text_evidences": [
      {
        "title": "NFL Week 14: The best photos | CNN",
        "content": "NFL Week 14: The best photos | CNN",
        "caption": "Jim Rogash/Getty Images",
        "domain": "www.cnn.com"
      },
      {
        "title": "NFL Week 2: The best photos | CNN",
        "content": "NFL Week 2: The best photos | CNN",
        "caption": "Getty Images",
        "domain": "www.cnn.com"
      }
    ],
    "result": {
      "verdict": false,
      "alignment_score": 30,
      "confidence_score": 5,
      "explanation": "The news image does not appear consistent with the expected visual elements based on the caption about Trent Richardson scoring a touchdown for the Indianapolis Colts against the Houston Texans. In the reference images retrieved from the web related to the caption, the scenes primarily depicted players from the Colts and Texans, specifically showing touchdowns and player celebrations typical in an NFL game context. However, the news image presented showcases a completely different scenario involving players wearing different uniforms (from the Detroit Lions and Atlanta Falcons), with no representation of the Colts or Texans. \n\n1. The uniforms in the news image are those of the Detroit Lions and Atlanta Falcons, which does not correspond to the Colts' blue and white or the Texans' colors.  \n2. The setting is also different, as the reference images depict Lucas Oil Stadium with a relevant field setup, while the news image doesn't match this environment at all.\n3. Temporal consistency is difficult to assess due to the lack of identifiable timestamps, but the stadiums and scenarios are visually distinct enough to raise concerns about the context.\n\nFurthermore, any suggested emotional or celebratory context related to a touchdown is absent here, as the players in the news image are involved in a different gameplay scenario altogether. Overall, the visual representation in the news image fails to align with the expected scene described in the caption.",
      "key_observations": [
        "The news image features players from the Detroit Lions and Atlanta Falcons, not the Indianapolis Colts or Houston Texans.",
        "The setting of the news image does not resemble Lucas Oil Stadium.",
        "Key uniforms and player identities do not match those referenced in the caption, indicating significant visual inconsistency."
      ]
    }
  },
  "final_result": {
    "OOC": true,
    "confidence_score": 8,
    "explanation": "The internal check suggests that the caption aligns with the image content (confidence score: 7), as it detects general elements of a football game, although without specific player or team confirmation. However, the external check strongly indicates a mismatch (confidence score: 5, alignment score: 30), showing that the image features players from the Detroit Lions and Atlanta Falcons, not the Indianapolis Colts and Houston Texans as stated in the caption. Given the significant visual discrepancies highlighted by the external check and while considering its lower confidence score relative to the internal check, the high alignment score is weighed more heavily. Therefore, it's concluded that the caption is out of context. The final confidence score is relatively high because the external check provides concrete evidence against the caption's accuracy.",
    "validation_summary": "Internal check supports caption's general football context, but external check reveals a mismatch in teams and setting, indicating the caption is out of context."
  },
  "inference_time": 14.53307318687439
}