{
  "caption": "Lions wing Tommy Bowe and Australia s Joe Tomane battle in Melbourne Using Bowe and George North as kickchasers failed as a tactic",
  "ground_truth": false,
  "internal_check": {
    "visual_entities": null,
    "image_evidences": [],
    "result": {
      "confidence_score": 1,
      "explanation": "The news caption mentions specific individuals and a location (Tommy Bowe, Joe Tomane, Melbourne) and an event (rugby match). Since there are no visual entities detected in the image, it's impossible to confirm any elements from the caption. Therefore, the caption cannot be verified against the image content, leading to a low confidence score and a 'False' verdict.",
      "verdict": false
    }
  },
  "external_check": {
    "text_evidences": [
      {
        "title": "Lions 2013: five things we learned from the second Test against Australia | Lions tour 2013 | The Guardian",
        "content": "Lions 2013: five things we learned from the second Test against ...",
        "caption": "",
        "domain": "www.theguardian.com"
      },
      {
        "title": "Lions 2013: five things we learned from the second Test against Australia | Lions tour 2013 | The Guardian",
        "content": "Lions 2013: five things we learned from the second Test against ...",
        "caption": "",
        "domain": "www.theguardian.com"
      },
      {
        "title": "Lions 2013: five things we learned from the second Test against Australia | Lions tour 2013 | The Guardian",
        "content": "Lions 2013: five things we learned from the second Test against ...",
        "caption": "",
        "domain": "www.theguardian.com"
      },
      {
        "title": "Lions 2013: five things we learned from the second Test against Australia | Lions tour 2013 | The Guardian",
        "content": "Lions 2013: five things we learned from the second Test against ...",
        "caption": "",
        "domain": "www.theguardian.com"
      },
      {
        "title": "Lions 2013: five things we learned from the second Test against Australia | Lions tour 2013 | The Guardian",
        "content": "Lions 2013: five things we learned from the second Test against ...",
        "caption": "",
        "domain": "www.theguardian.com"
      }
    ],
    "result": {
      "verdict": true,
      "alignment_score": 85,
      "confidence_score": 8,
      "explanation": "The news image depicts two rugby players, Tommy Bowe and Joe Tomane, in an intense moment during a match, capturing the action described in the caption. Bowe is on the left, attempting to catch the ball while Tomane is on the right, also reaching for it. This aligns closely with the caption's mention of Bowe and Tomane battling each other in Melbourne. The reference images retrieved from the web search vary widely in sports, but they do not provide direct comparisons in terms of positioning and action taken. Therefore, while the image aligns well with the brief context provided in the caption, the absence of specific matches from the reference images lowers its contextual alignment. Nevertheless, the primary focus remains on rugby, which is consistent with the caption's content. An investigation reveals no visible manipulation or artifacts in the news image. Overall, it accurately represents the intended sports event, justifying a high confidence rating despite slight variances in surrounding imagery.",
      "key_observations": [
        "Main subjects are accurately depicted: Tommy Bowe and Joe Tomane in action.",
        "The setting context matches as a rugby scene, consistent with given caption.",
        "No visible signs of image manipulation present in the news image.",
        "Capture of action aligns with the described event of 'battling' for the ball."
      ]
    }
  },
  "final_result": {
    "OOC": false,
    "confidence_score": 8,
    "explanation": "The internal check initially flagged the caption as potentially false due to the lack of visual entity detection in the image. However, the external check provides strong evidence supporting the caption's accuracy. The external check, with a confidence score of 8, confirms that the image depicts Tommy Bowe and Joe Tomane in a rugby match setting, aligning with the caption. Given the higher confidence score and supporting evidence from the external check, I'm prioritizing its verdict. The alignment score of 85 further supports the caption's accuracy. Therefore, the caption is not out of context.",
    "validation_summary": "The external check strongly supports the caption's accuracy, depicting the mentioned players in a rugby match, overriding the initial inconclusive internal check."
  },
  "inference_time": 9.312142133712769
}