{
  "caption": "Placards and banners fill the street in Athens Greece",
  "ground_truth": false,
  "internal_check": {
    "visual_entities": [
      "Climate",
      "Marche pour le climat",
      "Climate change",
      "weekend",
      "Activism",
      "Global Climate March",
      "Avaaz",
      "Number",
      "Mass mobilization",
      "May",
      "Week",
      "protest"
    ],
    "image_evidences": [
      {
        "title": "Global climate march 2015  in pictures | Environment | The Guardian",
        "content": "",
        "caption": "Placards and banners fill the street in Athens, Greece",
        "domain": "www.theguardian.com"
      }
    ],
    "result": {
      "confidence_score": 10,
      "explanation": "The news content includes the caption \"Placards and banners fill the street in Athens, Greece\" and provides a photograph credit to Louisa Gouliamaki/AFP/Getty Images. The image evidence from www.theguardian.com is titled \"Global climate march 2015 – in pictures | Environment | The Guardian\" with the caption \"Placards and banners fill the street in Athens, Greece\". This image evidence directly supports the news caption by showing a street filled with placards and banners in Athens, Greece. The entities detected such as 'Climate', 'Global Climate March', and 'protest' are also consistent with the event depicted in the image.",
      "verdict": true
    }
  },
  "external_check": {
    "text_evidences": [
      {
        "title": "Global climate march 2015  in pictures | Environment | The Guardian",
        "content": "Global climate march 2015  in pictures | Environment | The Guardian",
        "caption": "Placards and banners fill the street in Athens, Greece",
        "domain": "www.theguardian.com"
      }
    ],
    "result": {
      "verdict": true,
      "alignment_score": 95,
      "confidence_score": 9,
      "explanation": "The news image depicting the street filled with placards and banners aligns closely with the reference images derived from the web search based on the caption. Both images showcase a large crowd participating in a demonstration or protest in Athens, emphasizing environmental themes, segment of which is focused on the call to action against fossil fuels and for renewable energy. The vibrant colors of the banners, predominantly in yellow and other stark contrasts, are consistent across both images, reflecting the lively nature of such events. Both images also illustrate an engaged crowd comprising diverse participants, hence portraying a similar socio-political message. There is a slight variation in the positioning and zoom of the camera shots, showcasing different degrees of crowd density, but they maintain the core participatory element of the event. Temporal indicators like lighting are consistent, suggesting a time of day conducive to outdoor gatherings, reflecting good visibility typical for similar events. Despite minor composition differences, structural elements, such as the general context of the crowd holding banners, reinforce the captured event, affirming the authenticity of the news image. No apparent signs of digital manipulation or alterations are detected in either image. Overall, the news image accurately represents the context indicated in the caption, by depicting the vibrancy and passionate involvement seen in such protests.",
      "key_observations": [
        "Both images feature a large crowd with a variety of placards and banners, affirming the theme of the protest.",
        "Predominant use of bright yellow colors on placards is consistent, enhancing visibility and drawing attention to the message being communicated.",
        "Temporal indicators, such as lighting, appear consistent across both images, indicating a common time of day for the event.",
        "Minor composition differences in terms of zoom and framing do not detract from the overall context of protest participation.",
        "No visible signs of manipulation or digital alterations have been noted, enhancing the integrity of both images."
      ]
    }
  },
  "final_result": {
    "OOC": false,
    "confidence_score": 10,
    "explanation": "Both internal and external checks confirm that the caption accurately represents the image. The internal check has a confidence score of 10 and confirms that the caption \"Placards and banners fill the street in Athens Greece\" is supported by the image content. The external check, with a confidence score of 9 and alignment score of 95, reinforces this by comparing the news image with reference images and finding a high degree of similarity in terms of the crowd, banners, and overall context of a protest in Athens. Therefore, there is no indication that the caption is out of context.",
    "validation_summary": "Both internal and external checks confirm the caption's accuracy, indicating it's not out of context."
  },
  "inference_time": 9.865491390228271
}