{
  "caption": "Sandy and Oscar are pals Here she is in 2014",
  "ground_truth": true,
  "internal_check": {
    "visual_entities": [
      "Larchmont",
      "Tree",
      "Hurricane Sandy",
      "Asphalt,M",
      "Public utility",
      "Woody plant",
      "Branch",
      "Transport",
      "Bathroom",
      "Glass",
      "Construction",
      "Plant",
      "Public",
      "Tropical Cyclone",
      "New York",
      "tree"
    ],
    "image_evidences": [
      {
        "title": "Hurricane Sandy one year on: stories from Guardian readers | Kayla Epstein in New York | The Guardian",
        "content": "",
        "caption": "A work crew clears debris and fallen trees in Larchmont, NY after Sandy tore through the area. Photograph: Courtesy of Patricia Dana",
        "domain": "www.theguardian.com"
      }
    ],
    "result": {
      "confidence_score": 1,
      "explanation": "The news caption mentions 'Sandy and Oscar' referring to Sandra Bullock and an Oscar award. The image evidence shows a work crew clearing debris after Hurricane Sandy. The detected visual entities also relate to Hurricane Sandy. There is no visual evidence to support Sandra Bullock or an Oscar award. Therefore, the image evidence does not support the news caption.",
      "verdict": false
    }
  },
  "external_check": {
    "text_evidences": [],
    "result": null
  },
  "final_result": {
    "OOC": true,
    "confidence_score": 10,
    "explanation": "The internal check result indicates that the news caption 'Sandy and Oscar are pals Here she is in 2014' does not accurately represent the image content, which depicts the aftermath of Hurricane Sandy. The internal check's explanation details that the image shows visual entities related to Hurricane Sandy, while the caption refers to Sandra Bullock ('Sandy') and an Oscar award, elements not supported by the image. The internal check has a confidence score of 1, indicating high certainty in its assessment. The external check result is 'None,' meaning there's no additional data to either support or contradict the internal check. Therefore, based solely on the available internal check data, the caption is considered out of context.",
    "validation_summary": "The internal check confirms the caption is out of context as it doesn't align with the image's depiction of Hurricane Sandy. External check data is absent."
  },
  "inference_time": 3.81463360786438
}