{
  "caption": "Trump left and Cruz at the Jan 14 debate",
  "ground_truth": true,
  "internal_check": {
    "visual_entities": [
      "2016 Republican Party presidential debates and forums",
      "Super Tuesday",
      "Businessperson",
      "University of Houston",
      "Debate",
      "Houston Chronicle",
      "Politics",
      "Actor",
      "Ted Cruz",
      "Ben Carson",
      "official"
    ],
    "image_evidences": [],
    "result": {
      "confidence_score": 8,
      "explanation": "The news caption mentions \"Trump left and Cruz at the Jan 14 debate\". The detected visual entities include \"Ted Cruz\" and references to \"Debate\", \"Politics\", and \"2016 Republican Party presidential debates and forums\", which aligns with the caption's reference to a debate involving Cruz. While \"Trump\" is not explicitly listed among the detected visual entities, the high confidence in detecting related elements supports a reasonable alignment with the caption. This suggests the image likely depicts Trump and Cruz at a debate event as the caption claims.",
      "verdict": true
    }
  },
  "external_check": {
    "text_evidences": [
      {
        "title": "Trump-Cruz rivalry intensifies in rollicking GOP debate | PBS News",
        "content": "Trump-Cruz rivalry intensifies in rollicking GOP debate | PBS News",
        "caption": "",
        "domain": "www.pbs.org"
      },
      {
        "title": "Ted Cruz Goes After Donald Trump's Mom in Birther Battle at GOP Debate - ABC News",
        "content": "Ted Cruz Goes After Donald Trump's Mom in Birther Battle at GOP ...",
        "caption": "",
        "domain": "abcnews.go.com"
      }
    ],
    "result": {
      "verdict": true,
      "alignment_score": 85,
      "confidence_score": 8,
      "explanation": "The news image captures a moment of Donald Trump and Ted Cruz shaking hands, aligning with the context of a debate setting, as described in the caption \"Trump left and Cruz at the Jan 14 debate.\" The reference images also depict similar interactions between the two figures during various debates, showcasing them in a formal setting with podiums. The lighting in the news image is consistent with a debate scenario, as seen in reference images, indicating that the image likely corresponds with the expected atmosphere of the event.\n\nWhile there are differences such as the exact gestures and facial expressions captured in each image, the core elements remain aligned—both men are seen in business formal attire, and the debate backdrop is in keeping with such events. The temporal consistency is also upheld as the images reflect similar settings of typical presidential debates, characterized by bright stage lights and formal arrangements.\n\nNo explicit signs of manipulation were identified in the news image, supporting its authenticity in relation to the referenced debate context. Overall, while there are differences in specific moments captured, the news image accurately represents the event suggested by the caption, confirming it does not mislead viewers.",
      "key_observations": [
        "Both images feature Donald Trump and Ted Cruz in formal attire, consistent with a debate setting.",
        "The context of the news image aligns with the moment from a debate, shown in the reference images.",
        "Similar lighting conditions in the news image are comparable to the ambiance in the reference images, suggesting temporal consistency.",
        "No signs of digital manipulation detected, indicating the authenticity of the news image."
      ]
    }
  },
  "final_result": {
    "OOC": false,
    "confidence_score": 8,
    "explanation": "Both the internal and external checks suggest the caption accurately represents the image. The internal check has a confidence score of 8 and confirms that the visual entities align with the caption's description of Trump and Cruz at a debate. The external check also supports this, providing an alignment score of 85% and a confidence score of 8, noting the presence of Trump and Cruz in a formal attire and debate setting, consistent with the caption. Given the agreement between the two checks and their relatively high confidence scores, the caption is deemed not out of context.",
    "validation_summary": "Both internal and external checks confirm the caption accurately represents the image of Trump and Cruz at a debate."
  },
  "inference_time": 10.6183021068573
}