{
  "caption": "President Lyndon B Johnson advocated for civil rights and is here with Martin Luther King Jr at the signing of the Civil Rights Act",
  "ground_truth": false,
  "internal_check": {
    "visual_entities": [
      "Martin Luther King Jr.",
      "Lyndon B. Johnson",
      "Civil Rights Act of 1964",
      "Civil rights movement",
      "Selma to Montgomery marches",
      "Civil and political rights",
      "I Have a Dream",
      "Rights",
      "Suffrage",
      "Racial segregation",
      "Voting Rights Act of 1965",
      "Law",
      "Legislation",
      "Politics",
      "1965 civil rights act"
    ],
    "image_evidences": [],
    "result": {
      "confidence_score": 10,
      "explanation": "The news caption states, 'President Lyndon B Johnson advocated for civil rights and is here with Martin Luther King Jr at the signing of the Civil Rights Act'. The detected visual entities include 'Martin Luther King Jr.', 'Lyndon B. Johnson', and 'Civil Rights Act of 1964'. These entities directly correspond to the individuals and event described in the caption. Therefore, the caption aligns well with the detected visual entities.",
      "verdict": true
    }
  },
  "external_check": {
    "text_evidences": [
      {
        "title": "A needed lesson in bipartisanship: The Civil Rights Act of 1964 - Roll Call",
        "content": "A needed lesson in bipartisanship: The Civil Rights Act of 1964 ...",
        "caption": "President Lyndon B. Johnson signs the Civil Rights Act on July 2, 1964, as Martin Luther King Jr. and others look on. (",
        "domain": "rollcall.com"
      },
      {
        "title": "The Kennedys and the Civil Rights Movement (U.S. National Park Service)",
        "content": "The Kennedys and the Civil Rights Movement (U.S. National Park ...",
        "caption": "President Kennedy meets with the leaders of the March On Washington on August 28, 1963 in the Oval Office.",
        "domain": "www.nps.gov"
      }
    ],
    "result": {
      "verdict": false,
      "alignment_score": 65,
      "confidence_score": 7,
      "explanation": "The news image depicts President Lyndon B. Johnson and Martin Luther King Jr. during the signing of the Civil Rights Act, featuring them among a group of individuals who are visibly engaged in the moment. In contrast, reference images prominently present Johnson seated, signing the document with prominent figures, including King, looking on. The spatial arrangement in the news image shows a more dynamic interaction, while the reference images have a more structured composition with Johnson at the center. Temporal consistency is generally upheld, given that the event occurred in the 1960s, however, details like lighting and attire may reflect different moments of the same day, or different events surrounding the signing.",
      "key_observations": "- The news image shows an active discussion around Johnson and King, while reference images depict Johnson primarily focusing on signing.\n- Differences in background elements, such as the arrangement of individuals and objects, create a distinct atmosphere.\n- Light and shadow differences raise questions about whether the news image was captured under similar conditions as the event depicted."
    }
  },
  "final_result": {
    "OOC": false,
    "confidence_score": 8,
    "explanation": "The internal check confirms that the caption accurately describes the image content, identifying key figures and the event (Lyndon B. Johnson, Martin Luther King Jr., and the Civil Rights Act signing). The internal check has a high confidence score of 10. The external check, while having a lower confidence score of 7, suggests only minor discrepancies. The external check's 'alignment_score' is 65, which indicates a reasonable degree of similarity but highlights differences in image composition compared to reference images. Given the higher confidence in the internal check and the reasonable alignment score from the external check, the caption isn't considered out of context, despite minor variations in image details. The caption is accurate, even though the specific image may differ slightly from commonly seen depictions of the event.",
    "validation_summary": "Internal check validates caption accuracy with high confidence. External check indicates reasonable image alignment despite compositional differences. Overall, the caption accurately represents the image."
  },
  "inference_time": 10.626084804534912
}