{
  "caption": "Olive Garden should add wine to recreate Italian authenticity Starboard Value says",
  "ground_truth": false,
  "internal_check": {
    "visual_entities": [
      "Breadstick",
      "Pasta",
      "Olive Garden",
      "Darden Restaurants",
      "Restaurant chain",
      "Restaurant",
      "Chick-fil-A",
      "Meal",
      "Red Lobster",
      "Olive Garden Menu",
      "Salad",
      "Applebee's International, Inc.",
      "olive garden uk"
    ],
    "image_evidences": [
      {
        "title": "Olive Garden investor cries 'too many breadsticks and not enough wine' | Food & drink industry | The Guardian",
        "content": "",
        "caption": "Olive Garden should add wine to recreate Italian authenticity, Starboard Value says.",
        "domain": "www.theguardian.com"
      },
      {
        "title": "Olive Garden menu changes likely with board turnover | US news | The Guardian",
        "content": "",
        "caption": "Starboard criticized Olive Garden for having an overly complicated menu and its failure to salt its pasta water.",
        "domain": "www.theguardian.com"
      }
    ],
    "result": {
      "confidence_score": 9,
      "explanation": "The news caption states that Olive Garden should add wine to recreate Italian authenticity, according to Starboard Value. Both image evidences support this claim. Evidence 1 has a caption that directly echoes the news caption, stating, \"Olive Garden should add wine to ‘recreate Italian authenticity’, Starboard Value says.\" This strongly aligns with the news. Evidence 2, while not directly mentioning wine, mentions Starboard's criticism of Olive Garden and its menu, which provides context to Starboard's involvement and their suggestions for improvement. The visual entities detected, such as 'Olive Garden', 'Restaurant chain', and 'Restaurant', are consistent with the topic. The sources, www.theguardian.com, are credible news sources, increasing confidence. Overall, the image evidences provide reasonable visual support for the news caption.",
      "verdict": true
    }
  },
  "external_check": {
    "text_evidences": [
      {
        "title": "Olive Garden investor cries 'too many breadsticks and not enough wine' | Food & drink industry | The Guardian",
        "content": "Olive Garden investor cries 'too many breadsticks and not enough ...",
        "caption": "Olive Garden should add wine to recreate Italian authenticity, Starboard Value says.",
        "domain": "www.theguardian.com"
      },
      {
        "title": "Olive Garden investor cries 'too many breadsticks and not enough wine' | Food & drink industry | The Guardian",
        "content": "Olive Garden investor cries 'too many breadsticks and not enough ...",
        "caption": "Olive Garden should add wine to recreate Italian authenticity, Starboard Value says.",
        "domain": "www.theguardian.com"
      },
      {
        "title": "Olive Garden investor cries 'too many breadsticks and not enough wine' | Food & drink industry | The Guardian",
        "content": "a0d6e72c-9b4f-4563-8af4- ...",
        "caption": "Olive Garden should add wine to recreate Italian authenticity, Starboard Value says.",
        "domain": "www.theguardian.com"
      },
      {
        "title": "Olive Garden investor cries 'too many breadsticks and not enough wine' | Food & drink industry | The Guardian",
        "content": "a0d6e72c-9b4f-4563-8af4- ...",
        "caption": "Olive Garden should add wine to recreate Italian authenticity, Starboard Value says.",
        "domain": "www.theguardian.com"
      },
      {
        "title": "Olive Garden investor cries 'too many breadsticks and not enough wine' | Food & drink industry | The Guardian",
        "content": "a0d6e72c-9b4f-4563-8af4- ...",
        "caption": "Olive Garden should add wine to recreate Italian authenticity, Starboard Value says.",
        "domain": "www.theguardian.com"
      }
    ],
    "result": {
      "verdict": true,
      "alignment_score": 95,
      "confidence_score": 8,
      "explanation": "The news image prominently features an Olive Garden restaurant, which aligns well with the context of the caption discussing Olive Garden's offerings. The composition of the news image and reference images shows remarkably similar characteristics, including the building's architecture, signage, and floral foreground elements. All images are taken during a similar time of the day, showing dusk lighting conditions that enhance the restaurant's appeal. The news image effectively captures the Olive Garden setting, which is consistent with the implication of adding wine for authenticity. While slight variations exist among reference images, these do not materially alter the overall interpretation related to the restaurant context and branding. Hence, despite minor visual differences, the core context remains intact and accurately represents the intent of the news caption.",
      "key_observations": [
        "The news image features the Olive Garden restaurant prominently, aligned with the news caption about the restaurant chain.",
        "All images share similar architectural elements, including stone facade and illuminating signage, reinforcing recognition of the Olive Garden brand.",
        "The usage of floral elements in the forefront is consistent across the images, maintaining the aesthetic appeal typical of Olive Garden locations.",
        "Lighting conditions are comparable across imagery, typically taken during dusk or twilight, supporting the atmospheric consistency of the visual representation."
      ]
    }
  },
  "final_result": {
    "OOC": false,
    "confidence_score": 9,
    "explanation": "Both the internal and external checks indicate that the news caption accurately represents the image. The internal check has a confidence score of 9 and confirms that the caption aligns with the image content and credible sources. The external check, also with high confidence (8) and alignment (95), corroborates this, finding consistent visual elements between the news image and reference images of Olive Garden restaurants. Since both checks agree and have high confidence, the caption is deemed not out of context.",
    "validation_summary": "Both internal and external checks confirm the caption accurately represents the image, with high confidence and alignment scores."
  },
  "inference_time": 14.186434507369995
}