{
  "caption": "In the Harajuku area of Tokyo young people prefer wearing more modern clothes kimonos are out of fashion",
  "ground_truth": false,
  "internal_check": {
    "visual_entities": [
      "Kimono",
      "Road Bike",
      "Motor vehicle",
      "Cycling",
      "Folk costume",
      "Clothing",
      "Bicycle",
      "Hybrid Bike",
      "Geisha",
      "Street",
      "Road",
      "cycling"
    ],
    "image_evidences": [
      {
        "title": "The decline and fall of the kimono  in pictures | Life and style | The Guardian",
        "content": "",
        "caption": "Kimono gallery: young people prefer wearing fashionable clothes to kimonos.",
        "domain": "www.theguardian.com"
      }
    ],
    "result": {
      "confidence_score": 8,
      "explanation": "The news caption states that in the Harajuku area of Tokyo, young people prefer wearing modern clothes and that kimonos are out of fashion. The provided image evidence from The Guardian, titled \"The decline and fall of the kimono – in pictures,\" with the caption \"Kimono gallery: young people prefer wearing fashionable clothes to kimonos,\" supports this claim. The image's domain (www.theguardian.com) is credible. The detected visual entities, including \"Kimono,\" \"Clothing,\" and \"Street,\" align with the image content. The image and its caption directly support the news caption, indicating that young people in Harajuku are less likely to wear kimonos in favor of modern clothes. Therefore, the image evidence provides reasonable visual support for the news caption.",
      "verdict": true
    }
  },
  "external_check": {
    "text_evidences": [
      {
        "title": "Lolita style, explained: Why the Japanese-born, Victorian-inspired street style enchants women around the world | CNN",
        "content": "Lolita style, explained: Why the Japanese-born, Victorian-inspired ...",
        "caption": "Shelby Knowles",
        "domain": "www.cnn.com"
      }
    ],
    "result": {
      "verdict": false,
      "alignment_score": 45,
      "confidence_score": 6,
      "explanation": "The news image depicts a person with bright yellow hair riding a bicycle, which stands out prominently against a background of parked bikes and urban scenery. The subject is dressed in a loosely fitting outfit with modern elements, fitting within the contemporary fashion landscape described in the caption. However, there are inconsistencies when compared with reference images. The reference images showcase groups of people wearing what is recognized as 'kawaii' or alternative fashion with a focus on traditional or semi-traditional attire, such as lolita and more elaborate outfits, whereas the news image presents an individual in a more casual and modern context, leaning away from kimonos or traditional styles that are described as being 'out of fashion'. The lighting in the news image appears overcast, while reference images reflect a brighter sunny day, indicating a possible seasonal and temporal mismatch. Despite a connection to the fashion context discussed, the substantial difference in styling and setting leads to the conclusion that the news image does not effectively represent the event or context described in the caption, making it somewhat misleading.",
      "key_observations": [
        "Subject's outfit is modern and casual, contrasting with traditional themes in reference images.",
        "The background portrays an urban setting but lacks the 'Harajuku' fashion essence that references convey.",
        "Lighting differences (overcast vs. bright) create a temporal inconsistency.",
        "The subject's hairstyle is distinctly vibrant and modern, while reference images feature more traditional or tightly curated styles."
      ]
    }
  },
  "final_result": {
    "OOC": false,
    "confidence_score": 7,
    "explanation": "The internal check, with a confidence score of 8, supports the caption's claim that young people in Harajuku prefer modern clothes over kimonos. The external check, however, contradicts this with an alignment score of 45 and a confidence score of 6, suggesting the image doesn't effectively represent the described context. Although there is disagreement between internal and external validations, the higher confidence score of the internal check suggests the caption is likely not out of context, as the image provided internally does align with the caption. The disagreement from the external check indicates there may be a minor issue of representation, but not enough to say the caption is definitively out of context. Because the internal check has a higher confidence score, that is the one used to determine the final verdict.",
    "validation_summary": "The internal check supports the caption, while the external check finds the image to be a poor representation. The higher confidence score of the internal check is prioritized, leading to a verdict that the caption is not out of context."
  },
  "inference_time": 11.042301893234253
}