{
  "caption": "Armed Swiss police officers stand guard on the roof of a hotel the day before the opening of the annual meeting of the World Economic Forum in Davos Switzerland",
  "ground_truth": false,
  "internal_check": {
    "visual_entities": [
      "Davos",
      "The Day Before",
      "World Economic Forum",
      "Building",
      "Roof",
      "Meter",
      "Annual general meeting",
      "Hotel",
      "Brand",
      "Font",
      "Signage",
      "Switzerland",
      "building"
    ],
    "image_evidences": [],
    "result": {
      "confidence_score": 9,
      "explanation": "The caption mentions 'Armed Swiss police officers stand guard on the roof of a hotel the day before the opening of the annual meeting of the World Economic Forum in Davos Switzerland'. The detected visual entities include 'Davos', 'Switzerland', 'World Economic Forum', 'Hotel', and 'Roof'. The entities align with the caption, suggesting a scene in Davos, Switzerland, possibly showing a hotel roof, related to the World Economic Forum. The phrase 'the day before' and 'armed Swiss police officers' cannot be directly verified but does not contradict the detected entities. Given that the entities are detected, and there are no detected contradictions, the caption seems reasonable.",
      "verdict": true
    }
  },
  "external_check": {
    "text_evidences": [
      {
        "title": "Can science be the solution if it is part of the problem? |  | The Guardian",
        "content": "Can science be the solution if it is part of the problem? | | The ...",
        "caption": "Armed Swiss police officers stand guard on the roof of a hotel the day before the opening of the annual meeting of the World Economic Forum in Davos, Switzerland. (AP Photo/Michel Euler, File).",
        "domain": "www.theguardian.com"
      },
      {
        "title": "Melanie Smallman | The Guardian",
        "content": "Melanie Smallman | The Guardian",
        "caption": "Armed Swiss police officers stand guard on the roof of a hotel the day before the opening of the annual meeting of the World Economic Forum in Davos, Switzerland. (AP Photo/Michel Euler, File).",
        "domain": "www.theguardian.com"
      },
      {
        "title": "Three BBC journalists questioned for using drone in Davos no-fly zone | BBC | The Guardian",
        "content": "Three BBC journalists questioned for using drone in Davos no-fly ...",
        "caption": "Armed Swiss police officers stand guard on the roof of a hotel the day before the opening of the World Economic Forum in Davos. Photograph: Michel Euler/AP",
        "domain": "www.theguardian.com"
      }
    ],
    "result": {
      "verdict": true,
      "alignment_score": 90,
      "confidence_score": 9,
      "explanation": "The news image clearly depicts armed Swiss police officers standing guard on the roof of a building with a visible 'DAVOS' sign, aligning well with the context of the World Economic Forum's annual meeting in Davos, Switzerland. All reference images support this context as they also showcase similar scenes of police officers on a rooftop in snowy conditions, reinforcing the depiction. The lighting and snow conditions match across all images, indicating consistency in temporal elements. The angles and composition of the news image are similar to the reference images, confirming the spatial relationships remain intact. No visible signs of digital manipulation, such as artifacts or irregularities, detract from the authenticity of the news image. Thus, despite slight visual variations in specific elements (like the framing or angles), the core context remains intact, affirming the news image appropriately represents the event described in the caption.",
      "key_observations": [
        "Both the news image and reference images depict armed police officers on the roof of a hotel in Davos.",
        "The prominent 'DAVOS' sign is well-aligned with all images, confirming the location.",
        "Snowy conditions are evident in both the news and reference images, underlining winter context.",
        "No significant digital manipulation was detected in the news image or reference images, maintaining authenticity.",
        "All images maintain similar camera angles and compositions, reinforcing the spatial relationships."
      ]
    }
  },
  "final_result": {
    "OOC": false,
    "confidence_score": 9,
    "explanation": "The internal check and external check both resulted in a determination that the caption accurately represents the image. The internal check has a confidence score of 9, and the external check has a confidence score of 9 and an alignment score of 90. Both checks confirm that the caption is not out of context.",
    "validation_summary": "Both internal and external checks confirm the caption accurately represents the image, with high confidence and alignment scores."
  },
  "inference_time": 8.000108242034912
}