{
  "caption": "Republican presidential candidate Ted Cruz speaks in Des Moines on Friday",
  "ground_truth": false,
  "internal_check": {
    "visual_entities": [
      "Public Relations",
      "Communication",
      "Texas",
      "Speech",
      "Public speaking",
      "Early voting",
      "Orator",
      "Business",
      "Institution",
      "Entrepreneur",
      "Public",
      "Strategy",
      "public speaking"
    ],
    "image_evidences": [],
    "result": {
      "confidence_score": 7,
      "explanation": "The news caption mentions Ted Cruz speaking in Des Moines. The detected visual entities include 'Speech', 'Public speaking', and 'Orator', which are consistent with a political figure giving a speech. The news content further elaborates on Cruz's campaign and his focus on Christian voters, which provides context to his public appearances. The entities 'Texas' and 'Early voting' are loosely related to his campaign and political activities. However, without specific visual elements directly depicting Cruz or Des Moines, the assessment relies on the general context implied by the entities. Therefore, a moderately high confidence score reflects the caption's reasonable alignment with the detected entities.",
      "verdict": true
    }
  },
  "external_check": {
    "text_evidences": [
      {
        "title": "Trump Takes Swipe at Cruz's Cuban Roots, Ties to Oil - ABC News",
        "content": "Trump Takes Swipe at Cruz's Cuban Roots, Ties to Oil - ABC News",
        "caption": "Republican presidential candidate Donald Trump speaks during a campaign rally, Friday, Dec. 11, 2015, in Des Moines, Iowa. ",
        "domain": "abcnews.go.com"
      }
    ],
    "result": {
      "verdict": false,
      "alignment_score": 20,
      "confidence_score": 5,
      "explanation": "The news image features Republican presidential candidate Ted Cruz speaking at an event in Des Moines. It captures him holding a microphone while gesturing, set against a background featuring his campaign branding. In contrast, the reference image shows Donald Trump speaking at an event with similar features of a campaign speech but different branding and context. Key visual elements such as the individual being depicted, the background, and the event-specific details do not match. While both images depict politicians speaking to audiences, the significant difference in the subjects—Ted Cruz versus Donald Trump—indicates that these images do not represent the same event or context despite both being related to political campaigning. Additionally, temporal indicators such as the environment, audience appearance, and event setting do not offer consistency. The lighting and angles differ markedly, leading to a conclusion that the news image does not accurately represent the event described in the caption. Thus, it could be misleading, despite both present politicians engaging with audiences in campaign settings.",
      "key_observations": [
        "Subject mismatch: News image features Ted Cruz, while reference image features Donald Trump.",
        "Different campaign branding and backgrounds signify different events.",
        "Inconsistent lighting and camera angles between images suggest they were taken at different times or events."
      ]
    }
  },
  "final_result": {
    "OOC": true,
    "confidence_score": 7,
    "explanation": "The internal check suggests the caption is reasonably aligned with the image content, supported by a confidence score of 7. However, the external check, although with a lower confidence score of 5, reveals a mismatch. The news image features Ted Cruz, while a reference image shows Donald Trump. Given this discrepancy in subjects, and the similar confidence scores, the external check indicating a subject mismatch is prioritized. Therefore, the caption is considered out of context because it describes an image of Ted Cruz speaking in Des Moines, but the referenced image shows Donald Trump. Thus the news image and caption are not an accurate representation. The final confidence score reflects the reliance on both checks but also the lower confidence from the external check.",
    "validation_summary": "Internal check indicates alignment, while external check reveals a subject mismatch (Cruz vs. Trump). Prioritizing the subject mismatch, the caption is deemed out of context."
  },
  "inference_time": 8.945649862289429
}