{
  "caption": "Princess Diana memorial playground in Kensington Gardens",
  "ground_truth": false,
  "internal_check": {
    "visual_entities": [
      "Diana, Princess of Wales Memorial Playground",
      "Diana Memorial Playground",
      "Tourist attraction",
      "Park",
      "Playground",
      "Kensington",
      "Recreation",
      "Princess Diana Memorial Garden",
      "Pirate ship",
      "Tourism",
      "Boat",
      "London's Buses",
      "Kensington Gardens",
      "London",
      "princess diana playground kensington gardens"
    ],
    "image_evidences": [],
    "result": {
      "confidence_score": 10,
      "explanation": "The news caption mentions \"Princess Diana memorial playground in Kensington Gardens\". The detected visual entities include \"Diana, Princess of Wales Memorial Playground\", \"Diana Memorial Playground\", \"Princess Diana Memorial Garden\", and \"Kensington Gardens\". The entities confirm the caption's description of the playground and its location. Therefore, the caption accurately represents the visual content.",
      "verdict": true
    }
  },
  "external_check": {
    "text_evidences": [],
    "result": null
  },
  "final_result": {
    "OOC": false,
    "confidence_score": 10,
    "explanation": "The internal check confirms that the news caption accurately represents the image content based on the detected visual entities. The entities like \"Diana, Princess of Wales Memorial Playground\", \"Diana Memorial Playground\", \"Princess Diana Memorial Garden\", and \"Kensington Gardens\" align with the caption \"Princess Diana memorial playground in Kensington Gardens.\" The external check result is 'None', so we rely on the internal check. Since the internal check has a high confidence score (10) and indicates that the caption is accurate, the final verdict is that the caption is not out of context.",
    "validation_summary": "Internal check confirms the caption's accuracy with high confidence; external check data is unavailable."
  },
  "inference_time": 3.2624294757843018
}