{
  "caption": "One of China s elite takes tea in Shanghai many observers feel that only a crisis could prompt major change",
  "ground_truth": false,
  "internal_check": {
    "visual_entities": [
      "Bo Xilai",
      "China",
      "China's New Leaders",
      "18th National Congress of the Chinese Communist Party",
      "Xi Jinping",
      "Fur clothing",
      "Power",
      "Fur",
      "Leadership",
      "Tea in Shanghai",
      "fur"
    ],
    "image_evidences": [
      {
        "title": "China: leadership in transition | The Guardian",
        "content": "",
        "caption": "Shanghai woman in fur coat",
        "domain": "www.theguardian.com"
      },
      {
        "title": "Fears grow over pace of reform  as China ushers in new leaders | China | The Guardian",
        "content": "",
        "caption": "One of China's elite takes tea in Shanghai: many observers feel that only a crisis could prompt major change. Photograph: Xie Guang Hui/Corbis",
        "domain": "www.theguardian.com"
      }
    ],
    "result": {
      "confidence_score": 9,
      "explanation": "The news caption mentions \"One of China's elite takes tea in Shanghai many observers feel that only a crisis could prompt major change\". Evidence 2 provides an image with the exact same caption, taken by Xie Guang Hui/Corbis, and published by the guardian. This highly supports the caption. The image context is about China's new leaders and reforms, aligning with the news content. The domain, www.theguardian.com, is a credible news source. Evidence 1 shows a \"Shanghai woman in fur coat\" published by The Guardian, reflecting the elite in Shanghai which also supports the caption. Both images are relevant to the theme of elite life and potential change in China, as highlighted in the news content.",
      "verdict": true
    }
  },
  "external_check": {
    "text_evidences": [
      {
        "title": "Fears grow over pace of reform  as China ushers in new leaders | China | The Guardian",
        "content": "Fears grow over pace of reform as China ushers in new leaders ...",
        "caption": "One of China's elite takes tea in Shanghai: many observers feel that only a crisis could prompt major change. Photograph: Xie Guang Hui/Corbis",
        "domain": "www.theguardian.com"
      },
      {
        "title": "Fears grow over pace of reform  as China ushers in new leaders | China | The Guardian",
        "content": "Fears grow over pace of reform as China ushers in new leaders ...",
        "caption": "One of China's elite takes tea in Shanghai: many observers feel that only a crisis could prompt major change. Photograph: Xie Guang Hui/Corbis",
        "domain": "www.theguardian.com"
      },
      {
        "title": "Fears grow over pace of reform  as China ushers in new leaders | China | The Guardian",
        "content": "Fears grow over pace of reform as China ushers in new leaders ...",
        "caption": "One of China's elite takes tea in Shanghai: many observers feel that only a crisis could prompt major change. Photograph: Xie Guang Hui/Corbis",
        "domain": "www.theguardian.com"
      }
    ],
    "result": {
      "verdict": true,
      "alignment_score": 90,
      "confidence_score": 8,
      "explanation": "The news image and the reference images all primarily depict a similar scene: a woman enjoying tea or coffee while sitting at an outdoor cafe. Key visual elements, such as the clothing style (notably the woman's fur jacket and the man's casual outfit), the table setup with tea, and the broader social setting are consistent across all images. While there may be slight differences in angles, cropping, or additional individuals in the background, these variations do not change the core subject of enjoying a drink at a cafe. Temporal consistency is also maintained, as all images convey a warm season atmosphere with casual outdoor dining. Thus, a reasonable person would recognize the news image as part of the same event or social context as the reference images.",
      "key_observations": [
        "Main subject is consistent: a woman with a cup in hand and a man reading in the background.",
        "Setting is aligned: outdoor cafe environment with cozy decor.",
        "Action depicted is the same: socializing and drinking.",
        "Similar visual style and perspective across all images, with minor variations in cropping.",
        "Temporal indicators suggest a modern cafe scene, appropriate for the imagery shown."
      ]
    }
  },
  "final_result": {
    "OOC": false,
    "confidence_score": 9,
    "explanation": "Both the internal and external checks indicate that the news caption accurately represents the image. The internal check, with a confidence score of 9, confirms that the caption aligns with the image's content and the broader news article about China's elite and potential reforms. The external check, with a confidence score of 8 and an alignment score of 90, corroborates this by showing consistency between the news image and reference images of a similar scene involving people enjoying tea at a cafe. Given the high alignment and agreement between both checks, there is no evidence suggesting the caption is out of context.",
    "validation_summary": "Both internal and external checks confirm the caption's accuracy; high alignment and no conflicting evidence."
  },
  "inference_time": 12.080800294876099
}