{
  "caption": "Police in Fairfax County said a man s body was found near a bus stop in Fairfax Station",
  "ground_truth": true,
  "internal_check": {
    "visual_entities": [
      "Ambulance",
      "Washington",
      "American Medical Response, Inc.",
      "Emergency medical technician",
      "Emergency medical services",
      "District of Columbia Fire and Emergency Medical Services Department",
      "Emergency",
      "Emergency service",
      "Paramedic",
      "Hospital",
      "Patient",
      "Emergency medical dispatcher",
      "Ambulance station",
      "9-1-1",
      "washington dc ambulance"
    ],
    "image_evidences": [],
    "result": {
      "confidence_score": 7,
      "explanation": "The news caption mentions a body found near a bus stop in Fairfax County. The detected visual entities include 'Ambulance', 'Emergency medical technician', 'Emergency medical services', 'Emergency', 'Emergency service', 'Paramedic', 'Hospital', 'Patient', 'Emergency medical dispatcher', 'Ambulance station', '9-1-1', 'washington dc ambulance'. The presence of emergency services related entities like 'Ambulance', 'Emergency medical technician', 'Emergency medical services', 'Paramedic', 'Hospital' indirectly supports the claim of a body being found, as these services would likely be present in such a situation. However, the absence of a 'bus stop' or a 'body' among the detected entities reduces the confidence. There is no direct contradiction, but also no strong direct visual support.",
      "verdict": true
    }
  },
  "external_check": {
    "text_evidences": [
      {
        "title": "63-year-old woman beaten to death at bus stop, police say - ABC News",
        "content": "63-year-old woman beaten to death at bus stop, police say - ABC News",
        "caption": "",
        "domain": "abcnews.go.com"
      }
    ],
    "result": {
      "verdict": false,
      "alignment_score": 30,
      "confidence_score": 6,
      "explanation": "The news image depicts an emergency response scene with ambulances and emergency personnel attending to an incident, which does not directly correlate with the reference images that focus on a bus stop environment. The caption indicates that a man's body was found near a bus stop, suggesting a crime scene or investigative setting rather than an active emergency situation as represented in the news image. \n\nKey visual elements that are prominent in the news image include the ambulances (Fire and EMS), emergency personnel, and a street environment. In contrast, the reference images focus on a bus stop, depicting a waiting area without emergency personnel or vehicles. The relationship between the bus stop and the ambulances is not established, which raises questions regarding the incident represented.\n\nMoreover, the news image shows a sunny and clear day, while the material evidence regarding the body finding might imply a different timeframe or setting associated with darker or more somber events.  \n\nThe different subjects (ambulances vs. bus stop) and compositions (emergent response vs. static bus stop) mark a significant discrepancy in visual representation. Thus, while the news image captures an emergency, it fails to align with the context of the body being found at a bus stop, leading to the conclusion that the core context is not accurately represented as implied by the caption. Thus, the image does not corroborate the scenario conveyed by the reference images, which causes it to be flagged as potentially misleading.",
      "key_observations": [
        "News image shows emergency responders and ambulances.",
        "Reference images depict a bus stop without emergency activity.",
        "Inconsistency in subjects: ambulances vs. static bus station.",
        "Poor alignment in context regarding the specified situation.",
        "Temporal aspects (lighting/scenes) do not match the implied context."
      ]
    }
  },
  "final_result": {
    "OOC": true,
    "confidence_score": 7,
    "explanation": "The internal check suggests the image supports the caption's claim of a body being found due to the presence of emergency services, but lacks direct confirmation of a 'bus stop' or 'body'. The internal check has a confidence score of 7. The external check, also with a confidence score of 6 and an alignment score of 30, indicates the image depicts an emergency scene inconsistent with a bus stop environment, suggesting a potential mismatch with the caption's context. While both checks have similar confidence scores, the external check more strongly suggests that the image is out of context due to the discrepancy between the emergency scene and the reported location (bus stop). Prioritizing the external check's stronger context-based analysis leads to the conclusion that the caption is out of context.",
    "validation_summary": "Internal check is weakly supportive, while external check indicates a mismatch between the image (emergency scene) and the caption's context (body found near bus stop)."
  },
  "inference_time": 9.956793069839478
}