{
  "caption": "Great Britain s Chris Froome wearing the overall leader s yellow jersey takes the start of the the 13th stage of the Tour de France",
  "ground_truth": true,
  "internal_check": {
    "visual_entities": [
      "Recreation",
      "Cycling",
      "Festival M.",
      "Product",
      "World",
      "Festival",
      "Special Broadcasting Service",
      "Global Cycling Network",
      "Cycling Central",
      "crowd"
    ],
    "image_evidences": [],
    "result": {
      "confidence_score": 7,
      "explanation": "The caption mentions 'Chris Froome wearing the overall leader s yellow jersey takes the start of the the 13th stage of the Tour de France'. The detected entities include 'Cycling' which aligns with the context. The presence of 'crowd' suggests a public event which is consistent with a stage of the Tour de France. However, without visual confirmation of the yellow jersey or Chris Froome, the alignment is partial. The detected entities such as 'Global Cycling Network' is generic and do not contradict, but also do not directly support the caption's specificity.",
      "verdict": true
    }
  },
  "external_check": {
    "text_evidences": [
      {
        "title": "A relieved Chris Froome heads to Paris to secure 3rd Tour title  The Denver Post",
        "content": "A relieved Chris Froome heads to Paris to secure 3rd Tour title ...",
        "caption": "Great Britain's Christopher Froome, wearing the overall leader's yellow jersey, crosses the finish line of the 37,5 km individual time-trial, the thirteenth stage of the 103rd edition of the Tour de France cycling race on July 15, 2016 between Bourg-Saint-Andeol and La Caverne du Pont-d'Arc. / AFP PHOTO / JEAN-PHILIPPE KSIAZEKJEAN-PHILIPPE KSIAZEK/AFP/Getty Images",
        "domain": "www.denverpost.com"
      }
    ],
    "result": {
      "verdict": false,
      "alignment_score": 25,
      "confidence_score": 4,
      "explanation": "The news image depicts a crowd filled with exuberant fans at a cycling event, likely during the Tour de France, with one fan holding a Portugal flag. In contrast, the second reference image shows Chris Froome, identified by his yellow jersey, cycling during the same event. The expected key visual elements based on the news caption would include Chris Froome, prominently wearing the yellow jersey, taking the start of the Tour de France's 13th stage. \n\n1. **Subject**: The news image lacks Chris Froome, which is a core element of the caption. Instead, it shows a large crowd, which does not directly align with the reference images showing him roped into the action of the race. \n\n2. **Context**: While the crowd image conveys excitement typical of the Tour de France atmosphere, it does not fulfill the requirement of capturing the specific instance of Froome taking the start, as described in the caption. As such, the essential focus of the event is missing.\n\n3. **Visual Differences**: There is a significant difference in focal elements; the key focus (Froome) is absent from the crowd image. This mismatch leads to the conclusion that the news image doesn’t accurately represent the specific scene referred to in the caption.\n\n4. **Temporal Indicators**: The crowd image suggests a vibrant and likely hot day typical of summer events, consistent with the timeframe of the Tour de France, but this is not enough to rectify the absence of the subject.\n\n5. **Manipulation Signs**: No evident signs of manipulation in either image; authenticity in the images is maintained. \n\nIn summary, while the atmosphere depicted in the crowd image is symbolic of the event, the absence of Chris Froome in the lead role, as described by the caption, results in significant contextual misalignment. Thus, the images do not collectively represent the incident involving Chris Froome accurately.",
      "key_observations": [
        "News image shows a crowd without Chris Froome, conflicting with the caption's focus.",
        "Reference image clearly displays Chris Froome in a yellow jersey, accurately depicting the context of the event.",
        "No signs of digital manipulation detected in either image.",
        "Visual excitement in the crowd image does not compensate for missing the main subject."
      ]
    }
  },
  "final_result": {
    "OOC": true,
    "confidence_score": 7,
    "explanation": "The internal check indicates a partial alignment because while it identifies elements consistent with a Tour de France stage, it lacks visual confirmation of Chris Froome or his yellow jersey, resulting in a confidence score of 7. The external check, which compares the news image to reference images of Chris Froome in the yellow jersey during the Tour de France, reveals a misalignment (alignment score of 25, confidence score of 4). The news image shows a crowd without Chris Froome, contradicting the caption's emphasis on him. The external check's lower confidence and alignment scores compared to the internal check might suggest the internal check's higher confidence is partially misplaced because the external check directly assesses image-caption alignment. Given that the external check more directly addresses the core question of the caption's accuracy, the external check is weighted more in determining the final result. Both checks suggest the image does not accurately represent the caption because Chris Froome in the yellow jersey is not depicted. Therefore, it's out of context.",
    "validation_summary": "Internal check shows partial alignment but lacks key details. External check reveals a mismatch; the image doesn't show Chris Froome as described in the caption. The image is thus out of context."
  },
  "inference_time": 11.960888147354126
}