{
  "caption": "Uri Geller said he had donated a spoon owned by Winston Churchill to be used in the statue",
  "ground_truth": true,
  "internal_check": {
    "visual_entities": [
      "Floral design",
      "Flower",
      "Funeral",
      "Garden",
      "02 G0.",
      "Suit",
      "Design",
      "Tree",
      "Veteran",
      "flora"
    ],
    "image_evidences": [],
    "result": {
      "confidence_score": 2,
      "explanation": "The news caption mentions Uri Geller donating a spoon owned by Winston Churchill to be used in a statue. However, the detected visual entities primarily consist of 'Floral design', 'Flower', 'Funeral', 'Garden', '02 G0.', 'Suit', 'Design', 'Tree', 'Veteran', 'flora'. These entities do not directly correspond to the content of the news caption, as they do not explicitly depict a statue, Uri Geller, Winston Churchill, or spoons. Therefore, based on the detected visual entities, the news caption's claim cannot be verified. The confidence score is low because the visual entities do not seem to align with the content described in the news caption.",
      "verdict": false
    }
  },
  "external_check": {
    "text_evidences": [
      {
        "title": "Uri Geller spoon gorilla statue unveiled - BBC News",
        "content": "Uri Geller spoon gorilla statue unveiled - BBC News",
        "caption": "",
        "domain": "www.bbc.com"
      },
      {
        "title": "Giant gorilla statue made of spoons unveiled for Uri Geller | The Independent | The Independent",
        "content": "Giant gorilla statue made of spoons unveiled for Uri Geller | The ...",
        "caption": "Sculptor Alfie Bradley with his creation",
        "domain": "www.independent.co.uk"
      },
      {
        "title": "Giant gorilla statue made of spoons unveiled for Uri Geller | The Independent | The Independent",
        "content": "Giant gorilla statue made of spoons unveiled for Uri Geller | The ...",
        "caption": "Sculptor Alfie Bradley with his creation",
        "domain": "www.independent.co.uk"
      },
      {
        "title": "Giant gorilla statue made of spoons unveiled for Uri Geller | The Independent | The Independent",
        "content": "Gorilla-uri.jpg?width=1200& ...",
        "caption": "Sculptor Alfie Bradley with his creation",
        "domain": "www.independent.co.uk"
      },
      {
        "title": "Giant gorilla statue made of spoons unveiled for Uri Geller | The Independent | The Independent",
        "content": "Giant gorilla statue made of spoons unveiled for Uri Geller | The ...",
        "caption": "Sculptor Alfie Bradley with his creation",
        "domain": "www.independent.co.uk"
      }
    ],
    "result": {
      "verdict": false,
      "alignment_score": 25,
      "confidence_score": 8,
      "explanation": "The news image features an elderly man in a garden setting, likely at a memorial site, while the caption pertains to Uri Geller’s donation of a spoon owned by Winston Churchill for a statue. The visual elements in the news image do not align with the expected context: the spoon and statue central to Geller's announcement are absent, leading to a disconnect with the reference images of the spoon or statue. The reference images retrieved from the caption likely include representations of the spoon, Churchill, or the statue, none of which are present or indicated in the news image. Furthermore, while the news image features bright lighting conducive to an outdoor setting, the absence of relevant subjects or objects associated with the caption creates questions about its accuracy within the reported context. Overall, the core visual elements—such as the key subjects, objects, and themes related to the spoon donation—do not match, signaling a potential misalignment with the narrative presented by the caption. \n\nMoreover, no indication of any manipulation was observed in the news image, but its relevance is primarily called into question due to a lack of corresponding visual elements and overall scene congruence to the reported event.",
      "key_observations": [
        "News image features an elderly man in a garden; lacks visual indicators of the spoon or statue.",
        "Expected visual elements related to Uri Geller's donation missing.",
        "Lighting and setting appear consistent with a sunny day, but they do not correlate with the theme of the spoon or Churchill.",
        "Reference images likely show objects tied to the event, which are absent in the news image."
      ]
    }
  },
  "final_result": {
    "OOC": true,
    "confidence_score": 8,
    "explanation": "The internal and external checks both indicate the news caption is out of context with the image. The internal check has a low confidence score (2) due to the generic visual entities detected, but the external check has a high confidence score (8) and low alignment score (25). The external check specifically notes the absence of expected visual elements like the spoon or statue in the image, which are central to the news caption. Since both checks agree the caption is out of context, and the external check has higher confidence, I conclude the caption is OOC.",
    "validation_summary": "Both internal and external checks indicate the caption is out of context, primarily due to the absence of key visual elements (spoon, statue, Uri Geller) in the image that align with the caption's content. The external check has a higher confidence score."
  },
  "inference_time": 12.63209843635559
}