{
  "caption": "Paige Butcher and Eddie Murphy",
  "ground_truth": true,
  "internal_check": {
    "visual_entities": [
      "Eddie Murphy",
      "Coming to America",
      "Prince Akeem",
      "Cousin Eddie",
      "Actor",
      "Character",
      "Coming 2 America",
      "Arsenio Hall",
      "John Landis",
      "Leslie Jones",
      "Jake Gyllenhaal",
      "Coming to America",
      "eddie murphy transformation"
    ],
    "image_evidences": [
      {
        "title": "The 10 best actor transformations | Film | The Guardian",
        "content": "",
        "caption": "Eddie Murphy as Saul in Coming to America.",
        "domain": "www.theguardian.com"
      }
    ],
    "result": {
      "confidence_score": 2,
      "explanation": "The news caption mentions Paige Butcher and Eddie Murphy. The news content is about the Oscar 2015 winners. The image evidence shows Eddie Murphy in \"Coming to America\". There is no direct visual support in the provided image to relate Eddie Murphy to Paige Butcher or to the Oscars event mentioned in the news article. The image shows a movie scene, not a real-life event or relationship. Therefore, the image evidence does not provide relevant visual support for the news caption or content.",
      "verdict": false
    }
  },
  "external_check": {
    "text_evidences": [
      {
        "title": "Eddie Murphy refers to longtime partner Paige Butcher as his 'wife' in interview - ABC News",
        "content": "Eddie Murphy refers to longtime partner Paige Butcher as his 'wife ...",
        "caption": "",
        "domain": "abcnews.go.com"
      }
    ],
    "result": {
      "verdict": false,
      "alignment_score": 25,
      "confidence_score": 7,
      "explanation": "The news image primarily shows Eddie Murphy and Paige Butcher at a public event, while the reference images depict distinct scenarios without clear relevance to the news caption. The subjects in the news image have clear visual characteristics aligned with the expected appearance of Eddie Murphy and Paige Butcher, but specific details such as clothing style, setting, and event context do not match between the news image and retrieved reference imagery. Temporal consistency is also lacking; for example, differences in lighting and environmental cues suggest differing occasions rather than a cohesive series of events. Furthermore, the news image lacks identifying features that would distinctly link it to a specific time or event concerning the referenced subjects. Therefore, the cumulative discrepancies lead to a low alignment score.",
      "key_observations": [
        "The news image portrays Eddie Murphy and Paige Butcher together, which aligns with the caption but lacks specific visual context compared to reference images.",
        "Reference images focus on different events that include the mentioned individuals, creating a disconnect in event representation.",
        "Differences in attire and setting indicate a potential mismatch in context; the news image lacks alignment in time or venue with the referenced images.",
        "Lighting and environment differ significantly between the images, undermining the assertion of a shared event or moment."
      ]
    }
  },
  "final_result": {
    "OOC": true,
    "confidence_score": 8,
    "explanation": "The internal and external checks both indicate that the caption is out of context. The internal check has a confidence score of 2 and the external check has a confidence score of 7. The external check's higher confidence score gives it more weight. The external check also provides a concrete alignment score of 25, indicating a mismatch between the image and reference images. The internal check states that the image does not provide relevant visual support for the news caption or content. Both checks agree the caption is misleading given the image content.",
    "validation_summary": "Both internal and external checks suggest the caption is out of context. While the internal check has lower confidence, the external check strongly suggests a mismatch between the caption and the image based on low alignment scores."
  },
  "inference_time": 9.142340183258057
}