{
  "caption": "Samantha Cameron and a pupil from Abbey Court School",
  "ground_truth": true,
  "internal_check": {
    "visual_entities": [
      "Carpet",
      "Socialite",
      "Suit",
      "Event",
      "Statistics",
      "suit"
    ],
    "image_evidences": [],
    "result": {
      "confidence_score": 7,
      "explanation": "The caption mentions 'Samantha Cameron' and 'a pupil from Abbey Court School'. The detected visual entities include 'Socialite' which likely refers to Samantha Cameron. Without an image, I cannot confirm the presence of a pupil or the context of Abbey Court School. However, 'Event' detected suggests a public appearance or gathering aligning with the news content about her campaign outing. Suit is also detected, which is reasonable for socialite's dressing in an event. The presence of 'Statistics' and 'Carpet' cannot be directly validated or refuted based on the caption alone, but their presence does not contradict the caption. Overall, based on available information and the entities detected (assuming 'Socialite' is indeed Samantha Cameron), the caption is plausible but verification confidence is moderate due to missing visual information.",
      "verdict": true
    }
  },
  "external_check": {
    "text_evidences": [],
    "result": null
  },
  "final_result": {
    "OOC": false,
    "confidence_score": 7,
    "explanation": "The internal check result suggests the caption is plausible based on the detected entities and the provided news content. The caption mentions 'Samantha Cameron' and 'a pupil from Abbey Court School,' which aligns with the news content describing Samantha Cameron's visit to the school. The internal check's confidence score is 7. There is no external check result provided. Therefore, based on the available information, the caption does not appear to be out of context. The conclusion is based solely on the internal check, as no external check was performed.",
    "validation_summary": "The internal check indicates the caption is plausible and not out of context, while no external check data is available. The decision is based on the internal check only."
  },
  "inference_time": 4.9583399295806885
}