{
  "caption": "Two popes The then Cardinal Ratzinger with Pope John Paul II in 2003",
  "ground_truth": true,
  "internal_check": {
    "visual_entities": [
      "Pope",
      "Charismatic authority",
      "Leadership",
      "Second Vatican Council",
      "Pokolenie JP2",
      "Power",
      "Organization",
      "Belief",
      "Charisma",
      "Pope John Paul II",
      "Pope Paul VI",
      "papa juan pablo ii en panama"
    ],
    "image_evidences": [],
    "result": {
      "confidence_score": 9,
      "explanation": "The news caption mentions 'Two popes The then Cardinal Ratzinger with Pope John Paul II in 2003'. The detected visual entities include 'Pope', 'Pope John Paul II'. The news content confirms that Cardinal Ratzinger later became Pope Benedict XVI and that he worked with Pope John Paul II for many years. Given that the detected entities include both popes mentioned in the caption and the content provides context for their relationship, the caption is reasonably aligned with the visual entities. The phrase 'The then Cardinal Ratzinger' correctly identifies Ratzinger's role at the stated time, as detailed in the text.",
      "verdict": true
    }
  },
  "external_check": {
    "text_evidences": [
      {
        "title": "Pope Benedict an unexpected revolutionary: Column",
        "content": "Pope Benedict an unexpected revolutionary: Column",
        "caption": "Pope Benedict XVI, left, then Cardinal Joseph Ratzinger, greets Pope John Paul II at the Vatican in December 2003.",
        "domain": "www.usatoday.com"
      }
    ],
    "result": {
      "verdict": false,
      "alignment_score": 20,
      "confidence_score": 5,
      "explanation": "The news image depicts Pope John Paul II surrounded by a crowd, which does not match the contextual expectation set by the caption. The caption refers specifically to a moment involving Cardinal Ratzinger (later known as Pope Benedict XVI) and Pope John Paul II in 2003, where they are interacting in a more intimate setting, not amidst a crowd. Reference images show the two popes in close proximity and engaged. In contrast, the news image lacks the second pope and the specific one-on-one interaction that would be expected based on the caption. Additionally, the lighting and composition are different— the news image seems to capture a public gathering, whereas the reference images indicate a more formal, enclosed meeting. This key deviation in context, combined with significant visual disparities, suggests that the news image does not accurately represent the event or context described by the caption, thus flagging it as misleading.",
      "key_observations": [
        "News image shows Pope John Paul II surrounded by a crowd, lacking Cardinal Ratzinger, contrary to the caption's focus on their interaction.",
        "Reference images depict an intimate setting with both popes, which is inconsistent with the large public gathering in the news image.",
        "The lighting, composition, and overall atmosphere are vastly different, indicating a separation in context and event type."
      ]
    }
  },
  "final_result": {
    "OOC": true,
    "confidence_score": 7,
    "explanation": "The internal check suggests the caption is accurate, with a high confidence score of 9, stating the caption aligns with the news content and detected visual entities (Pope John Paul II and Cardinal Ratzinger). However, the external check, although with a lower confidence score of 5, strongly indicates the image does not match the caption due to the absence of Cardinal Ratzinger and the presence of a crowd, contrasting with the expected intimate setting. Prioritizing the external check due to its direct image analysis and the significant visual discrepancy, the caption appears to be out of context. Despite a lower confidence score, the external check's alignment score of 20 further emphasizes the mismatch. Given these conflicting results and a slightly higher weight on direct image analysis, the caption is determined to be out of context, though with moderate confidence.",
    "validation_summary": "The internal check found the caption accurate based on the article's content, while the external check, despite having a lower confidence score, indicates the image doesn't match the caption's context. Given that the external check assesses the direct image-caption relationship, it is prioritized leading to the conclusion that the caption is out of context."
  },
  "inference_time": 8.909532308578491
}