{
  "caption": "Everton v Chelsea Everton manager Roberto Martinez and his Chelsea counterpart Jose Mourinho peruse the action",
  "ground_truth": true,
  "internal_check": {
    "visual_entities": [
      "Bill Gates",
      "Warren Buffett",
      "Suit",
      "Businessperson",
      "Wyoming",
      "Godolphin Racing",
      "Job",
      "Business executive",
      "Payment",
      "Nuclear reactor",
      "Doping in sport",
      "Business",
      "Photograph",
      "Mahmood Al Zarooni",
      "Katie Hill",
      "suit"
    ],
    "image_evidences": [],
    "result": {
      "confidence_score": 9,
      "explanation": "The news caption \"Everton v Chelsea Everton manager Roberto Martinez and his Chelsea counterpart Jose Mourinho peruse the action\" directly matches the content which states \"Everton v Chelsea Everton manager Roberto Martinez and his Chelsea counterpart Jose Mourinho peruse the action Photograph: Chris Brunskill/Getty Images\". While the visual entities detected do not explicitly identify 'Roberto Martinez' or 'Jose Mourinho', the presence of 'Businessperson', 'Job', and 'Business executive', in conjunction with the textual content, suggests individuals in professional roles. Furthermore, 'Photograph' indicates an image, which is consistent with the context. Considering the detailed match in the title and a plausible alignment with the detected entities given the context, the caption accurately represents the visual content.",
      "verdict": true
    }
  },
  "external_check": {
    "text_evidences": [
      {
        "title": "World Cup 2018: complete guide to all 736 players | World Cup 2018 | The Guardian",
        "content": "World Cup 2018: complete guide to all 736 players | World Cup 2018 ...",
        "caption": "",
        "domain": "www.theguardian.com"
      }
    ],
    "result": {
      "verdict": false,
      "alignment_score": 20,
      "confidence_score": 3,
      "explanation": "The news caption describes a scene involving Everton manager Roberto Martinez and Chelsea manager Jose Mourinho observing the action during a match. However, the news image provided features two men engaged in a conversation, which does not align with the expected visual elements from the caption related to a live sports event. Furthermore, the attire worn by the individuals in the news image appears unsuitable for a match setting, potentially indicating that they are not the football managers mentioned. There is no evidence of football-related activities, and the environment depicted in the news image does not correspond to a typical football stadium setting where such managers would be present. \n\nIn the context of the reference images retrieved based on the caption, images showcasing the two managers actively engaged in observing or interacting during a match would be expected. The lack of identifiable football-related elements and the casual nature of the conversation suggests that the news image does not accurately represent the context implied by the caption. \n\nThe temporal consistency is absent, as the news image does not convey the seasonal elements or match-day excitement tied to the referenced event, further supporting the notion that this image is inconsistent with the news caption. Finally, no signs of digital manipulation are detected, but the overall mismatch renders the image irrelevant to the event as described in the caption.",
      "key_observations": [
        "The news image features two men not clearly identified as Roberto Martinez or Jose Mourinho, while the caption mentions these specific individuals.",
        "The setting appears informal, lacking the context of a sporting event typically associated with the managers mentioned in the caption.",
        "There are no visible elements indicating a football match or relevant surroundings, which raises concerns regarding contextual accuracy.",
        "None of the reference images align with the visual elements of the news image, further emphasizing the mismatch in context and subject matter."
      ]
    }
  },
  "final_result": {
    "OOC": true,
    "confidence_score": 8,
    "explanation": "The internal check suggests the caption is accurate (confidence score: 9), citing a direct match between the caption and a statement within the news content. It also notes the presence of visual entities like 'Businessperson' and 'Job', aligning with the managers mentioned. However, the external check strongly contradicts this (confidence score: 3, alignment score: 20), arguing that the image lacks elements of a live sports event, the attire is unsuitable for a match, and the environment doesn't resemble a football stadium. The external check also notes the absence of alignment with reference images. Although the internal check has a higher confidence score, the external check's specific observations about the mismatch between the described event and the image's content are more compelling. Prioritizing the alignment score and the concrete details offered by the external check, I conclude the caption is out of context. Therefore, the news caption does not accurately represent the image.",
    "validation_summary": "Internal check finds a match, but the external check identifies significant discrepancies between the caption's description of a football match and the image's content, leading to the conclusion that the caption is out of context."
  },
  "inference_time": 14.655805587768555
}