{
  "caption": "China has maintained tight security in Xinjiang amid fears of Uighur separatism",
  "ground_truth": true,
  "internal_check": {
    "visual_entities": [
      "Dzhokhar A. Tsarnaev",
      "Boston Marathon bombings",
      "Boston",
      "Tamerlan Tsarnaev",
      "Manhunt",
      "Anzor Tsarnaev",
      "Lockdown",
      "Boston Police Department",
      "Explosion",
      "Person accused of a crime",
      "Homeland security",
      "boston bomber manhunt"
    ],
    "image_evidences": [
      {
        "title": "Boston police comb Watertown for bombing suspect  in pictures | US news | The Guardian",
        "content": "",
        "caption": "Watertown crime scene: Metro SWAT members hang off the back of a truck",
        "domain": "www.theguardian.com"
      },
      {
        "title": "Boston: A Real-World Test Of Homeland Security : NPR",
        "content": "",
        "caption": "Metro SWAT members hang off the back of a truck as they prepare to search the School and Walnut Street neighborhood in Watertown on Friday.",
        "domain": "www.npr.org"
      }
    ],
    "result": {
      "confidence_score": 1,
      "explanation": "The news caption discusses security in Xinjiang, China, and the ban of face veils. The image evidences show police activity in Watertown related to the Boston Marathon bombings. There is no connection between the news content and the images provided. Therefore, the images do not support the news caption.",
      "verdict": false
    }
  },
  "external_check": {
    "text_evidences": [
      {
        "title": "Uighurs sent back from Thailand were on way to join jihad, says China | China | The Guardian",
        "content": "Uighurs sent back from Thailand were on way to join jihad, says ...",
        "caption": "Uighurs protest about deportations outside the Thai embassy in Ankara, Turkey.",
        "domain": "www.theguardian.com"
      }
    ],
    "result": {
      "verdict": false,
      "alignment_score": 35,
      "confidence_score": 6,
      "explanation": "The news image depicts heavily armored officers, likely from a special operations team, responding to a situation that suggests heightened security or a policing action. In contrast, the reference images display Uighur demonstrators wielding flags and engaged in a protest, which is fundamentally different in context.  \n\nKey visual elements expected from the caption are relevant to security in Xinjiang and the presence of both security forces and protestors. The substantial difference in setting is a primary indicator of inconsistency; the first image shows no visible indicators of protest or civil action, while the second image clearly reflects an engagement of the Uighur populace. The lighting and atmosphere between the images further highlight their incongruity: the news image is darker, suggesting an aggressive or immediate security response, whereas the reference image shows a bright, open setting typical of a peaceful demonstration.\n\nMoreover, aspects such as scale and the positioning of subjects in both images differ significantly. The news image suggests a covert or tactical operation, while the reference images signify group participation in civil rights advocacy. \n\nTherefore, while the news image captures elements of security, it does not accurately represent the scenario implied by the caption regarding the ongoing tensions related to Uighur separatism.",
      "key_observations": "- News image shows armed security personnel; reference images show Uighur protestors.  \n- Lighting and mood in news image is dark and serious; reference images are bright and suggestive of a public gathering.  \n- The settings (urban and presumably tense in the news image vs. a more open and socially engaged setting for the references) are distinct.  \n- No visible temporal indicators support a shared context; one implies security enforcement while the other reflects protest."
    }
  },
  "final_result": {
    "OOC": true,
    "confidence_score": 7,
    "explanation": "The internal check indicates a mismatch between the news caption, which discusses security in Xinjiang, and the image content which is associated with the Boston Marathon bombings. The internal check's confidence score is 1. The external check, with a confidence score of 6 and an alignment score of 35, supports this, highlighting the incongruity between the image showing armed security personnel and reference images displaying Uighur protestors. While the external check identifies elements of security in the image, it determines that the image doesn't accurately represent the Uighur separatism scenario. Because both checks find that the image does not match the caption and the confidence scores are relatively similar, the caption is considered out of context. The final confidence score reflects slight uncertainty due to the relatively low confidence scores of both checks.",
    "validation_summary": "Both internal and external checks indicate that the image does not align with the news caption regarding security in Xinjiang and Uighur separatism. Therefore, the caption is out of context."
  },
  "inference_time": 10.466391563415527
}