{
  "caption": "Aung San Suu Kyi s supporters wave a banner with a picture of her father Aung San the architect of Burmese independence",
  "ground_truth": false,
  "internal_check": {
    "visual_entities": [
      "Pathein",
      "Image",
      "Getty Images",
      "Stock photography",
      "Photography",
      "Photograph",
      "Politics",
      "Demonstration",
      "Swimming Pool",
      "Crowd",
      "Publishing",
      "Myanmar (Burma)",
      "protest"
    ],
    "image_evidences": [],
    "result": {
      "confidence_score": 9,
      "explanation": "The news caption mentions \"Aung San Suu Kyi s supporters wave a banner with a picture of her father Aung San the architect of Burmese independence\". The news content supports this, describing supporters waving banners with pictures of Aung San. The detected visual entities, including 'Myanmar (Burma)', 'Politics', 'Crowd', and 'Demonstration', align with the context of a political rally in Myanmar. The visual entities confirm the presence of supporters and a political gathering, suggesting a demonstration or rally environment which is consistent with waving banners. Therefore, the caption accurately represents the visual content based on the detected entities.",
      "verdict": true
    }
  },
  "external_check": {
    "text_evidences": [
      {
        "title": "Aung San Suu Kyi on the campaign trail  in pictures | World news | The Guardian",
        "content": "Aung San Suu Kyi on the campaign trail  in pictures | World news ...",
        "caption": "Aung San Suu Kyi campaign: Supporters wave a picture of Aung San Suu Kyi's father General Aung San",
        "domain": "www.theguardian.com"
      },
      {
        "title": "Aung San Suu Kyi on the campaign trail  in pictures | World news | The Guardian",
        "content": "Aung San Suu Kyi on the campaign trail  in pictures | World news ...",
        "caption": "Aung San Suu Kyi campaign: Supporters wave pictures of Aung San Suu Kyi as they travel with her",
        "domain": "www.theguardian.com"
      },
      {
        "title": "Aung San Suu Kyi on the campaign trail  in pictures | World news | The Guardian",
        "content": "Aung San Suu Kyi on the campaign trail  in pictures | World news ...",
        "caption": "Aung San Suu Kyi campaign: Supporters greet San Suu Kyi on her way to a political rally",
        "domain": "www.theguardian.com"
      },
      {
        "title": "Aung San Suu Kyi on the campaign trail  in pictures | World news | The Guardian",
        "content": "Aung San Suu Kyi on the campaign trail  in pictures | World news ...",
        "caption": "Aung San Suu Kyi campaign: Aung San Suu Kyi greets supporters from  her vehicle after her speech",
        "domain": "www.theguardian.com"
      },
      {
        "title": "Aung San Suu Kyi on the campaign trail  in pictures | World news | The Guardian",
        "content": "Aung-San-Suu-Kyi-greets-s-002. ...",
        "caption": "",
        "domain": "www.theguardian.com"
      }
    ],
    "result": {
      "verdict": true,
      "alignment_score": 75,
      "confidence_score": 8,
      "explanation": "The news image shows a group of supporters holding a large banner with an image of Aung San, Aung San Suu Kyi's father, which aligns with the news caption. The composition includes multiple individuals engaged in a supportive rally, which corresponds to the theme of political support indicated in the caption. The reference images collected show similar settings with crowds holding banners and images of either Aung San Suu Kyi or her father, confirming that the spirit of the event is accurately depicted. While the news image captures a different perspective and has a slightly different banner design compared to some reference images, the contextual essence remains intact. Lighting conditions appear consistent, with a clear, bright environment typical of daytime rallies. However, other reference images feature larger crowds and different compositions, which impacts visual uniformity. Despite these variations, the key context of supporting Aung San Suu Kyi, highlighted by the presence of Aung San's image on the banner, is well-kept in this image. Marginal differences in scale and focus do not detract significantly from its relevance to the reported event.",
      "key_observations": [
        "The news image prominently features a banner with Aung San's image, aligning with the caption about Aung San Suu Kyi's supporters.",
        "Composition is similar to reference images showing gatherings of supporters during political events.",
        "Lighting and environmental conditions are consistent, reflecting a daytime setting.",
        "Some reference images present larger crowds, suggesting a more significant event gathering, which is less visible in the news image.",
        "Minor differences in banner design and angle between the news and reference images exist but do not undermine contextual relevance."
      ]
    }
  },
  "final_result": {
    "OOC": false,
    "confidence_score": 9,
    "explanation": "Both internal and external checks indicate that the news caption accurately represents the image. The internal check confirms that the caption aligns with the image content by mentioning \"Aung San Suu Kyi's supporters wave a banner with a picture of her father Aung San\", which is supported by the description of supporters waving banners with pictures of Aung San. The internal check's confidence score is 9. The external check, with a confidence score of 8 and an alignment score of 75, corroborates this by stating that the image shows supporters holding a banner with an image of Aung San. The reference images also show similar settings with crowds holding banners. Therefore, the caption is not out of context.",
    "validation_summary": "Both internal and external checks confirm the caption accurately represents the image, showing supporters with a banner of Aung San."
  },
  "inference_time": 9.855462789535522
}