{
  "caption": "In South Carolina a beach is never too far away and some of the most wild and untouched can be found on Edisto Island home of Botany Bay",
  "ground_truth": true,
  "internal_check": {
    "visual_entities": [
      "Beach",
      "Tourism",
      "Sand",
      "Tide",
      "Vacation",
      "Recreation",
      "Ocean",
      "Sunlight",
      "shore"
    ],
    "image_evidences": [],
    "result": {
      "confidence_score": 8,
      "explanation": "The news caption describes a beach scene in South Carolina, mentioning Edisto Island and Botany Bay. The detected visual entities include 'Beach', 'Sand', 'Ocean', 'Shore', which strongly align with the caption's description. The presence of 'Tourism', 'Vacation', and 'Recreation' further supports the beach context suggested by the caption. The caption suggests a coastal environment, which is supported by the visual entities. The news content, however, makes no reference to South Carolina, Edisto Island or Botany Bay and appears to be an article about Indiana, so there is a mismatch between the news content and the caption. Overall, the caption reasonably aligns with the detected visual entities.",
      "verdict": true
    }
  },
  "external_check": {
    "text_evidences": [
      {
        "title": "Photo tour: Beautiful South Carolina",
        "content": "Photo tour: Beautiful South Carolina",
        "caption": "In South Carolina, a beach is never too far away, and some of the most wild and untouched can be found on Edisto Island, home of Botany Bay.",
        "domain": "www.usatoday.com"
      },
      {
        "title": "Photo tour: Beautiful South Carolina",
        "content": "Photo tour: Beautiful South Carolina",
        "caption": "During the 18th century, Charleston was one of the nation's wealthiest cities, and hints of that prosperity can be seen in the colorful mansions along the Charleston Battery.",
        "domain": "www.usatoday.com"
      }
    ],
    "result": {
      "verdict": false,
      "alignment_score": 40,
      "confidence_score": 7,
      "explanation": "The news image depicts a beach scene with a person walking along the shore during sunset. It shows sand, waves, and shells, creating a serene coastal atmosphere typical of beaches. The imagery emphasizes the wild and natural characteristics of a beach setting. However, compared to the reference images related to Edisto Island and Botany Bay, there are notable differences in visual context. \n\nThe first reference image shows a more bare landscape with dead trees, which is characteristic of the unique environmental features of Botany Bay on Edisto Island. The second reference image presents a picturesque view of a historical building, which does not match the beach scene at all. \n\nIn terms of temporal consistency, the news image captures a sunset, which aligns with the beach environment but diverges from the more muted lighting seen in the reference images, particularly the one with dramatic sky reflections. This discrepancy in lighting and subject matter suggests that the news image, although capturing a beach setting, may not accurately represent the distinct aesthetics of Edisto Island as mentioned in the caption. \n\nWhile the core context of a beach is present, the specificity regarding the location’s unique natural features is absent in the news image. Consequently, this image could be considered misleading as it does not encapsulate the intended representation of Botany Bay and Edisto Island’s less commercialized and more untouched beach environment.",
      "key_observations": [
        "The news image shows a person on a beach during sunset, which does not align with the more desolate and unique landscapes of Botany Bay shown in the first reference image.",
        "Different lighting conditions in the news image (sunset) compared to the cooler tones of the reference images.",
        "Reference images do not depict people, focusing instead on natural landscapes and historical architecture, emphasizing the untouched aspect of Edisto Island."
      ]
    }
  },
  "final_result": {
    "OOC": true,
    "confidence_score": 7,
    "explanation": "The internal check, with a confidence score of 8, suggests that the caption aligns with the visual elements detected in the image (beach, sand, ocean). However, it also notes a mismatch with the news content, which is about Indiana, not South Carolina. The external check, while having a lower confidence score of 7, indicates that the image, although depicting a beach, doesn't accurately represent the specific characteristics of Edisto Island and Botany Bay, as the reference images show distinct landscapes not present in the news image. Given the conflict and similar confidence scores, it's important to critically evaluate the evidence. The higher alignment score of 40 in the external check strengthens the argument that the image is not representative of Edisto Island, despite generally showing a beach. Because the external check indicates that the image does not accurately represent the location described in the caption, and the internal check confirms a mismatch with the overall news article's context (Indiana vs. South Carolina/Edisto Island), the caption is considered out of context. The confidence is moderate because the image does depict a generic beach scene, but it fails to capture the specific location mentioned in the caption.",
    "validation_summary": "Internal check suggests the image aligns with the caption but mismatches the news content. External check indicates the image doesn't accurately represent Edisto Island, despite being a beach scene. The caption is thus out of context."
  },
  "inference_time": 11.632241249084473
}