{
  "caption": "Pope Francis addresses the crowd after the announcement from the balcony of St Peter s Basilica",
  "ground_truth": true,
  "internal_check": {
    "visual_entities": [
      "Manila",
      "Pope",
      "Auxiliary bishop",
      "Crowd",
      "Nation",
      "Speech",
      "Philippines",
      "Asia",
      "person"
    ],
    "image_evidences": [],
    "result": {
      "confidence_score": 9,
      "explanation": "The caption mentions 'Pope Francis addresses the crowd from the balcony of St Peter's Basilica'. The detected entities include 'Pope' and 'Crowd', which align with the caption. The news content corroborates this event. Therefore, the caption appears to accurately reflect the image content based on the detected entities.",
      "verdict": true
    }
  },
  "external_check": {
    "text_evidences": [
      {
        "title": "Pope urges 'people of all nations' to silence arms on Christmas : NPR",
        "content": "Pope urges 'people of all nations' to silence arms on Christmas : NPR",
        "caption": "Pope Francis waves before delivering the Urbi et Orbi (Latin for 'to the city and to the world' ) Christmas' day blessing from the main balcony of St. Peter's Basilica at the Vatican, Wednesday, Dec. 25, 2024.",
        "domain": "www.npr.org"
      },
      {
        "title": "Pope Francis, the pontiff of firsts, breaks with tradition | CNN",
        "content": "Pope Francis, the pontiff of firsts, breaks with tradition | CNN",
        "caption": "Peter Macdiarmid/Getty Images",
        "domain": "www.cnn.com"
      }
    ],
    "result": {
      "verdict": false,
      "alignment_score": 45,
      "confidence_score": 6,
      "explanation": "The analysis of the news image and reference images retrieved based on the caption reveals notable differences in the context and setting that impact the overall alignment with the caption: 'Pope Francis addresses the crowd after the announcement from the balcony of St Peter's Basilica.' The news image shows Pope Francis addressing an audience from what appears to be an interior space, characterized by ornate decor, while the reference images depict him on a prominent balcony, emphasizing the event's outdoor public nature. \n\n### Key Findings:\n- **Visual Elements**: The reference images consistently portray Pope Francis in a more ceremonial outdoor setting, pertinent to significant announcements made from St. Peter's Basilica’s balcony, while the news image has a more confined and less ceremonial atmosphere.\n- **Temporal Indicators**: The lighting conditions in the reference images suggest they were captured outdoors in natural light, contrasting with the more artificial or soft lighting apparent in the news image.\n- **Spatial Relationships**: The positioning within the news image is more limited (interior), while the reference images show broader views that capture both the pope and a larger crowd or setting, which is more representative of publicly addressed events.\n- **Consistency and Context**: The context of the news image does not align with the expected outdoor public address, particularly since it lacks crowd visibility that is characteristic of such an occasion.\n\nOverall, these discrepancies suggest that while Pope Francis is indeed addressing a public audience in the news image, it does not effectively convey the context implied by the caption due to differences in setting. As a result, the image is deemed misleading and does not accurately represent the event as described, leading to a lower alignment score.",
      "key_observations": [
        "Visual elements differ: news image is indoor while reference images are outdoor.",
        "Pope Francis depicted with limited visibility of crowds in news image vs. ample crowd in references.",
        "Lighting inconsistent: natural outdoor light in references contrasted by softer lighting in news image.",
        "Lack of ceremonial elements typical of balcony announcements present in reference images."
      ]
    }
  },
  "final_result": {
    "OOC": true,
    "confidence_score": 7,
    "explanation": "The internal check suggests the caption accurately reflects the image content with a high confidence score of 9, based on the presence of 'Pope' and 'Crowd'. However, the external check contradicts this, indicating the image doesn't align with typical 'Pope Francis addresses the crowd from the balcony of St Peter's Basilica' scenarios due to an indoor setting and limited crowd visibility. The external check has a lower confidence score of 6 but raises critical concerns about the image's context. Given the discrepancies in setting and the potential for misrepresentation highlighted by the external check, the caption is considered out of context. The external check's detailed analysis of visual elements, temporal indicators, spatial relationships, and consistency with the caption's implied setting provides compelling evidence to override the internal check's positive assessment. The final confidence score is a compromise, acknowledging the conflict in evidence and the somewhat lower confidence in the external check compared to the internal one.",
    "validation_summary": "Internal check affirms caption accuracy; external check flags out-of-context usage due to setting discrepancies. External check is prioritized, leading to a determination of OOC."
  },
  "inference_time": 12.984328269958496
}