{
  "caption": "Hosni Mubarak and Barack Obama at the White House in 2009",
  "ground_truth": false,
  "internal_check": {
    "visual_entities": [
      "Hosni Mubarak",
      "Egypt",
      "Egyptian revolution of 2011",
      "President of Egypt",
      "Politics",
      "History of Egypt under Hosni Mubarak",
      "President of the United States",
      "Mohamed ElBaradei",
      "Ayman Nour",
      "hosni mubarak obama"
    ],
    "image_evidences": [],
    "result": {
      "confidence_score": 9,
      "explanation": "The news caption mentions \"Hosni Mubarak and Barack Obama at the White House in 2009\". The detected visual entities include \"Hosni Mubarak\", \"President of the United States\", and \"hosni mubarak obama\", which strongly aligns with the caption. The news content provides context about Hosni Mubarak's visit to Washington in 2009, which further supports the caption's accuracy. The relationship between the individuals and the time frame match the caption and the content, increasing the confidence. Given these matches, the caption accurately represents the visual content as it relates to the detected entities.",
      "verdict": true
    }
  },
  "external_check": {
    "text_evidences": [
      {
        "title": "Barack Obama hopeful Israeli and Palestinian leaders will resume talks | Obama administration | The Guardian",
        "content": "Barack Obama hopeful Israeli and Palestinian leaders will resume ...",
        "caption": "Hosni Mubarak and Barack Obama meet at the White House. Photograph: Dennis Black/EPA",
        "domain": "www.theguardian.com"
      }
    ],
    "result": {
      "verdict": true,
      "alignment_score": 85,
      "confidence_score": 9,
      "explanation": "The news image features Hosni Mubarak and Barack Obama gesturing back and forth during a meeting in the White House in 2009. The composition and settings largely reflect the context described in the caption. Key elements consistent with the reference images retrieved based on the caption include both leaders wearing formal attire and the identifiable White House interior backdrop. The arrangement of the subjects is similar in both images, revealing that they are engaging with one another in conversation, which is consistent with the context of a diplomatic meeting. \n\nHowever, while the core event is represented - a meeting between Mubarak and Obama - the two images depict different moments from the interaction. In the news image, they are captured in a lively discussion, whereas other reference images depict a handshake. This introduces some variance; however, the context of a high-level diplomatic meeting remains intact. \n\nLighting conditions are similar across images, with natural light enhancing the formal atmosphere. The potential slight variations in shadow directions can be attributed to minute differences in camera angles rather than inconsistencies in the actual event. No indicators of digital manipulation are evident in the news image. Overall, the news image accurately captures the relevant context of the event. Despite the visual differences in the moments depicted, the representation aligns closely with the primary focus of the meeting mentioned in the caption.",
      "key_observations": [
        "Both images depict Hosni Mubarak and Barack Obama in the White House during a meeting in 2009.",
        "The subjects are dressed formally, matching the visual expectations from a diplomatic context.",
        "The background is a recognizable White House interior, adding to the authenticity.",
        "Variations in the gestures and actions differ slightly; the news image shows them discussing, whereas one reference image shows a handshake.",
        "Lighting conditions and overall composition are consistent, suggesting both images were taken in similar environments."
      ]
    }
  },
  "final_result": {
    "OOC": false,
    "confidence_score": 9,
    "explanation": "Both the internal and external checks indicate that the news caption accurately represents the image. The internal check has a confidence score of 9, noting the presence of Hosni Mubarak and Barack Obama as visual entities, aligning with the caption and news content about Mubarak's 2009 visit to Washington. The external check also has a confidence score of 9 and an alignment score of 85, confirming that the image features both leaders in a White House setting during a meeting in 2009, consistent with reference images. While there are slight variations in the gestures captured, the overall context of a high-level diplomatic meeting is maintained. Since both checks agree and have high confidence scores, the caption is not out of context.",
    "validation_summary": "Both internal and external checks confirm the caption's accuracy. The image depicts Hosni Mubarak and Barack Obama at the White House in 2009."
  },
  "inference_time": 9.276126861572266
}