{
  "caption": "Brave New World Barack Obama signs his first act as president in the US Capitol building on 20 January 2009",
  "ground_truth": true,
  "internal_check": {
    "visual_entities": [
      "Venezuela",
      "President of the United States",
      "Politics",
      "United States",
      "Executive order",
      "Iraq",
      "Presidential nominee",
      "50th president"
    ],
    "image_evidences": [],
    "result": {
      "confidence_score": 8,
      "explanation": "The caption refers to Barack Obama signing his first act as president in the US Capitol building on January 20, 2009. The detected visual entities include 'President of the United States', 'Politics', 'United States', and '50th president', which align with the context of a US president and the political nature of the event. The presence of 'Iraq' and 'Venezuela' do not directly contradict the caption, although they are not explicitly mentioned. Overall, the detected entities support the caption's claim, leading to a positive verdict.",
      "verdict": true
    }
  },
  "external_check": {
    "text_evidences": [
      {
        "title": "Studs Terkel's study of race in the US: 20 years on | Studs Terkel | The Guardian",
        "content": "Studs Terkel's study of race in the US: 20 years on | Studs Terkel ...",
        "caption": "Brave New World?  Barack Obama signs his first act as president in the US Capitol building on 20 January 2009. Photograph: Molly Riley/AP/PA Photos",
        "domain": "www.theguardian.com"
      },
      {
        "title": "Transcript: Barack Obama's Inaugural Address : NPR",
        "content": "Transcript: Barack Obama's Inaugural Address : NPR",
        "caption": "",
        "domain": "www.npr.org"
      }
    ],
    "result": {
      "verdict": false,
      "alignment_score": 40,
      "confidence_score": 7,
      "explanation": "The news image shows Barack Obama speaking, but it does not capture the specific moment of him signing his first act as president in the US Capitol, as described in the caption. Reference images show Obama either signing or swearing in, indicating a different context than the news image provides. While the news image features Obama in the Capitol, the focus is on his gestural communication rather than the signing event, contrasting with the reference images. Lighting and setting do match somewhat, being consistent with Capitol indoor lighting, however, Obama is dressed differently and posed in a manner suggesting a discussion rather than an official signing. Therefore, the visual context is misaligned despite some visual continuity.",
      "key_observations": "- News image is of Obama speaking, not signing\n- Reference images show Obama signing or official moments\n- Lighting appears consistent, but context differs\n- Positional discrepancies noted across the images (e.g., Obama seated vs. standing) \n- Different clothing (black suit and tie in news image vs. red tie in reference)"
    }
  },
  "final_result": {
    "OOC": true,
    "confidence_score": 7,
    "explanation": "The internal check suggests the caption is accurate based on detected entities aligning with the description of Obama's first act as president. However, the external check, which compares the news image with reference images, reveals a misalignment. The news image depicts Obama speaking, not signing the act. Despite some visual consistencies (lighting, setting), key differences in Obama's actions, clothing, and pose indicate the image is not of the signing event described in the caption. Given the external check's specific focus on visual verification and its identification of a clear discrepancy (speaking vs. signing), its verdict is prioritized. The external check confidence is 7, whereas the internal check confidence is 8. While close, the external check gives direct visual evidence that contradicts the caption. Therefore, the caption is considered out of context.",
    "validation_summary": "Internal check suggests accuracy, but external check reveals the image shows Obama speaking, not signing his first act. Prioritizing visual evidence, the caption is deemed out of context."
  },
  "inference_time": 13.551412105560303
}