{
  "caption": "Syrian troops participate in a live fire exercise Forces loyal to the regime have been accused of a massacre in the village of Tremseh",
  "ground_truth": true,
  "internal_check": {
    "visual_entities": [
      "Iraq",
      "Soldier",
      "Syria",
      "military",
      "United States",
      "Troop",
      "Armed forces",
      "Infantry",
      "Iraqi Army",
      "Boko Haram",
      "army"
    ],
    "image_evidences": [],
    "result": {
      "confidence_score": 8,
      "explanation": "The news caption mentions \"Syrian troops\" and a \"live fire exercise\". The detected visual entities include \"Syria\", \"Soldier\", \"Troop\", \"military\", \"Armed forces\", \"Infantry\", and \"army\", which are consistent with the caption. Therefore, the caption accurately reflects the visual content based on the detected entities. No immediate contradictions are apparent. The confidence is relatively high because the entities directly relate to the caption's content.",
      "verdict": true
    }
  },
  "external_check": {
    "text_evidences": [
      {
        "title": "Syrian opposition activists: more than 200 dead in Hama village massacre | Syria | The Guardian",
        "content": "Syrian opposition activists: more than 200 dead in Hama village ...",
        "caption": "Syrian troops participate in a live fire exercise. Forces loyal to the regime have been accused of a massacre in the village of Tremseh. Photograph: AP",
        "domain": "www.theguardian.com"
      },
      {
        "title": "Syrian opposition activists: more than 200 dead in Hama village massacre | Syria | The Guardian",
        "content": "Syrian opposition activists: more than 200 dead in Hama village ...",
        "caption": "Syrian troops participate in a live fire exercise. Forces loyal to the regime have been accused of a massacre in the village of Tremseh. Photograph: AP",
        "domain": "www.theguardian.com"
      }
    ],
    "result": {
      "verdict": false,
      "alignment_score": 45,
      "confidence_score": 6,
      "explanation": "The news image depicts Syrian troops engaged in a live-fire exercise, showing several soldiers wielding automatic rifles in a formation with the Iraqi flag. In contrast, the reference images primarily showcase artillery pieces in an exercise with Syrian flags. This presents several discrepancies: \n1. **Visual Consistency**: The news image displays Iraqi soldiers, evident from the flag and military attire, while the reference images focus on Syrian troops, indicated by the Syrian flag. \n2. **Temporal Indicators**: There are no clear timestamps or dates on the news image but it seems to originate from a different period than the reference images dated back to 2012. This raises concerns about the chronological relevance.\n3. **Spatial Relationships**: The primary focus in the news image is on soldiers with rifles, while the reference images emphasize artillery, indicating a different aspect of military exercises.\n4. **Lighting and Camera Angles**: The lighting appears bright and clear in both the news and reference images; however, the angle and composition vary significantly. The news image portrays a close-knit group of soldiers, while the reference images depict broader environmental contexts, highlighting positioning and formation of multiple artillery units.\n---\nDespite some similarities in military exercise context, the significant differences in troop identification, composition, and focus lead to the conclusion that the news image does not adequately represent the event implied in the caption.",
      "key_observations": "- News image shows Iraqi troops; reference images feature Syrian troops.\n- News image focuses on soldiers with rifles; reference images emphasize artillery.\n- Temporal discrepancies: reference images are dated 2012.\n- Lighting is consistent, but camera angles differ significantly."
    }
  },
  "final_result": {
    "OOC": true,
    "confidence_score": 7,
    "explanation": "The internal check suggests the caption accurately reflects the image content, with a high confidence score of 8. However, the external check contradicts this, indicating that the image features Iraqi troops and artillery exercises different from the reference images of Syrian troops, with an alignment score of 45 and a confidence score of 6. Despite the slightly higher confidence score of the internal check, the external check reveals significant discrepancies (troops' identity, equipment), leading to the conclusion that the caption is out of context. Therefore, the external check is prioritized due to its specific evidence of mismatch.",
    "validation_summary": "Internal check says caption is accurate; external check identifies discrepancies in troop identity and equipment, indicating the image is out of context. External check result is prioritized."
  },
  "inference_time": 10.48874282836914
}