{
  "caption": "Ben Carson and Candy Carson",
  "ground_truth": false,
  "internal_check": {
    "visual_entities": [
      "Tourism",
      "CitizenM",
      "Event",
      "Community",
      "Statistics",
      "community"
    ],
    "image_evidences": [],
    "result": {
      "confidence_score": 3,
      "explanation": "The news caption mentions 'Ben Carson and Candy Carson'. However, the detected visual entities are ['Tourism', 'CitizenM', 'Event', 'Community', 'Statistics', 'community']. There is no direct visual evidence from the detected entities to confirm the presence of Ben Carson or Candy Carson. Therefore, the caption does not align with the detected visual entities.",
      "verdict": false
    }
  },
  "external_check": {
    "text_evidences": [],
    "result": null
  },
  "final_result": {
    "OOC": true,
    "confidence_score": 3,
    "explanation": "The internal check reveals a mismatch between the news caption ('Ben Carson and Candy Carson') and the detected visual entities in the image (['Tourism', 'CitizenM', 'Event', 'Community', 'Statistics', 'community']). The absence of visual confirmation of Ben Carson or Candy Carson leads to the determination that the caption does not align with the image's visual content. The internal check has a confidence score of 3. The external check result is None, so there is no further evidence. Therefore, the caption is determined to be out of context.",
    "validation_summary": "The internal check indicates a mismatch between the caption and the image's visual entities. The external check provides no additional information. Therefore, the caption is out of context."
  },
  "inference_time": 3.648648977279663
}