{
  "caption": "Shelina Janmohamed vicepresident of Ogilvy Noor This lack of ethnic and faith minorities is particularly problematic in our creative industries where our job is to engage with the audience",
  "ground_truth": false,
  "internal_check": {
    "visual_entities": [
      "Shelina Zahra Janmohamed",
      "Burqa",
      "Fashion",
      "Women in Islam",
      "Headscarf",
      "Burqini",
      "Islamic fashion",
      "Clothing",
      "Headgear",
      "Beauty",
      "beauty"
    ],
    "image_evidences": [],
    "result": {
      "confidence_score": 9,
      "explanation": "The news caption discusses Shelina Janmohamed, vicepresident of Ogilvy Noor, and the lack of ethnic and faith minorities in creative industries. The detected visual entities include 'Shelina Zahra Janmohamed', 'Headscarf', 'Islamic fashion', and 'Women in Islam', which strongly aligns with the caption. The caption refers to engaging with the audience, and the presence of Shelina Janmohamed and related visual entities indicates a representation of this theme. The entities support the caption's claim about minorities, particularly in the context of Islamic fashion, with the mention of Shelina Janmohamed who is a Muslim woman wearing a headscarf. Therefore, the caption accurately represents the visual content.",
      "verdict": true
    }
  },
  "external_check": {
    "text_evidences": [
      {
        "title": "I'm Muslim, female, wear a headscarf  and, believe it or not,  I work in advertising | Shelina Janmohamed | The Guardian",
        "content": "I'm Muslim, female, wear a headscarf  and, believe it or not, I ...",
        "caption": "Shelina Janmohamed, vice-president of Ogilvy Noor: This lack of ethnic and faith minorities is particularly problematic in our creative industries, where our job is to engage with the audience.",
        "domain": "www.theguardian.com"
      },
      {
        "title": "I'm Muslim, female, wear a headscarf  and, believe it or not,  I work in advertising | Shelina Janmohamed | The Guardian",
        "content": "I'm Muslim, female, wear a headscarf  and, believe it or not, I ...",
        "caption": "Shelina Janmohamed, vice-president of Ogilvy Noor: This lack of ethnic and faith minorities is particularly problematic in our creative industries, where our job is to engage with the audience.",
        "domain": "www.theguardian.com"
      },
      {
        "title": "I'm Muslim, female, wear a headscarf  and, believe it or not,  I work in advertising | Shelina Janmohamed | The Guardian",
        "content": "2400.jpg?width=1200&quality=85 ...",
        "caption": "Shelina Janmohamed, vice-president of Ogilvy Noor: This lack of ethnic and faith minorities is particularly problematic in our creative industries, where our job is to engage with the audience.",
        "domain": "www.theguardian.com"
      },
      {
        "title": "I'm Muslim, female, wear a headscarf  and, believe it or not,  I work in advertising | Shelina Janmohamed | The Guardian",
        "content": "2400.jpg?width=1200&height=630 ...",
        "caption": "Shelina Janmohamed, vice-president of Ogilvy Noor: This lack of ethnic and faith minorities is particularly problematic in our creative industries, where our job is to engage with the audience.",
        "domain": "www.theguardian.com"
      },
      {
        "title": "I'm Muslim, female, wear a headscarf  and, believe it or not,  I work in advertising | Shelina Janmohamed | The Guardian",
        "content": "I'm Muslim, female, wear a headscarf  and, believe it or not, I ...",
        "caption": "Shelina Janmohamed, vice-president of Ogilvy Noor: This lack of ethnic and faith minorities is particularly problematic in our creative industries, where our job is to engage with the audience.",
        "domain": "www.theguardian.com"
      }
    ],
    "result": {
      "verdict": true,
      "alignment_score": 95,
      "confidence_score": 9,
      "explanation": "The news image is a closely cropped portrait of a woman wearing a light blue hijab against a green background, which matches the overall description associated with the caption regarding Shelina Janmohamed. The reference images sourced from web searches also depict the same individual, demonstrating consistent visual elements in terms of her facial expression, attire, and setting—primarily characterized by greenery behind her. Lighting conditions appear consistent across the images, emphasizing natural tones with soft shadows. No overt signs of manipulation are detected in either the news image or the references, maintaining authenticity throughout. The dress and demeanor suit the context of engaging discussions around diversity in creative industries as described in the caption, thus reinforcing its relevance despite minor variations in framing or camera angles present in the reference images.",
      "key_observations": [
        "The subjects in the news image and reference images are visually consistent, all depicting the same individual in similar attire and emotional tone.",
        "Backgrounds are consistent with a natural, soft-focus green environment, aligning well with the provided caption context.",
        "Lighting appears uniform across the images, confirming no significant temporal discrepancies. All images exhibit similar illumination and color tones, indicative of a well-controlled photograph.",
        "No signs of manipulation such as unnatural artifacts, cropping irregularities, or digital alterations are evident in any of the images."
      ]
    }
  },
  "final_result": {
    "OOC": false,
    "confidence_score": 9,
    "explanation": "Both the internal and external checks strongly suggest that the news caption accurately represents its image. The internal check has a confidence score of 9, explaining that the visual entities detected align with the caption's content, especially regarding Shelina Janmohamed and the theme of diversity in creative industries. The external check, also with a confidence score of 9 and an alignment score of 95, confirms the image's authenticity and relevance to the caption, noting the visual consistency between the news image and reference images of Shelina Janmohamed. Since both checks agree and have high confidence scores, the caption is deemed not out of context.",
    "validation_summary": "Both internal and external checks confirm the caption accurately represents the image, with high confidence and alignment scores."
  },
  "inference_time": 11.162469148635864
}