{
  "caption": "Miami Dolphins wide receiver Jarvis Landry escapes the grasp of Chicago Bears free safety Brock Vereen",
  "ground_truth": true,
  "internal_check": {
    "visual_entities": [
      "American Football Helmet",
      "Canadian football",
      "Team sport",
      "Protective equipment in gridiron football",
      "Six-man football",
      "American football",
      "Defensive tackle",
      "Arena football",
      "Gridiron football",
      "Championship",
      "Football player",
      "Competition",
      "Stadium",
      "canadian football"
    ],
    "image_evidences": [],
    "result": {
      "confidence_score": 7,
      "explanation": "The news caption mentions \"Miami Dolphins wide receiver Jarvis Landry\" and \"Chicago Bears free safety Brock Vereen.\" The detected visual entities include \"Football player,\" \"American football,\" and \"Team sport,\" which generally align with the caption's description of a football game. However, the specific players mentioned in the caption, \"Jarvis Landry\" and \"Brock Vereen,\" are not explicitly identified in the detected entities. Without specific player identification, it's challenging to definitively confirm the caption's accuracy. The presence of \"American Football Helmet\", \"Protective equipment in gridiron football\", and \"Stadium\" further support the context of a football game, but the lack of specific player identification reduces confidence. Therefore, while the general context aligns, the specific details are unverifiable based solely on the detected entities.",
      "verdict": false
    }
  },
  "external_check": {
    "text_evidences": [
      {
        "title": "2015 NFL preseason",
        "content": "2015 NFL preseason",
        "caption": "Tampa Bay Buccaneers defensive end George Johnson (94) sacks Cincinnati Bengals quarterback Andy Dalton (14) during the first quarter at Raymond James Stadium.",
        "domain": "www.usatoday.com"
      }
    ],
    "result": {
      "verdict": false,
      "alignment_score": 15,
      "confidence_score": 4,
      "explanation": "The news caption indicates a scenario involving Miami Dolphins wide receiver Jarvis Landry escaping a tackle from Chicago Bears free safety Brock Vereen. The news image appears entirely unrelated to the caption, showcasing a different game scenario with players from the Carolina Panthers and Denver Broncos, and focuses on a quarterback, not a receiver escaping a tackle. Key elements such as team colors, uniforms, and player positions do not align with the expected participants described in the caption. Lighting conditions differ as well, with the news image indicating a different time or location than what would be typical for Miami Dolphins or Chicago Bears games. Therefore, it misrepresents the context implied by the caption, raising concerns about its authenticity.",
      "key_observations": [
        "The news image features players from the Carolina Panthers and Denver Broncos, not the Miami Dolphins or Chicago Bears.",
        "No Miami Dolphins or Chicago Bears uniforms or players are visible in the news image.",
        "The action depicted (a quarterback being tackled) does not match the description of a wide receiver escaping a tackle.",
        "Lighting and stadium elements differ significantly from what would be expected in a Dolphins-Bears game."
      ]
    }
  },
  "final_result": {
    "OOC": true,
    "confidence_score": 7,
    "explanation": "Both the internal and external checks indicate that the news caption is out of context. The internal check, with a confidence score of 7, finds that while the detected visual entities generally align with a football game, the specific players mentioned in the caption (Jarvis Landry and Brock Vereen) are not explicitly identified. This makes it difficult to definitively confirm the caption's accuracy. The external check, although having a lower confidence score of 4, provides a higher alignment score of 15 and states unequivocally that the image features players from the Carolina Panthers and Denver Broncos, not the Miami Dolphins or Chicago Bears as the caption suggests. It also points out discrepancies in team colors, uniforms, player positions, and lighting conditions. Given the external check's clear evidence of mismatch and the internal check's inability to confirm the caption's accuracy, the caption is considered out of context. The confidence score is set to 7, reflecting the higher confidence of the internal check.",
    "validation_summary": "Both internal and external checks suggest the caption is out of context. The internal check lacks specific player identification. The external check confirms the image depicts a different game and teams."
  },
  "inference_time": 8.413604974746704
}