{
  "caption": "Renaud Lavillenie training in his native France in July 2012",
  "ground_truth": true,
  "internal_check": {
    "visual_entities": [
      "The London 2012 Summer Olympics",
      "2017 World Championships in Athletics",
      "Championship",
      "Long-distance running",
      "Athlete",
      "Athletics",
      "Multi-sport event",
      "World Athletics",
      "Running",
      "Mo Farah",
      "Summer Olympic Games",
      "athletics"
    ],
    "image_evidences": [],
    "result": {
      "confidence_score": 2,
      "explanation": "The news caption states 'Renaud Lavillenie training in his native France in July 2012'. However, the detected visual entities do not contain specific evidence to support the claim. There's no explicit indication of Renaud Lavillenie, training activities, location in France, or the specific time of July 2012 within the detected visual entities. Therefore, a direct visual confirmation is not possible. Since the detected entities do not mention France, July 2012, or Renaud Lavillenie training, the caption is considered unrelated to the detected visual entities.",
      "verdict": false
    }
  },
  "external_check": {
    "text_evidences": [
      {
        "title": "The strange evolution of the pole vault world record: from Bubka to Lavillenie | Athletics | The Guardian",
        "content": "The strange evolution of the pole vault world record: from Bubka ...",
        "caption": "Renaud Lavillenie training in his native France in July 2012.",
        "domain": "www.theguardian.com"
      }
    ],
    "result": {
      "verdict": false,
      "alignment_score": 30,
      "confidence_score": 6,
      "explanation": "The news image depicts a group of athletes training on a running track, while the expected context based on the caption mentions Renaud Lavillenie, a pole vaulter, who would likely be shown practicing his specific event. In contrast, the reference images related to Lavillenie show him performing pole vaulting, focusing on the necessary equipment and environment related to that sport. \n\nKey visual elements also diverge: the training area specifically reflects track and field running rather than pole vaulting, which involves distinct equipment and setups. The lighting in the news image suggests a bright, possibly midday atmosphere, which may or may not align with timing assumptions—but without timestamps from reference images, this remains ambiguous. \n\nThere are also concerns regarding spatial consistency; the news image features a flat running track with runners, while the pole vaulting images show vertical poles and a landing area with a distinctive setup. Overall, despite the news image being a clear visual representation of athletes training, it does not accurately depict Renaud Lavillenie or relate closely to the intended event of pole vaulting, leading to the conclusion that it does not appropriately correspond to the caption provided.",
      "key_observations": [
        "News image shows multiple runners on a track, conflicting with the specificity of pole vaulting in the caption.",
        "Reference images depict pole vaulting, specifically showcasing Lavillenie's signature event, while the main image does not.",
        "Lighting conditions in the news image appear consistent but lack contextual alignment with pole vaulting practices.",
        "Spatial relationships are markedly different, with the news image's environment set for running rather than pole vaulting."
      ]
    }
  },
  "final_result": {
    "OOC": true,
    "confidence_score": 7,
    "explanation": "The internal and external checks both indicate that the caption is out of context (OOC). The internal check has a confidence score of 2 and concludes the caption is unrelated to the detected visual entities, as it finds no evidence supporting Renaud Lavillenie, training activities, France, or July 2012. The external check, with a confidence score of 6 and alignment score of 30, also indicates a mismatch. It highlights that the image shows athletes training on a running track, which contrasts with the expectation of a pole vaulter (Renaud Lavillenie) practicing pole vaulting. The key visual elements and spatial consistency also diverge between the image and reference images of Lavillenie pole vaulting. While the external check's confidence score is higher, both checks agree on the OOC status. Therefore, the final decision is OOC.",
    "validation_summary": "Both internal and external checks suggest the caption is out of context. The internal check finds no supporting evidence in the image, while the external check notes a mismatch between the image's running track and the expected pole vaulting context."
  },
  "inference_time": 8.88864016532898
}