{
  "caption": "Mitt Romney speaks in Augusta Ga on Oct 29",
  "ground_truth": false,
  "internal_check": {
    "visual_entities": [
      "United States",
      "Politics",
      "Libertarian Party",
      "Presidential nominee",
      "Ronna McDaniel",
      "Gary Johnson",
      "public speaking"
    ],
    "image_evidences": [
      {
        "title": "",
        "content": "",
        "caption": "Mitt Romney speaks in Augusta, Ga., on Oct. 29.",
        "domain": "www.usatoday.com"
      },
      {
        "title": "Mitt Romney may vote Libertarian, as GOP criticism of Trump deepens | Donald Trump | The Guardian",
        "content": "",
        "caption": "Donald Trump has faced criticism from senior Republicans over his remarks against judge Gonzalo Curiel.",
        "domain": "www.theguardian.com"
      }
    ],
    "result": {
      "confidence_score": 9,
      "explanation": "The news caption mentions \"Mitt Romney speaks in Augusta Ga on Oct 29\". Evidence 1 provides an image with the caption \"Mitt Romney speaks in Augusta, Ga., on Oct. 29.\" This directly supports the news caption. While the news article doesn't focus primarily on this event, it does mention Romney making a public speech. The visual entities detected, such as \"public speaking\" and \"Politics\", are also consistent with this scenario. Evidence 2 shows an image of Donald Trump with a caption related to criticism from Republicans. While it mentions Mitt Romney, the image itself and the immediate caption are less directly related to the news caption about the Augusta speech. Therefore, the primary support comes from Evidence 1.",
      "verdict": true
    }
  },
  "external_check": {
    "text_evidences": [
      {
        "title": "Mitt Romney warns Donald Trump will cause 'trickle-down racism' in the US | Mitt Romney | The Guardian",
        "content": "Mitt Romney warns Donald Trump will cause 'trickle-down racism' in ...",
        "caption": "",
        "domain": "www.theguardian.com"
      },
      {
        "title": "Could Helene and Milton impact the election? What history shows : NPR",
        "content": "Could Helene and Milton impact the election? What history shows : NPR",
        "caption": "Both presidential candidates visited Georgia after Hurricane Helene: Vice President Harris in Augusta on Oct. 2 and former President Trump in Valdosta on Sept. 30. Trump has tried to weaponize the federal response to the storm.",
        "domain": "www.npr.org"
      },
      {
        "title": "Could Helene and Milton impact the election? What history shows : NPR",
        "content": "Could Helene and Milton impact the election? What history shows : NPR",
        "caption": "Both presidential candidates visited Georgia after Hurricane Helene: Vice President Harris in Augusta on Oct. 2 and former President Trump in Valdosta on Sept. 30. Trump has tried to weaponize the federal response to the storm.",
        "domain": "www.npr.org"
      }
    ],
    "result": {
      "verdict": true,
      "alignment_score": 90,
      "confidence_score": 9,
      "explanation": "The news image presents Mitt Romney speaking, with a blue backdrop and an American flag visible in the frame. The reference images retrieved from searches on the news caption also depict Romney in a similar context, suggesting he is addressing an audience after a public event. Visually, both images show Romney with a raised thumb and a microphone in front of him, indicating a moment of speaking. The backdrop in the news image matches the general appearance seen in various events, confirming it aligns with the expected environment of the event described in the caption. The lighting conditions appear consistent, as both images showcase indoor lighting with appropriate shadows. No signs of manipulation or anomalies were observed in either image. Overall, despite potential subtle differences in angles or compositional elements, the core context of Romney speaking at a public event on the specified date is preserved, ensuring the news image accurately represents the caption provided.",
      "key_observations": [
        "Both images depict Mitt Romney speaking with a similar posture and expression.",
        "The backdrop is consistent with official event settings seen in reference images.",
        "Lighting conditions in both images are suitable for indoor settings, with no discrepancies detected.",
        "No visible signs of digital manipulation or artifacts are present in the news image.",
        "The context of Romney addressing an audience aligns well with the caption provided."
      ]
    }
  },
  "final_result": {
    "OOC": false,
    "confidence_score": 9,
    "explanation": "Both the internal and external checks strongly support the accuracy of the news caption in relation to the image. The internal check has a confidence score of 9 and confirms the caption's direct relevance to the image's description of Mitt Romney speaking in Augusta, GA on Oct 29. The external check, also with a confidence score of 9, reinforces this by confirming visual alignment between the news image and reference images of Romney at similar events, indicated by a high alignment score of 90. The consistency between these two independent validations leads to a high confidence in concluding that the caption is not out of context. Since both validations align, there is no conflict to resolve. The available evidence sufficiently supports the caption's accuracy.",
    "validation_summary": "Both internal and external validations confirm the news caption accurately represents the image content, indicating the caption is not out of context."
  },
  "inference_time": 10.947902202606201
}