{
  "caption": "David Cameron and his father Ian in April 2010",
  "ground_truth": false,
  "internal_check": {
    "visual_entities": [
      "David Cameron",
      "Ian Donald Cameron",
      "Prime Minister of the United Kingdom",
      "Alan Milburn",
      "Politics",
      "Prime minister",
      "Panama Papers",
      "The Guardian",
      "Father",
      "Nick Clegg",
      "Peter Mandelson",
      "crowd"
    ],
    "image_evidences": [
      {
        "title": "David Cameron loses 'role model' father | David Cameron | The Guardian",
        "content": "",
        "caption": "David Cameron and his father, Ian, in April. Friends of the PM say he inherited Ian Cameron's unstoppableness. Photograph: Johnny Green/PA",
        "domain": "www.theguardian.com"
      },
      {
        "title": "David Cameron flies to France after father has stroke | David Cameron | The Guardian",
        "content": "",
        "caption": "David Cameron and his father Ian in April 2010. Photograph: Johnny Green/PA",
        "domain": "www.theguardian.com"
      }
    ],
    "result": {
      "confidence_score": 10,
      "explanation": "The news caption states 'David Cameron and his father Ian in April 2010'. Both image evidences show David Cameron and his father, Ian, and the captions of both images confirm this, with one image explicitly stating 'David Cameron and his father Ian in April 2010'. The domain 'www.theguardian.com' is a credible news source. The visual entities 'David Cameron' and 'Ian Donald Cameron' are detected and present in the images and match the news caption. The images appear to be used in their original context, supporting articles about David Cameron and his father. There is no indication of manipulation.",
      "verdict": true
    }
  },
  "external_check": {
    "text_evidences": [
      {
        "title": "Fund run by David Camerons father avoided paying tax in Britain | Tax avoidance | The Guardian",
        "content": "Fund run by David Cameron's father avoided paying tax in Britain ...",
        "caption": "David Cameron embraces his father Ian in April 2010.",
        "domain": "www.theguardian.com"
      },
      {
        "title": "Panama Papers: what do they say, what does Cameron say, and should I be outraged? | The Independent | The Independent",
        "content": "Panama Papers: what do they say, what does Cameron say, and should ...",
        "caption": "David Cameron kisses his father Ian in April 2010. Photograph: Getty",
        "domain": "www.independent.co.uk"
      },
      {
        "title": "David Cameron loses 'role model' father | David Cameron | The Guardian",
        "content": "David Cameron loses 'role model' father | David Cameron | The Guardian",
        "caption": "David Cameron and his father, Ian, in April. Friends of the PM say he inherited Ian Cameron's unstoppableness. Photograph: Johnny Green/PA",
        "domain": "www.theguardian.com"
      },
      {
        "title": "Fund run by David Camerons father avoided paying tax in Britain | Tax avoidance | The Guardian",
        "content": "Fund run by David Cameron's father avoided paying tax in Britain ...",
        "caption": "David Cameron and his father, Ian Cameron.",
        "domain": "www.theguardian.com"
      }
    ],
    "result": {
      "verdict": true,
      "alignment_score": 85,
      "confidence_score": 9,
      "explanation": "The news image depicting David Cameron and his father, Ian Cameron, shows a moment of affection captured during a public event in April 2010. The overall context revolves around their familial bond, evident in the physical closeness and expressions captured in the image. \n\nThe primary comparison against the reference images indicates a high degree of visual consistency. Both David and Ian are shown in similar attire, reinforcing the authenticity of the scene. The news image shares key elements with the reference images, including the background of other attendees, lighting conditions suggesting an outdoor setting in a potentially sunny environment, and the emotional interaction between the subjects.\n\nTemporal indicators such as seasonal lighting align well with the April 2010 timeframe, as the bright sunlight depicts spring in England. The expressions on their faces convey warmth and connection, matching the narratives found in the other reference images.\n\nHowever, slight variations in angles and framing are present across the images, with some showing more of the audience or capturing different perspectives of the interaction. Such differences are not significant enough to imply any misleading aspects; they rather provide a broader view of the same event. Considering the inherent nature of photographic angles and compositions, these variations do not detract from the image's authenticity relative to the event described.",
      "key_observations": [
        "The subjects (David and Ian Cameron) are positioned closely together, reflecting the emotional context described in the caption.",
        "Lighting in the news image closely resembles that in the reference images, suggesting a sunny day.",
        "Facial expressions are consistent, conveying affection, which aligns with the core context of a familial moment.",
        "Small variations in angles and framing exist among the images, but they do not distort the key context of the moment being captured."
      ]
    }
  },
  "final_result": {
    "OOC": false,
    "confidence_score": 9,
    "explanation": "Both the internal and external checks indicate that the news caption accurately represents the image. The internal check has a confidence score of 10, confirming the presence of David Cameron and his father Ian in the image, matching the caption's description. The external check, with a confidence score of 9 and an alignment score of 85, corroborates the visual consistency and contextual relevance of the image with reference images from the same period. Given the agreement and high confidence in both checks, there's no evidence to suggest the caption is out of context.",
    "validation_summary": "Both internal and external checks confirm the accuracy of the news caption in representing the image content. The caption accurately identifies David Cameron and his father in the image, with high confidence and alignment scores."
  },
  "inference_time": 10.045904874801636
}