{
  "caption": "Boundarypushing or abusive R Kelly and Lady Gaga performing last year",
  "ground_truth": true,
  "internal_check": {
    "visual_entities": [
      "2010 MTV Video Music Awards",
      "Lady Gaga's meat dress",
      "MTV Video Music Award for Video of the Year",
      "Florence + the Machine",
      "Pop music",
      "MTV",
      "MTV Video Music Award for Best Pop Video",
      "MTV Europe Music Awards",
      "Musician",
      "MTV Video Music Awards",
      "Lady Gaga",
      "Taylor Swift",
      "Cher",
      "florence and the machine and lady gaga"
    ],
    "image_evidences": [
      {
        "title": "2010 VMAs Highlights",
        "content": "",
        "caption": "AP10091301352.jpg ",
        "domain": "www.cbsnews.com"
      }
    ],
    "result": {
      "confidence_score": 8,
      "explanation": "The news caption mentions \"R Kelly and Lady Gaga performing last year\". The news content discusses their controversial collaboration and a shelved video. The provided image evidence from CBS News shows Lady Gaga at the 2010 VMAs. While Lady Gaga is a central figure in both the caption/content and the image, the image does not show R. Kelly nor does it depict a performance with R. Kelly. Furthermore, the image is from 2010 which doesn't match the 'last year' timeframe in the caption. Therefore, the image provides weak support for the caption's claim regarding the performance with R. Kelly but does partially support the fact that it depicts Lady Gaga.",
      "verdict": false
    }
  },
  "external_check": {
    "text_evidences": [
      {
        "title": "Lady Gaga, Miley Cyrus and the rape generation | Pop and rock | The Guardian",
        "content": "Lady Gaga, Miley Cyrus and the rape generation | Pop and rock ...",
        "caption": "Boundary-pushing, or abusive?  R Kelly and Lady Gaga performing last year. Photograph: Michael Tran/FilmMagic",
        "domain": "www.theguardian.com"
      }
    ],
    "result": {
      "verdict": false,
      "alignment_score": 35,
      "confidence_score": 7,
      "explanation": "The news image shows two performers on a stage, distinctly different from the reference images depicting R. Kelly and Lady Gaga together in a performance setting. The reference images feature R. Kelly in a more intimate pose with Lady Gaga in a stylized, provocative context—illustrative of their past collaborative work. In contrast, the news image presents a different scenario, suggesting a lack of relevance to the caption, which mentions boundary-pushing performances. The attire and staging in the news image do not reflect the typically edgy and provocative style connected with both artists' collaboration. Additionally, the lighting and background differ significantly; while the reference images relate to a performance with distinct symbolic settings, the news image suggests a generic setting that lacks a direct connection to the mentioned artists’ style. Lighting conditions in the news image appear more polished and oriented towards an award show atmosphere, as opposed to the performance context of the reference images.",
      "key_observations": "- News image depicts two performers (not R. Kelly and Lady Gaga) in a different setting\n- Reference images show R. Kelly and Lady Gaga in a directly suggestive pose\n- The styling in the news image contrasts with the boundary-pushing aesthetic of the caption\n- Lighting and background settings vary significantly; more conventional in the news image\n- Lack of direct relevance to the same event or context described in the caption."
    }
  },
  "final_result": {
    "OOC": true,
    "confidence_score": 8,
    "explanation": "The internal check, with a confidence score of 8, concludes that the image does not align with the caption, as it features Lady Gaga at the 2010 VMAs without R. Kelly, contradicting the caption's claim of a performance with R. Kelly 'last year'. The external check, with a confidence score of 7 and an alignment score of 35, supports this conclusion, noting that the image depicts different performers and lacks relevance to the caption. Since both checks agree that the image does not accurately represent the caption, and the internal check has a higher confidence score, the final decision is that the caption is out of context (OOC = True). The caption inaccurately portrays the image as depicting a performance by R. Kelly and Lady Gaga from 'last year'.",
    "validation_summary": "Both internal and external checks indicate that the image does not accurately represent the caption. The image shows Lady Gaga at the 2010 VMAs without R. Kelly, contradicting the caption's description of a recent performance with R. Kelly."
  },
  "inference_time": 9.891860246658325
}