{
  "caption": "Pope Francis waving goodbye visits with inmates and their families at the CurranFromhold Correctional Facility the largest prison operated in Philadelphia Penn on Sunday Sept 27 2015",
  "ground_truth": true,
  "internal_check": {
    "visual_entities": [
      "Crowd",
      "Burger King",
      "Altar",
      "Mass",
      "Recreation",
      "Thursday",
      "Hand",
      "Fan",
      "Science",
      "Chemistry",
      "Burger King",
      "crowd"
    ],
    "image_evidences": [],
    "result": {
      "confidence_score": 2,
      "explanation": "The news caption describes Pope Francis visiting inmates at the Curran-Fromhold Correctional Facility. The detected visual entities include 'Crowd,' which could potentially relate to the families of inmates or other individuals present at the facility. However, there is no direct visual evidence in the detected entities to explicitly confirm the presence of inmates, Pope Francis, or any correctional facility. Furthermore, entities such as 'Burger King', 'Altar', 'Mass', 'Recreation', 'Thursday', 'Hand', 'Fan', 'Science', and 'Chemistry' do not correspond to the context of a prison visit or the description provided in the news caption. Due to the lack of alignment between the caption and the visual entities, the caption is not well-supported by the detected visual entities.",
      "verdict": false
    }
  },
  "external_check": {
    "text_evidences": [
      {
        "title": "Pope Francis visits the United States",
        "content": "Pope Francis visits the United States",
        "caption": "Pope Francis waves goodbye to those gathered on the tarmac at Atlantic Aviation at the Philadelphia International Airport on Sunday evening. (Via OlyDrop)",
        "domain": "www.usatoday.com"
      },
      {
        "title": "Pope Francis visits the United States",
        "content": "Pope Francis visits the United States",
        "caption": "Pope Francis looks out the window of his plane before departing Philadelphia.",
        "domain": "www.usatoday.com"
      }
    ],
    "result": {
      "verdict": false,
      "alignment_score": 15,
      "confidence_score": 7,
      "explanation": "The news image depicts Pope Francis in a crowd, waving goodbye during his visit to inmates and families at the Curran-Fromhold Correctional Facility in Philadelphia. However, upon comparison with the reference images retrieved based on the caption, there are significant discrepancies. The reference images focus on Pope Francis in various contexts – exiting an airplane, engaging with media personnel, and a candid view from inside a plane – none of which match the described scenario of him interacting with inmates and families in a correctional facility setting.\n\nWhen analyzing the key visual elements outlined in the caption, the predominant themes are of direct engagement and a specific environment (the prison). In contrast, the news image shows an exuberant crowd scene that lacks identifiable denominators linking it to a prison visit. \n\nIn terms of temporal elements, the lighting in the crowd image suggests daytime conditions during the visit, which could conceptually align with the timeframe of the event. However, since the context of the prison visit is entirely absent, this doesn't support a visual alignment. \n\nAdditionally, spatial relationships in the news image emphasize a large, cheering crowd, creating a festive atmosphere rather than the intimate, significant engagements implied by the caption. No visible signs of digital manipulation disrupt the authenticity of any of the images, but contextually, the news image stands out as different due to these substantial differences in the surrounding environment and subject matter. Consequently, while visually interesting, it does not accurately represent the event described, leading to a classification of potentially misleading material.",
      "key_observations": [
        "The news image features Pope Francis in a large, cheering crowd, suggesting a festive atmosphere, which contrasts with the serious context of visiting inmates.",
        "Reference images depict Pope Francis in completely different contexts: exiting a plane and engagement with media, rather than inmate interaction.",
        "Lighting in the news image suggests daytime, aligning temporally with the event, but doesn't provide context as per the caption's specified setting.",
        "No digital manipulation observed in any images, but the context of the news image is misleading and detached from the specific event described in the news caption."
      ]
    }
  },
  "final_result": {
    "OOC": true,
    "confidence_score": 7,
    "explanation": "Both the internal and external checks suggest that the news caption does not accurately represent the accompanying image. The internal check reveals a mismatch between the described content (Pope Francis visiting inmates) and the detected visual entities (Crowd, Burger King, etc.), leading to a negative verdict due to the absence of visual confirmation of inmates, Pope Francis, or a prison setting. The external check, while finding an image of Pope Francis in a crowd, determined it to be inconsistent with reference images and the described prison visit context, concluding that the image is potentially misleading. The external check has a higher confidence score (7) than the internal check (2), so it carries more weight. Given these discrepancies, I conclude that the caption is out of context.",
    "validation_summary": "Both internal and external checks indicate a mismatch between the news caption and the image content. The image does not depict the described scene of Pope Francis visiting inmates at a correctional facility."
  },
  "inference_time": 12.657485723495483
}