{
  "caption": "LOS ANGELES CA NOVEMBER 22 Singer Celine Dion performs onstage during the 2015 American Music Awards at Microsoft Theater on November 22 2015 in Los Angeles California",
  "ground_truth": true,
  "internal_check": {
    "visual_entities": [
      "Pianist",
      "Image",
      "Stand Up to Cancer",
      "Musical theatre",
      "Photograph",
      "Photo Album",
      "Celine Dion",
      "Stand Up to Cancer",
      "Stand Up to Cancer",
      "Stand Up to Cancer Telethon",
      "Ben Affleck",
      "Matthew McConaughey",
      "celine dion stand up to cancer"
    ],
    "image_evidences": [],
    "result": {
      "confidence_score": 9,
      "explanation": "The news caption states that Celine Dion performed at the 2015 American Music Awards. The detected visual entities include 'Celine Dion'. The news content further elaborates on Celine Dion's performance. The presence of Celine Dion as a detected entity strongly supports the caption's claim. Thus, the caption accurately represents the visual content based on the detected visual entities.",
      "verdict": true
    }
  },
  "external_check": {
    "text_evidences": [],
    "result": null
  },
  "final_result": {
    "OOC": false,
    "confidence_score": 9,
    "explanation": "The internal check, with a confidence score of 9, confirms that the caption accurately represents the image. The caption states Celine Dion performed at the 2015 American Music Awards, which aligns with the visual content and the news content provided. There is no external check result provided, so the decision is based solely on the internal check. Therefore, the caption is not out of context.",
    "validation_summary": "Internal check confirms caption accuracy; external check unavailable."
  },
  "inference_time": 3.024806261062622
}