{
  "caption": "Singer Karen O who performed during the ceremony wore a black satin Camilla Staerk dress and Neil Lane jewels",
  "ground_truth": false,
  "internal_check": {
    "visual_entities": [
      "86th Academy Awards",
      "Yeah Yeah Yeahs",
      "Red carpet",
      "2020 Academy Awards pre-show",
      "Gown",
      "Dress",
      "Actor",
      "Y Control",
      "Fashion",
      "Cocktail dress",
      "Karen O",
      "Academy Awards",
      "Spike Jonze",
      "Jennifer Lawrence",
      "gown"
    ],
    "image_evidences": [],
    "result": {
      "confidence_score": 7,
      "explanation": "The news caption mentions Singer Karen O wearing a black satin Camilla Staerk dress and Neil Lane jewels. The detected visual entities include 'Karen O', 'Dress', 'Fashion', and 'gown'. While the visual entities confirm the presence of Karen O and a dress/gown, the caption specifies the dress is 'black satin Camilla Staerk dress', and mentions 'Neil Lane jewels', which are not explicitly detectable or confirmed by the visual entities alone. The detection of 'gown' and 'dress' align with the caption. Based on the overlap of detectable elements, the caption is partially supported by the visual entities.",
      "verdict": true
    }
  },
  "external_check": {
    "text_evidences": [],
    "result": null
  },
  "final_result": {
    "OOC": false,
    "confidence_score": 7,
    "explanation": "The internal check, with a confidence score of 7, supports the caption's accuracy. It confirms the presence of Karen O and a dress, aligning with the caption. The caption mentions specific details ('black satin Camilla Staerk dress' and 'Neil Lane jewels') not directly verifiable by visual entities alone. Since there is no external check result, the internal check is the primary basis for this assessment. Therefore, based on the available information, the caption is not out of context. However, the absence of external validation and the inability to confirm all details from the internal check represent limitations.",
    "validation_summary": "Internal check supports the caption's accuracy regarding Karen O and a dress, but specific details are not fully verifiable. No external check available."
  },
  "inference_time": 4.373405694961548
}