{
  "caption": "Rafe Spall as Shakespeare in Anonymous According to the film the Bard s plays were really written by the Earl of Oxford",
  "ground_truth": false,
  "internal_check": {
    "visual_entities": [
      "Centropolis Entertainment",
      "Film Producer",
      "Shakespeare's plays",
      "Fantasy",
      "Anonymous",
      "Roland Emmerich",
      "William Shakespeare",
      "Robert Leger",
      "John Orloff",
      "Larry Franco",
      "David Thewlis",
      "Rafe Spall",
      "Derek Jacobi",
      "crowd"
    ],
    "image_evidences": [
      {
        "title": "Shakespeare's plays tell us all we need to know about the man  except his identity | William Shakespeare | The Guardian",
        "content": "",
        "caption": "Rafe Spall as Shakespeare in Anonymous. According to the film, the Bards plays were really written by the Earl of Oxford. Photograph: Columbia/LMK",
        "domain": "www.theguardian.com"
      },
      {
        "title": "Our film Anonymous asks viewers to think for themselves about Shakespeare | John Orloff | The Guardian",
        "content": "",
        "caption": "Rafe Spall as William Shakespeare in Anonymous.  Photograph: Columbia/LMK",
        "domain": "www.theguardian.com"
      }
    ],
    "result": {
      "confidence_score": 10,
      "explanation": "The news caption mentions Rafe Spall as Shakespeare in the film 'Anonymous,' which suggests that the film explores the theory that Shakespeare's plays were written by the Earl of Oxford. Both image evidences show Rafe Spall as William Shakespeare in 'Anonymous.' The captions of the images also mention that the film explores the idea that the plays were written by the Earl of Oxford. The domains are credible news sources (The Guardian). Thus, the image evidences directly support the news caption.",
      "verdict": true
    }
  },
  "external_check": {
    "text_evidences": [
      {
        "title": "Shakespeare's plays tell us all we need to know about the man  except his identity | William Shakespeare | The Guardian",
        "content": "Shakespeare's plays tell us all we need to know about the man ...",
        "caption": "Rafe Spall as Shakespeare in Anonymous. According to the film, the Bards plays were really written by the Earl of Oxford. Photograph: Columbia/LMK",
        "domain": "www.theguardian.com"
      },
      {
        "title": "Shakespeare's plays tell us all we need to know about the man  except his identity | William Shakespeare | The Guardian",
        "content": "Rafe-Spall-007.jpg?width=1200& ...",
        "caption": "Rafe Spall as Shakespeare in Anonymous. According to the film, the Bards plays were really written by the Earl of Oxford. Photograph: Columbia/LMK",
        "domain": "www.theguardian.com"
      },
      {
        "title": "Shakespeare's plays tell us all we need to know about the man  except his identity | William Shakespeare | The Guardian",
        "content": "Rafe-Spall-007.jpg?width=1200& ...",
        "caption": "Rafe Spall as Shakespeare in Anonymous. According to the film, the Bards plays were really written by the Earl of Oxford. Photograph: Columbia/LMK",
        "domain": "www.theguardian.com"
      }
    ],
    "result": {
      "verdict": true,
      "alignment_score": 95,
      "confidence_score": 9,
      "explanation": "The news image depicting Rafe Spall as Shakespeare from the film \"Anonymous\" aligns well with the reference images. In all images, we see the actor being celebrated by a crowd, indicating a moment of triumph or recognition. The key visual elements present include Rafe Spall in period-appropriate costume, seated on a stage while being lifted in celebration, surrounded by an elaborately dressed audience consistent with a historical play setting. \n\nDespite minor variations in framing and background details across the images, the core context remains intact, representing the climax of a theatrical scene reflective of Shakespeare's era, which aligns with the news caption's premise about the authorship debate over his works. \n\nTimely indicators such as lighting appear consistent, suggesting a theatrical ambiance, and there's no discernible digital manipulation evident in the images. Overall, the visual representation is faithful to the described context of the news caption, reinforcing the event's authenticity and narrative without introducing significant discrepancies.",
      "key_observations": [
        "The main subject (Rafe Spall) is consistently portrayed in a celebratory crowd setting.",
        "Costumes reflect the historical period related to Shakespeare's time, maintaining contextual accuracy.",
        "Lighting and composition across images suggest a theatrical environment, supporting the narrative of a performance.",
        "Minor differences in framing but do not detract from the visual context or event representation. No signs of digital manipulation detected."
      ]
    }
  },
  "final_result": {
    "OOC": false,
    "confidence_score": 10,
    "explanation": "Both the internal and external checks indicate that the news caption accurately represents the image. The internal check, with a confidence score of 10, confirms that the image shows Rafe Spall as Shakespeare in 'Anonymous,' and the caption correctly describes the film's premise about the Earl of Oxford authorship theory. The external check, with an alignment score of 95 and confidence of 9, corroborates this by showing consistency across reference images, depicting Rafe Spall in a celebratory scene fitting the historical context of the play. Since both checks align, the caption is not out of context.",
    "validation_summary": "Both internal and external checks confirm the caption accurately represents the image, depicting Rafe Spall in 'Anonymous' and referencing the film's Shakespeare authorship theory."
  },
  "inference_time": 8.53118348121643
}