{
  "caption": "The installation by Chinese artist Ai Weiwei According to What",
  "ground_truth": true,
  "internal_check": {
    "visual_entities": [
      "Visual Artist",
      "Royal Academy of Arts",
      "Artist",
      "Visual arts",
      "China",
      "Solomon R. Guggenheim Museum",
      "Chinese art",
      "Exhibition",
      "Government of China",
      "Ai Weiwei",
      "Ai Weiwei Drifting",
      "tree"
    ],
    "image_evidences": [
      {
        "title": "Ai Weiwei criticized by China's ambassador to Britain - Los Angeles Times",
        "content": "",
        "caption": "Chinese artist Ai Weiwei poses for photographers with one of his pieces at his exhibition at the Royal Academy of Arts in London on Sept. 15.",
        "domain": "www.latimes.com"
      }
    ],
    "result": {
      "confidence_score": 8,
      "explanation": "The news caption refers to an installation by Ai Weiwei called \"According to What.\" The news content discusses an incident where a man smashed a Han dynasty urn that was part of an Ai Weiwei installation. The image evidence shows Ai Weiwei at an exhibition at the Royal Academy of Arts in London. The title of the Los Angeles Times article is \"Ai Weiwei criticized by China's ambassador to Britain.\" While the image shows Ai Weiwei and is related to his art, it does not directly show the \"According to What\" installation or the smashed urn. However, it does provide visual support for the existence of Ai Weiwei as a visual artist and his exhibitions. The entities \"Ai Weiwei,\" \"Royal Academy of Arts,\" \"Artist,\" \"Visual Artist,\" and \"China\" are all mentioned in both the news and are visually supported. The image is from a reputable source (latimes.com). The article associated with the image is about Ai Weiwei, making it relevant. Due to lack of direct image of the installation and the event discussed, confidence is not very high.",
      "verdict": true
    }
  },
  "external_check": {
    "text_evidences": [
      {
        "title": "Brutality of oppression: Ai Weiwei speaks on Gaza, China and New York City | Arts and Culture | Al Jazeera",
        "content": "Brutality of oppression: Ai Weiwei speaks on Gaza, China and New ...",
        "caption": "Chinese artist Ai Weiwei holds some seeds from his Unilever Installation, Sunflower Seeds, at The Tate Modern on October 11, 2010, in London [Peter Macdiarmid/Getty Images]",
        "domain": "www.aljazeera.com"
      },
      {
        "title": "Brutality of oppression: Ai Weiwei speaks on Gaza, China and New York City | Arts and Culture | Al Jazeera",
        "content": "Brutality of oppression: Ai Weiwei speaks on Gaza, China and New ...",
        "caption": "Chinese artist Ai Weiwei holds some seeds from his Unilever Installation, Sunflower Seeds, at The Tate Modern on October 11, 2010, in London [Peter Macdiarmid/Getty Images]",
        "domain": "www.aljazeera.com"
      }
    ],
    "result": {
      "verdict": false,
      "alignment_score": 35,
      "confidence_score": 7,
      "explanation": "The news image depicts a scene featuring Ai Weiwei standing in an installation featuring multiple large, weathered tree trunks, which aligns with the theme of engagement with natural and organic materials often found in his work. However, the reference images, especially those showing Ai Weiwei in connection with his famous work 'Sunflower Seeds,' depict a vastly different setting that involves a plethora of small sculptural sunflower seeds spread across the floor of a gallery. This key difference in the art installation represented is a significant divergence from the context suggested by the news caption. \n\nAdditionally, the atmospheric and spatial elements differ notably; the outdoor setting of the news image contrasts with the indoor, gallery-like environments of the reference images. The lighting in the news image appears natural and somewhat muted while the reference images featuring Ai Weiwei and the sunflower seeds utilize artificial lighting typical of gallery spaces, creating a different visual atmosphere. \n\nTemporal consistency is partially maintained as Ai Weiwei is relevantly positioned in both sets, but the significant contextual discrepancies make it problematic to declare that the news image accurately represents the event or context described in the caption. Furthermore, there's no visible indication of digital manipulation in any of the images reviewed. Despite the presence of Ai Weiwei in both images, the key visual elements, especially regarding the installation itself, do not align as needed for a thorough contextual validation.",
      "key_observations": [
        "News image features Ai Weiwei surrounded by large tree trunks as an installation piece, while reference images focus on the sunflower seeds installation; distinct artworks.",
        "Spatial relationships vary significantly; news image is outdoors, while reference images depict indoor environment.",
        "Lighting also differs; news image has natural lighting, reference images have artificial gallery lighting.",
        "No visible signs of digital manipulation in either image."
      ]
    }
  },
  "final_result": {
    "OOC": true,
    "confidence_score": 7,
    "explanation": "The internal check suggests the caption is somewhat related to the image, with a confidence score of 8, because both mention Ai Weiwei and his art. However, it acknowledges the image doesn't directly depict the 'According to What' installation or the specific event discussed in the news content. The external check, with a confidence score of 7 and an alignment score of 35, argues that the image, featuring Ai Weiwei with large tree trunks, is significantly different from reference images of his 'Sunflower Seeds' installation, leading to the conclusion that the news image doesn't accurately represent the context suggested by the caption. Because the external check identifies significant differences in art installations (tree trunks vs. sunflower seeds), spatial relationships (outdoor vs. indoor), and lighting (natural vs. artificial), I'm giving more weight to the external check which says the caption is out of context. There is no definitive evidence to confirm that the picture is of the mentioned installation, so it will be deemed OOC.",
    "validation_summary": "While the internal check finds some relevance due to the presence of Ai Weiwei, the external check identifies significant discrepancies between the image's content (tree trunks installation) and the context implied by the caption ('According to What' installation), deeming it out of context."
  },
  "inference_time": 14.26118516921997
}