{
  "caption": "Bristol City s Ashton Gate has not hosted topflight football since 197980",
  "ground_truth": false,
  "internal_check": {
    "visual_entities": [
      "Ashton Gate Stadium",
      "Bristol City Football Club",
      "Proposed Aberdeen stadium",
      "Arena",
      "Artificial turf",
      "Aberdeen Football Club",
      "Stadium",
      "Arena football",
      "Baseball park",
      "Training ground",
      "Atmosphere",
      "Baseball",
      "City",
      "arena"
    ],
    "image_evidences": [
      {
        "title": "Which is the biggest city in Europe without a top-flight team? | Football | The Guardian",
        "content": "",
        "caption": "Bristol Citys Ashton Gate (currently undergoing redevelopment) has not hosted top-flight football since 1979-80.",
        "domain": "www.theguardian.com"
      }
    ],
    "result": {
      "confidence_score": 10,
      "explanation": "The news caption states that Ashton Gate has not hosted top-flight football since 1979-80. The image evidence shows Ashton Gate stadium and the image caption confirms that Bristol City's Ashton Gate has not hosted top-flight football since 1979-80, which supports the news caption. The domain \"www.theguardian.com\" is also a credible source. The visual entities detected, like Ashton Gate Stadium and Bristol City Football Club, align with the image content and the news caption.",
      "verdict": true
    }
  },
  "external_check": {
    "text_evidences": [
      {
        "title": "Which is the biggest city in Europe without a top-flight team? | Football | The Guardian",
        "content": "Which is the biggest city in Europe without a top-flight team ...",
        "caption": "Bristol Citys Ashton Gate (currently undergoing redevelopment) has not hosted top-flight football since 1979-80.",
        "domain": "www.theguardian.com"
      },
      {
        "title": "Which is the biggest city in Europe without a top-flight team? | Football | The Guardian",
        "content": "4680.jpg?width=1200&height=630 ...",
        "caption": "Bristol Citys Ashton Gate (currently undergoing redevelopment) has not hosted top-flight football since 1979-80.",
        "domain": "www.theguardian.com"
      },
      {
        "title": "Which is the biggest city in Europe without a top-flight team? | Football | The Guardian",
        "content": "Which is the biggest city in Europe without a top-flight team ...",
        "caption": "Bristol Citys Ashton Gate (currently undergoing redevelopment) has not hosted top-flight football since 1979-80.",
        "domain": "www.theguardian.com"
      }
    ],
    "result": {
      "verdict": true,
      "alignment_score": 95,
      "confidence_score": 9,
      "explanation": "The news image depicts Ashton Gate stadium, reflecting the referenced context of not hosting top-flight football since the 1979-80 season. The comparison with reference images reveals strong visual consistency in the stadium's structure, seating, and overall appearance. Specifically, the alignment of seating, the grass field, and the construction ongoing in the background are consistent across all images. Additionally, the lighting conditions and angles of the images are similar, reinforcing the presence of the stadium in its current state of development. The use of different angles in the reference images provides a broader understanding of the stadium's configuration, yet they maintain the same underlying scene, focusing on the field and seating area. Objects such as the seats and field markings consistently align across the images, reinforcing the authenticity of the news image in the context described. The slight variations in touches such as camera angles do not detract from the overall context that is shared across the photos, which collectively affirm the historical significance of Ashton Gate in relation to its absence from top-flight football. Therefore, despite minor visual differences, the news image accurately reflects the context contained in the caption.",
      "key_observations": "- News image aligns closely with reference images in terms of stadium layout and elements.\n- The ongoing construction is visible in both the news image and reference images, indicating the stadium's current state.\n- Color and composition of the seating sections are consistent across all images.\n- Similar lighting conditions suggest images were taken around the same time, ensuring temporal consistency.\n- No signs of digital manipulation identifiable in any image."
    }
  },
  "final_result": {
    "OOC": false,
    "confidence_score": 9,
    "explanation": "Both internal and external checks indicate that the news caption accurately represents the image. The internal check, with a confidence score of 10, confirms that the image of Ashton Gate stadium aligns with the caption stating that the stadium has not hosted top-flight football since 1979-80. The external check, with a confidence score of 9 and an alignment score of 95, supports this by demonstrating visual consistency between the news image and reference images of the stadium. Given the agreement between the checks and the high alignment score, the caption is deemed not out of context.",
    "validation_summary": "Both internal and external checks confirm that the news caption accurately represents the image of Ashton Gate stadium. The stadium's appearance and historical context align with the caption's statement about its last top-flight football hosting in 1979-80."
  },
  "inference_time": 10.880653619766235
}