{
  "caption": "General Sir Nicholas Houghton talks to Andrew Marr",
  "ground_truth": false,
  "internal_check": {
    "visual_entities": [
      "Nick Houghton",
      "Staff",
      "HMNB Clyde",
      "Army officer",
      "Chief of the Defence Staff of the United Kingdom",
      "Chief of staff",
      "Nuclear submarine",
      "Deterrence theory",
      "Submarine",
      "Non-commissioned officer",
      "Chief of the Army Staff",
      "Military advisor",
      "staff"
    ],
    "image_evidences": [
      {
        "title": "Britains global role at stake as security review takes shape | Defence policy | The Guardian",
        "content": "",
        "caption": "The Red Arrows fly past. The Queen names the largest warship built in the UK at a ceremony in Fifes Rosyth dockyard.",
        "domain": "www.theguardian.com"
      }
    ],
    "result": {
      "confidence_score": 2,
      "explanation": "The news caption mentions General Sir Nicholas Houghton and Andrew Marr. The news content discusses Houghton's comments on Jeremy Corbyn's stance on Trident. The image evidence shows the Red Arrows flying past and the Queen naming a warship.  The image does not visually support any entities mentioned in the news text like Nicholas Houghton, Andrew Marr, or Trident. The image depicts a military display and a ship-naming ceremony, which are related to defense but not directly to the individuals or specific event discussed in the news. The domain \"www.theguardian.com\" is a credible news source. However, the image context in the news text is not related to the image content.",
      "verdict": false
    }
  },
  "external_check": {
    "text_evidences": [
      {
        "title": "Michael Fallon backs forces chief's remarks on Corbyn nuclear stance | Military | The Guardian",
        "content": "Michael Fallon backs forces chief's remarks on Corbyn nuclear ...",
        "caption": "General Sir Nicholas Houghton (right) talks to Andrew Marr.",
        "domain": "www.theguardian.com"
      },
      {
        "title": "Jeremy Corbyn accuses head of UK military of 'breaching' constitutional principle of neutrality on Trident | The Independent | The Independent",
        "content": "Jeremy Corbyn accuses head of UK military of 'breaching ...",
        "caption": "The Chief of the Defence Staff, General Sir Nicholas Houghton, appearing on The Andrew Marr Show (BBC)",
        "domain": "www.independent.co.uk"
      }
    ],
    "result": {
      "verdict": true,
      "alignment_score": 90,
      "confidence_score": 8,
      "explanation": "The news image and reference images show a consistent scene where General Sir Nicholas Houghton is conversing with Andrew Marr. Key visual elements such as positioning, attire, and setting align well across the images. Sir Houghton is depicted in military attire with medals, and Andrew Marr is in formal clothing, suggesting a professional interview context. The background elements, including the iconic London scenery, are also similar across all images, reinforcing the visual consistency. Temporal indicators such as lighting and composition show that they were likely captured during the same broadcast, suggesting the event occurred at the same time. However, there are slight variations in framing and angles, which do not significantly impact the overall context of the event being reported. These differences may arise from different camera placements but do not detract from the accuracy of the representation. Therefore, while minor discrepancies exist, the overall depiction remains true to the event described in the caption.",
      "key_observations": [
        "Main subjects (General Sir Nicholas Houghton and Andrew Marr) are consistent across all images.",
        "Attire matches across images: Houghton in military uniform and Marr in formal suit.",
        "Background elements, including the river and cityscape, are similar, confirming the location of the interview.",
        "Lighting and overall composition reflect a professional broadcast setting, likely at the same time and place.",
        "Minor variations in angles and framing are present but do not impact the core context; overall, it remains accurate."
      ]
    }
  },
  "final_result": {
    "OOC": false,
    "confidence_score": 9,
    "explanation": "The internal check indicates a mismatch between the news caption and the image content, with a low confidence score (2) due to the image showing unrelated military events. However, the external check provides a high confidence score (8) and alignment score (90), confirming that the image accurately depicts General Sir Nicholas Houghton talking to Andrew Marr, as stated in the caption. Given the high confidence and alignment of the external check, it overrides the internal check's concerns about unrelated image content, concluding that the caption accurately represents the image. Therefore, the caption is not out of context.",
    "validation_summary": "The external check confirms the caption's accuracy with high confidence, overriding the internal check's initial mismatch assessment."
  },
  "inference_time": 11.05844521522522
}