{
  "caption": "Britain s Andy Murray returns against France s Jeremy Chardy",
  "ground_truth": false,
  "internal_check": {
    "visual_entities": [
      "Bank",
      "TEB",
      "Tennis",
      "Turk Ekonomi Bankasi",
      "Mitrovica",
      "Leisure",
      "Racket",
      "Pallone",
      "Kosovo",
      "player"
    ],
    "image_evidences": [],
    "result": {
      "confidence_score": 7,
      "explanation": "The caption mentions \"Andy Murray\" and \"Jeremy Chardy\" playing tennis. The detected visual entities include \"Tennis\", \"player\", and \"Racket\", which align with the caption's context of a tennis match. While the entities don't explicitly identify Murray or Chardy, the presence of tennis-related objects and a player supports the caption's claim. However, without explicit identification of the players, a perfect match cannot be guaranteed. Other detected entities like \"Bank\", \"TEB\", \"Turk Ekonomi Bankasi\", \"Mitrovica\", \"Leisure\", \"Pallone\", \"Kosovo\" appear irrelevant to the caption and news content and may be due to inaccurate object detection, but they don't directly contradict the primary information about a tennis match.",
      "verdict": true
    }
  },
  "external_check": {
    "text_evidences": [
      {
        "title": "Andy Murray ruthlessly dismisses Jeremy Chardy to reach Australian Open semi-finals | The Independent | The Independent",
        "content": "Andy Murray ruthlessly dismisses Jeremy Chardy to reach Australian ...",
        "caption": "Andy Murray plays a return during his men's singles match against France's Jeremy Chardy",
        "domain": "www.independent.co.uk"
      },
      {
        "title": "Andy Murray embraces hard court and triumphs over Jrmy Chardy | Andy Murray | The Guardian",
        "content": "Andy Murray embraces hard court and triumphs over Jrmy Chardy ...",
        "caption": "Andy Murray hits a return to Jeremy Chardy during his 6-4, 6-2 win. Photograph: Christine Muschi/REUTERS",
        "domain": "www.theguardian.com"
      }
    ],
    "result": {
      "verdict": true,
      "alignment_score": 85,
      "confidence_score": 8,
      "explanation": "The analysis focuses on the visual elements present in the news image of Andy Murray returning a ball, comparing them with reference images based on the caption 'Britain's Andy Murray returns against France's Jeremy Chardy.' The primary subject, Andy Murray, is evident in all images, confirming he is the focus of the event described. In the news image, Murray is depicted in action, returning a tennis ball, which aligns with the event implied in the caption. \n\nKey visual characteristics such as attire and positioning help establish temporal and contextual consistency—Murray's clothing in the news image features a gray shirt with a black wristband, which aligns with a competitive tennis match setting, evident in the other reference images.\n\nHowever, lighting and backgrounds differ somewhat across images, particularly when comparing the varied backdrops seen in the reference images. The news image features a distinctive green background, likely an advertisement typical for a tennis match, whereas other images illustrate him in different locales with assorted lighting conditions. While these discrepancies do exist, they do not significantly detract from the context surrounding the tennis match.\n\nOverall, despite some variations in visual aspects such as background and lighting, the representation of the event retains contextual integrity and accurately depicts Andy Murray in a competitive tennis context. Based on this analysis, despite visual differences, the news image is not misleading and correctly represents the action described in the news caption.",
      "key_observations": "- Main subject is Andy Murray, consistent across all images.\n- News image shows Murray actively returning a ball, matching the event's nature.\n- Different backgrounds and lighting in reference images; however, the tennis match context remains clear.\n- Clothing consistency indicates proper match attire.\n- No signs of digital manipulation were observed."
    }
  },
  "final_result": {
    "OOC": true,
    "confidence_score": 8,
    "explanation": "The internal check reports a confidence score of 7, stating that while the detected visual entities align with a tennis match, explicit identification of Andy Murray and Jeremy Chardy is missing. Irrelevant entities are noted but don't directly contradict the tennis context. The external check, with a confidence score of 8 and alignment score of 85, confirms the presence of Andy Murray in the image and that he is actively returning a ball, which aligns with a tennis match. However, the news content focuses entirely on Maria Sharapova's loss in the French Open, with no mention of Andy Murray or Jeremy Chardy. This stark disconnect between the caption (Andy Murray and Jeremy Chardy), the image (featuring Andy Murray in a tennis match), and the news content (Maria Sharapova's match) indicates that the caption is out of context with the provided news content. While both the internal and external checks validate that a tennis match involving Andy Murray is depicted, the news article is about a different tennis player altogether. Therefore, the caption does not accurately reflect the provided news article.",
    "validation_summary": "Both internal and external checks confirm the image depicts Andy Murray in a tennis match. However, the news content is about Maria Sharapova, making the caption out of context."
  },
  "inference_time": 12.34160327911377
}