{
  "caption": "Shadow proclamation climate received only passing mention when Hillary Clinton and company met in Busan to discuss aid effectiveness",
  "ground_truth": false,
  "internal_check": {
    "visual_entities": [
      "2011 United Nations Climate Change Conference",
      "United Nations Climate Change conference",
      "2011",
      "Climate change",
      "Aqua",
      "Cobalt Blue / M",
      "Cobalt Blue / M",
      "Wallpaper",
      "Google Play",
      "Natural environment",
      "Computer",
      "Mobile app",
      "Microsoft Azure",
      "The Guardian",
      "Reading",
      "underwater"
    ],
    "image_evidences": [],
    "result": {
      "confidence_score": 2,
      "explanation": "The news caption mentions 'Hillary Clinton and company met in Busan to discuss aid effectiveness' and 'Shadow proclamation climate received only passing mention'. The detected visual entities include terms like 'Climate change', '2011 United Nations Climate Change Conference', and 'United Nations Climate Change conference'. However, there is no direct visual evidence (e.g., images of Hillary Clinton, Busan, or aid effectiveness discussions) to support the caption. The detected entities are only tangentially related to the caption's core claims. Therefore, the caption does not align well with the detected visual entities.",
      "verdict": false
    }
  },
  "external_check": {
    "text_evidences": [
      {
        "title": "After a deluge of conferences, shouldn't we all get under the same umbrella? | Global development | The Guardian",
        "content": "After a deluge of conferences, shouldn't we all get under the same ...",
        "caption": "Shadow proclamation  climate received only passing mention when Hillary Clinton and company met in Busan to discuss aid effectiveness. Photograph: Saul Loeb/AP",
        "domain": "www.theguardian.com"
      }
    ],
    "result": {
      "verdict": false,
      "alignment_score": 30,
      "confidence_score": 6,
      "explanation": "The news image presents a blue-toned silhouette against a similarly colored background, which does not clearly align with the context provided in the caption. The caption references a climate discussion involving Hillary Clinton, but the visual elements in the news image do not depict recognizable subjects, actions, or settings directly relevant to such a meeting. The absence of identifiable elements that correspond to a formal meeting, such as people, backgrounds that suggest a conference room or event, and visual indicators of a climate aid discussion reduces the contextual relevance. The shadow-like figure's hands up may suggest dialogue or presentation, but it is unclear in context. Additionally, there is no visible indication of the location (Busan) or other elements that would typically accompany such discussions. Therefore, the news image does not adequately represent the event described in the caption, leading to its classification as potentially misleading despite its intrinsic visual qualities.",
      "key_observations": [
        "The news image features a blue background and a silhouette, lacking identifiable details about the meeting context.",
        "No references to recognizable persons, settings, or actions related to climate discussions or aid effectiveness is visible.",
        "Visual elements do not connect with the essence of the events described in the caption, making it appear disconnected from the news.",
        "Lighting is consistent within the image but does not match the likely environment of a formal meeting.",
        "Overall, the abstract nature of the image contributes to its failure to represent the specified event context."
      ]
    }
  },
  "final_result": {
    "OOC": true,
    "confidence_score": 7,
    "explanation": "The internal check indicates a mismatch between the caption's claims (Hillary Clinton meeting, Busan, aid effectiveness) and the detected visual entities, leading to a negative verdict (confidence score: 2). The external check, which carries a higher confidence score (6), reinforces this conclusion. It notes the absence of recognizable subjects, actions, or settings relevant to the caption's description of a climate discussion involving Hillary Clinton in the news image. Given that both checks suggest the image doesn't represent the caption's claims and the external check has a higher confidence, the caption is considered out of context. The alignment score of 30 further supports this.",
    "validation_summary": "Both internal and external checks indicate that the news image does not accurately represent the events described in the caption, leading to the conclusion that the caption is out of context with the image. External check has higher confidence."
  },
  "inference_time": 8.68102216720581
}