{
  "caption": "France represented by Francois Hollande has been a strong advocate of recognising the killings as genocide",
  "ground_truth": false,
  "internal_check": {
    "visual_entities": [
      "Armenian genocide",
      "Ottoman Empire",
      "Armenians",
      "Armenia",
      "Genocide",
      "Army officer",
      "Hamidian massacres",
      "Military rank",
      "Young Turks",
      "Massacre",
      "Committee of Union and Progress",
      "Non-commissioned officer",
      "military uniform"
    ],
    "image_evidences": [],
    "result": {
      "confidence_score": 8,
      "explanation": "The news caption states that \"France represented by Francois Hollande has been a strong advocate of recognising the killings as genocide\". The news content supports this statement by mentioning \"France has been a strong advocate of recognising the killings as genocide and President Hollande has pushed for a law to punish genocide denial.\" Also the detected visual entities contain \"Armenian genocide\", \"Genocide\" which support the news caption and news content.",
      "verdict": true
    }
  },
  "external_check": {
    "text_evidences": [
      {
        "title": "Armenia marks centenary of mass killings by Ottoman Turks - BBC News",
        "content": "Armenia marks centenary of mass killings by Ottoman Turks - BBC News",
        "caption": "",
        "domain": "www.bbc.com"
      }
    ],
    "result": {
      "verdict": false,
      "alignment_score": 30,
      "confidence_score": 5,
      "explanation": "The news image depicts former French President Francois Hollande alongside a soldier, likely during a commemoration event. This image is visually distinct and captures a moment of military or official significance. In contrast, the reference images retrieved based on the caption depict stark and haunting scenes of historical atrocities, most notably, victims of the Armenian Genocide. Therefore, while Hollande is noted for advocating the recognition of these killings as genocide, the news image does not represent this context visually. The alignment between the events visually represented in the reference images and the subject matter described in the caption is weak, as the historical context and serious tone of the reference images contrast sharply with the more formalized context of the news image. There are no clear temporal indicators such as dates or uniform styles in the news image that suggest a direct connection to the events depicted in the reference images.",
      "key_observations": [
        "The news image features Francois Hollande and a soldier, indicative of political or military proceedings.",
        "Reference images depict victims of the Armenian Genocide, a significantly different context focused on humanitarian issues.",
        "The colors and feelings evoked by the news image are formal and presentational, while the reference images are somber and historical, emphasizing human tragedy.",
        "No direct visual connections or thematic links between the news image and reference images, leading to a low alignment score."
      ]
    }
  },
  "final_result": {
    "OOC": true,
    "confidence_score": 7,
    "explanation": "The internal check suggests the caption accurately reflects the news content (confidence score: 8), indicating that France, represented by Francois Hollande, has advocated for recognizing the Armenian genocide. However, the external check (confidence score: 5, alignment score: 30) indicates a mismatch between the news image (Hollande with a soldier) and reference images of the Armenian Genocide. Given the low alignment score and the visual disparity highlighted in the external check, the image does not directly depict or represent the caption's claim about France's advocacy. Thus, prioritizing the visual evidence and alignment, the caption is out of context. The similar confidence scores suggest that the differing verdicts rely on subjective assessment; however, the external check focuses directly on the relationship between image and caption, thus it takes precedence.",
    "validation_summary": "Internal check says caption aligns with news content; external check reveals image mismatch (Hollande with soldier vs. Armenian Genocide imagery). Low alignment score leads to conclusion that the image is out of context."
  },
  "inference_time": 8.337520122528076
}