{
  "caption": "Madison Keys reacts during her bronze medal match against Petra Kvitova",
  "ground_truth": true,
  "internal_check": {
    "visual_entities": [
      "Australian Open",
      "Tennis",
      "Sports venue",
      "NFL",
      "Motorsport",
      "Indoor sport",
      "Winter sports",
      "Rallying",
      "Handball",
      "Kicker",
      "Serena Williams",
      "Sloane Stephens",
      "sport venue"
    ],
    "image_evidences": [],
    "result": {
      "confidence_score": 2,
      "explanation": "The news caption mentions 'Madison Keys reacts during her bronze medal match against Petra Kvitova'. The detected visual entities include generic sports like 'Tennis', 'Sports venue', 'Indoor sport' and names like 'Serena Williams', 'Sloane Stephens'. However, it lacks specific entities like 'Madison Keys', 'Petra Kvitova', or elements directly indicating a 'bronze medal match'. There are many inconsistencies because the visual entities do not specifically support the details provided in the news caption. Therefore, the caption's representation is considered inaccurate based on the available visual entities.",
      "verdict": false
    }
  },
  "external_check": {
    "text_evidences": [
      {
        "title": "Petra Kvitova unable to play tennis for at least six months | CNN",
        "content": "Petra Kvitova unable to play tennis for at least six months | CNN",
        "caption": "CARL COURT/AFP/Getty Images/file",
        "domain": "www.cnn.com"
      }
    ],
    "result": {
      "verdict": false,
      "alignment_score": 35,
      "confidence_score": 6,
      "explanation": "The news image features a scene with a player receiving help from a coach on the court, which does not align visually or contextually with the reference images. The reference images depict Petra Kvitova celebrating or reacting during a match, showcasing her emotions and athletic performance, which would correspond to the expected action during a bronze medal match. In contrast, the news image shows a different player and a coaching moment that possibly does not represent the medal contention context described by the caption. There are no clear indicators that this image is from the same event or captures the significance of a bronze medal match.",
      "key_observations": "- The news image shows a different player, likely Madison Keys, being assisted, while the reference images center on Petra Kvitova celebrating.\n- No visible signs of the bronze medal match setting; the environment and player reactions do not match the competitive atmosphere expected from the caption.\n- Lighting conditions appear consistent in terms of brightness, but the overall context remains misleading."
    }
  },
  "final_result": {
    "OOC": true,
    "confidence_score": 7,
    "explanation": "Both the internal and external checks indicate that the news caption is out of context with the provided image. The internal check, with a confidence score of 2, identifies inconsistencies between the caption's specific references to 'Madison Keys' and 'Petra Kvitova' in a 'bronze medal match' and the detected visual entities, which lack these specific details. The external check, having a higher confidence score of 6 and an alignment score of 35, further supports this by noting that the image features a player (likely Madison Keys) receiving coaching assistance, which does not align visually or contextually with reference images depicting Petra Kvitova celebrating a bronze medal match. Given the alignment score is low and that both checks point to a mismatch, the caption is determined to be out of context. The confidence score is moderate because the internal check has a low confidence score.",
    "validation_summary": "Both internal and external checks suggest the caption is out of context due to mismatches between the caption's details and the image's content. The external check has a relatively higher confidence score."
  },
  "inference_time": 9.65960431098938
}