{
  "caption": "Beetlecat boasts a large raw bar roasted fish and a signature lobster roll with mayo and butter",
  "ground_truth": false,
  "internal_check": {
    "visual_entities": [
      "Full breakfast",
      "Breakfast",
      "Brunch",
      "American cuisine",
      "Finger food",
      "Meal",
      "Hors d'oeuvre",
      "Slider",
      "appetizer"
    ],
    "image_evidences": [],
    "result": {
      "confidence_score": 3,
      "explanation": "The detected visual entities include 'Full breakfast', 'Breakfast', 'Brunch', 'American cuisine', 'Finger food', 'Meal', \"Hors d'oeuvre\", 'Slider', 'appetizer'. These entities do not strongly align with the caption which describes a 'raw bar roasted fish' and 'signature lobster roll'. Although 'American cuisine' and 'meal' are somewhat related, the specific seafood items are not represented in the detected entities. Therefore, the caption does not accurately represent the detected visual content. The confidence is low due to the general nature of some of the detected entities.",
      "verdict": false
    }
  },
  "external_check": {
    "text_evidences": [
      {
        "title": "Seafood shacks from coast to coast",
        "content": "Seafood shacks from coast to coast",
        "caption": "At Lukes, lobsters can be plucked from live tanks. A menu of steamed clams, fried fish and local Maine beer or cocktails made with Maine-distilled spirits is also available.",
        "domain": "www.usatoday.com"
      },
      {
        "title": "Seafood shacks from coast to coast",
        "content": "Seafood shacks from coast to coast",
        "caption": "At Lukes, lobsters can be plucked from live tanks. A menu of steamed clams, fried fish and local Maine beer or cocktails made with Maine-distilled spirits is also available.",
        "domain": "www.usatoday.com"
      }
    ],
    "result": {
      "verdict": false,
      "alignment_score": 45,
      "confidence_score": 8,
      "explanation": "The news image features a lobster roll, which aligns with the core element described in the caption. However, the reference images display a more extensive seafood spread, including a whole lobster and other seafood items, not seen in the news image. These elements provide a broader context reflective of the restaurant's offerings described in the caption. While the lobster roll visually matches the caption's description, the lack of additional elements such as the 'large raw bar' or 'roasted fish' present in reference images creates a significant contextual gap. The lighting and composition in the news image also differ, implying a possibly different setting or occasion. No apparent signs of manipulation are detected in the news image, but it lacks the broader contextual alignment with the caption's implication of variety and extensive options.",
      "key_observations": "- News image features a lobster roll consistent with part of the caption.\n- Reference images show a diverse seafood selection, including a whole lobster.\n- The news image lacks 'large raw bar' and 'roasted fish' elements.\n- Lighting differences suggest different environments or occasions.\n- No signs of image manipulation detected.\n- Contextual misalignment due to missing broader elements seen in reference images."
    }
  },
  "final_result": {
    "OOC": true,
    "confidence_score": 7,
    "explanation": "The internal check, with a confidence score of 3, indicates a mismatch between the detected visual entities (breakfast items) and the caption's description of seafood, particularly a 'raw bar', 'roasted fish', and 'signature lobster roll'. The external check, with a higher confidence score of 8, notes that while the image features a lobster roll (partially aligning with the caption), it lacks the broader seafood context implied by 'large raw bar' and 'roasted fish'. The alignment score is 45, which suggests a moderate degree of mismatch. Given the higher confidence of the external check and the specific misalignment regarding key elements described in the caption (raw bar, roasted fish), the caption is considered out of context. Both checks point to a disconnect, even if the internal check has lower confidence.",
    "validation_summary": "Both internal and external checks suggest the caption is out of context. The internal check found a mismatch between detected visual entities and the caption's description of seafood. The external check, with higher confidence, noted that the image only partially aligns with the caption, lacking key elements like a raw bar and roasted fish."
  },
  "inference_time": 13.062039852142334
}