{
  "caption": "Gavin And Stacey up 800000 on last week",
  "ground_truth": true,
  "internal_check": {
    "visual_entities": [
      "Jimmy Mulville",
      "Ballot Monkeys",
      "Yes Minister",
      "Drop the Dead Donkey",
      "Channel 4",
      "Power Monkeys",
      "Hat Trick Productions",
      "Television",
      "Satire",
      "Television comedy",
      "Sitcom",
      "Friday Night Dinner",
      "suit"
    ],
    "image_evidences": [],
    "result": {
      "confidence_score": 1,
      "explanation": "The news caption mentions \"Gavin And Stacey\", which is a television show. The detected visual entities include general terms like 'Television', 'Television comedy', and 'Sitcom'. However, there is no specific mention of Gavin and Stacey, or any of its characters, in the visual entities detected. Therefore, based on the available information, I cannot confirm a direct relationship between the caption and the detected entities. The confidence score is low due to the general nature of the detected entities and the lack of direct evidence.",
      "verdict": false
    }
  },
  "external_check": {
    "text_evidences": [
      {
        "title": "TV ratings: Gavin & Stacey pulls in tidy 6m | TV ratings | The Guardian",
        "content": "TV ratings: Gavin & Stacey pulls in tidy 6m | TV ratings | The ...",
        "caption": "Gavin And Stacey: up 800.000 on last week. Photograph: Baby Cow",
        "domain": "www.theguardian.com"
      },
      {
        "title": "TV ratings: Gavin & Stacey pulls in tidy 6m | TV ratings | The Guardian",
        "content": "TV ratings: Gavin & Stacey pulls in tidy 6m | TV ratings | The ...",
        "caption": "Gavin And Stacey: up 800.000 on last week. Photograph: Baby Cow",
        "domain": "www.theguardian.com"
      },
      {
        "title": "TV ratings: Gavin & Stacey pulls in tidy 6m | TV ratings | The Guardian",
        "content": "TV ratings: Gavin & Stacey pulls in tidy 6m | TV ratings | The ...",
        "caption": "Gavin And Stacey: up 800.000 on last week. Photograph: Baby Cow",
        "domain": "www.theguardian.com"
      }
    ],
    "result": {
      "verdict": false,
      "alignment_score": 25,
      "confidence_score": 6,
      "explanation": "The news image depicts a group of characters dressed in formal attire, with elements such as rosettes indicating a formal political or competitive event. The reference images retrieved from the caption 'Gavin And Stacey up 800000 on last week' primarily showcase scenes from the sitcom 'Gavin and Stacey', featuring informal, celebratory settings with characters engaged in lively interactions. The first reference image features James Corden and other characters in a domestic environment, indicative of casual social interactions rather than a formal context. The lighting and backdrop differ significantly, with the news image presenting a stark, professionally lit setup compared to the cozy, homey atmosphere of the reference images. There is also a notable difference in the attire; while the news image features formal outfits, the characters in the reference images are casually dressed. There are no elements linking the news image to events or sentiments typically associated with 'Gavin and Stacey', resulting in a lack of contextual alignment. Moreover, no temporal discrepancies were detected due to the absence of indicative timestamps; thus, the entire alignment seems inconsistent both visually and contextually.",
      "key_observations": [
        "News image features characters in formal outfits and a professional setting.",
        "Reference images show casual, celebratory interactions among the main characters of 'Gavin and Stacey'.",
        "Significant differences in lighting and backdrop between the news image and reference images.",
        "Attire in news image (formal) contrasts sharply with the casual wear in reference images.",
        "No clear elements linking the news image to the essence of 'Gavin and Stacey', leading to a conclusion of misrepresentation."
      ]
    }
  },
  "final_result": {
    "OOC": true,
    "confidence_score": 7,
    "explanation": "Both internal and external checks suggest the caption is out of context. The internal check, with a confidence score of 1, found no direct link between the caption's reference to 'Gavin And Stacey' and the detected visual entities. The external check, with a higher confidence score of 6 and an alignment score of 25, further supports this, highlighting the stark contrast between the formal setting and attire in the news image and the casual, celebratory nature of reference images from the sitcom 'Gavin and Stacey.' The external check notes no clear elements linking the news image to the essence of 'Gavin and Stacey', further leading to the conclusion of misrepresentation. Given the agreement, despite the differing confidence scores, and the low alignment score, the caption appears to be out of context.",
    "validation_summary": "Both internal and external checks indicate the caption is out of context, citing a mismatch between the formal image and the sitcom 'Gavin And Stacey', despite the internal check having low confidence."
  },
  "inference_time": 10.85800290107727
}