{
  "caption": "People s choice Chris Evans and Anna Finkel in It Needs Horses",
  "ground_truth": true,
  "internal_check": {
    "visual_entities": [
      "CarFest North",
      "Top Gear",
      "CarFest South",
      "Chris Evans",
      "Festival",
      "2017 CarFest",
      "2014 New Orleans Jazz & Heritage Festival",
      "August",
      "2018 CarFest",
      "Magazine",
      "2021",
      "2017",
      "CarFest",
      "tourism"
    ],
    "image_evidences": [
      {
        "title": "Top Gear magazine enjoys sales turbo boost after Chris Evans joins show | Chris Evans | The Guardian",
        "content": "",
        "caption": "Chris Evans and family at CarFest North 2015 earlier this month.",
        "domain": "www.theguardian.com"
      }
    ],
    "result": {
      "confidence_score": 2,
      "explanation": "The news caption mentions 'People's choice Chris Evans and Anna Finkel in It Needs Horses'. The provided image evidence includes Chris Evans at 'CarFest North 2015'. However, the image does not feature Anna Finkel or the performance 'It Needs Horses.' The visual entities detected include Chris Evans and CarFest, which partially align with the image. However, the absence of Anna Finkel and any visual representation of 'It Needs Horses' makes it difficult to verify the caption fully. The connection between the image and the news content is weak, leading to a low confidence score.",
      "verdict": false
    }
  },
  "external_check": {
    "text_evidences": [],
    "result": null
  },
  "final_result": {
    "OOC": true,
    "confidence_score": 7,
    "explanation": "The internal check indicates that the caption is likely out of context because the image features Chris Evans at 'CarFest North 2015' but does not include Anna Finkel or any visual representation of 'It Needs Horses'. The absence of these elements in the image, as stated in the internal check result, suggests a mismatch with the caption. Although the news content mentions 'It Needs Horses', it does not validate the image's accuracy concerning the caption. Since there is no external check result, the decision relies solely on the internal check. The caption mentions Chris Evans, Anna Finkel, and 'It Needs Horses', but the image only contains Chris Evans at an event unrelated to Anna Finkel and the performance. Therefore, the caption does not accurately represent the image.",
    "validation_summary": "The internal check suggests the caption is out of context as the image lacks key elements mentioned in the caption (Anna Finkel and 'It Needs Horses'). No external check is available."
  },
  "inference_time": 4.221255540847778
}