{
  "caption": "A California Highway Patrol officer and a passerby assist a stranded motorist in the flooded 14th Street underpass in Riverside Calif following a brief downpour on July 19",
  "ground_truth": false,
  "internal_check": {
    "visual_entities": [
      "Flood",
      "Rain",
      "Flash flood",
      "2021",
      "Storm",
      "Image",
      "Drought",
      "2020",
      "Internet meme",
      "Idea",
      "Humour",
      "Meme",
      "May",
      "rain"
    ],
    "image_evidences": [],
    "result": {
      "confidence_score": 7,
      "explanation": "The caption mentions a flooded underpass and assistance to a stranded motorist following a downpour. The detected visual entities include 'Flood', 'Rain', and 'Flash flood', which are consistent with the caption's description of flooding due to rain. However, the detected entities do not explicitly identify 'CHP officer', 'passerby', or 'stranded motorist'. Therefore, based solely on the detected entities, we can confirm the presence of rain and flooding, supporting part of the caption, but not the presence of people offering assistance. Due to the partial match, the verdict is somewhat aligned.",
      "verdict": true
    }
  },
  "external_check": {
    "text_evidences": [],
    "result": null
  },
  "final_result": {
    "OOC": false,
    "confidence_score": 7,
    "explanation": "The internal check, with a confidence score of 7, indicates the caption is somewhat aligned with the image content. It confirms the presence of rain and flooding as described in the caption but cannot verify the presence of a CHP officer, passerby, or stranded motorist. There is no external check available to compare against. Therefore, based on the available evidence, the caption is not entirely out of context because the core elements of flooding and rain are supported.",
    "validation_summary": "Internal check partially supports the caption, confirming rain and flooding. No external check available."
  },
  "inference_time": 3.8202731609344482
}