{
  "caption": "David Cameron and Vince Cable talk to apprentices during a visit to Ford in Dagenham Essex",
  "ground_truth": false,
  "internal_check": {
    "visual_entities": [
      "Business",
      "United Kingdom",
      "Public Relations",
      "The Unelected Bureaucrat",
      "The Unelected Bureaucrat",
      "Businessperson",
      "Politics",
      "The Guardian.com",
      "Business administration",
      "Newsletter",
      "Politics of the United Kingdom",
      "business executive"
    ],
    "image_evidences": [],
    "result": {
      "confidence_score": 7,
      "explanation": "The news caption mentions David Cameron and Vince Cable visiting Ford in Dagenham, Essex, and talking to apprentices. The detected visual entities include \"Businessperson\", \"Politics\", and \"Business\", which align with the context of a visit by political figures to a business location like Ford. The mention of \"United Kingdom\" and \"Politics of the United Kingdom\" also supports the location and context. While the specific activity of talking to apprentices isn't directly confirmed by the visual entities, the general context aligns, and there are no direct contradictions. Therefore, the caption seems reasonably accurate based on the detected entities.",
      "verdict": true
    }
  },
  "external_check": {
    "text_evidences": [],
    "result": null
  },
  "final_result": {
    "OOC": false,
    "confidence_score": 7,
    "explanation": "The internal check, with a confidence score of 7, indicates that the news caption accurately represents the image content. It confirms the presence of David Cameron and Vince Cable visiting Ford in Dagenham, Essex, and interacting with apprentices, aligning with the detected visual entities such as 'Businessperson,' 'Politics,' and 'Business.' There's no external check provided. Based solely on the available internal check, the caption is not considered out of context.",
    "validation_summary": "The internal check confirms the caption's accuracy; no external check available."
  },
  "inference_time": 4.15624213218689
}