{
  "caption": "Supporters of the Concerned Students 1950 group chant during a march through the University of Missouri campus on Nov 13 Activism has soared on the campus",
  "ground_truth": true,
  "internal_check": {
    "visual_entities": [
      "University of California, Berkeley",
      "Poster",
      "Free Speech Movement",
      "1940",
      "Fine Art America",
      "Image",
      "Photograph",
      "Art Print",
      "Art",
      "Painting",
      "The Daily Californian",
      "Posters & Prints",
      "Black and white",
      "Berkeley",
      "uc berkeley 1940"
    ],
    "image_evidences": [
      {
        "title": "Berkeley: a history of disobedience - in pictures | US news | The Guardian",
        "content": "",
        "caption": "19 April 1940: Peace strike at Berkeley. This student selling pacifist newspapers is an officer in the ROTC (Reserve Officers Training Corps). The button reads The Yanks are not coming ",
        "domain": "www.theguardian.com"
      }
    ],
    "result": {
      "confidence_score": 2,
      "explanation": "The news caption discusses a march by 'Concerned Students 1950' at the University of Missouri in November. The image evidence depicts a 'Peace strike at Berkeley' in 1940. There is a mismatch in location (Missouri vs. Berkeley), time (2015 vs. 1940), and the event itself (racial activism vs. peace strike). Therefore, the image does not support the news caption.",
      "verdict": false
    }
  },
  "external_check": {
    "text_evidences": [
      {
        "title": "In pictures: A lookback at student protest movements in the US | CNN",
        "content": "In pictures: A lookback at student protest movements in the US | CNN",
        "caption": "Larry C. Morris/The New York Times via Redux",
        "domain": "www.cnn.com"
      },
      {
        "title": "The American Home Front and World War II (U.S. National Park Service)",
        "content": "The American Home Front and World War II (U.S. National Park Service)",
        "caption": "Let em come.. V Homes are Ready! Make Yours a V Home Now! Billboard sign, Office of War Information, ca. 1942-1945.",
        "domain": "www.nps.gov"
      }
    ],
    "result": {
      "verdict": false,
      "alignment_score": 20,
      "confidence_score": 2,
      "explanation": "The news image claimed to depict supporters of the Concerned Students 1950 group during a march through the University of Missouri campus. However, the analyzed news image shows a young man holding a newspaper titled 'STUDENTS STRIKE', which likely pertains to a different event or context, possibly from a previous era, based on the black-and-white style and overall composition. The reference images primarily depict protests and confrontations related to student activism in older settings, but they do not demonstrate the same temporal or spatial context established by the news caption describing a contemporary march at the University of Missouri in November 2013.\n\n1. **Visual Elements Mismatch**: There are no discernible elements from the news caption in the news image, as it does not depict any signs of activism or a crowd associated with Concerned Students 1950, which is actively protesting. The reference images are all related but depict different protests or contexts entirely, reinforcing the idea that they do not belong in the same narrative.\n\n2. **Temporal Indicators**: The news image seems to belong to a different time period based on its black-and-white film quality and attire, suggesting it may depict events that occurred several decades earlier. In contrast, the reference images appear to present protests that are either contemporary or date back to the historical student protest culture of the 1960s or 70s.\n\n3. **Spatial Relationships**: The news image focuses on a single subject holding a newspaper, lacking the dynamic spatial relationships seen in group protests depicted in the references. Instead, the referenced imagery volunteers a sense of collective activism, which is missing in the news image.\n\n4. **Lighting and Composition**: The lighting, composition, and camera angles in the images differ significantly, leading to unclear intersections between intended visual narratives. \n\nDue to these discrepancies and lack of context alignment, the news image is considered misleading and does not accurately represent the event or context described in the news caption. Therefore, it fails to meet the criteria necessary for positive validation against the reference images.",
      "key_observations": [
        "The news image shows a single male subject holding a newspaper, while the caption describes a group of supporters chanting during a march.",
        "Visual elements such as clothing style, lighting, and composition of the news image differ greatly from the expected contemporary protest scene.",
        "The temporal context of the news image appears to align more with historical protests rather than the contemporary event mentioned in the caption."
      ]
    }
  },
  "final_result": {
    "OOC": true,
    "confidence_score": 9,
    "explanation": "Both the internal and external checks indicate that the news caption is out of context with respect to the image. The internal check has a confidence score of 2 and states there is a mismatch in location, time, and event (Missouri 2015 vs. Berkeley 1940, racial activism vs. peace strike). The external check also has a confidence score of 2 and an alignment score of 20, confirming the mismatch in the temporal and spatial contexts, where visual elements do not match the caption's description. Given that both checks agree on the caption being out of context and that there are no conflicting high confidence scores, the conclusion is that the caption is indeed out of context.",
    "validation_summary": "Both internal and external checks confirm that the caption is out of context due to mismatches in time, location, and visual elements. The image does not depict the event described in the caption."
  },
  "inference_time": 13.019457578659058
}