{
  "caption": "Game 5 in Washington Nationals third baseman Anthony Rendon catches a fly ball hit by Dodgers shortstop Corey Seager during the sixth inning",
  "ground_truth": false,
  "internal_check": {
    "visual_entities": [
      "Pitcher",
      "Baseball field",
      "College baseball",
      "Baseball",
      "Team sport",
      "Bat-and-ball games",
      "Softball",
      "Athletics field",
      "Ball",
      "Baseball park",
      "Player",
      "Competition",
      "baseball player"
    ],
    "image_evidences": [],
    "result": {
      "confidence_score": 7,
      "explanation": "The caption describes a baseball game scenario with specific players and actions (Anthony Rendon catching a fly ball hit by Corey Seager). The detected visual entities confirm the presence of a baseball field, baseball, players, and related elements like 'baseball player'. The entities 'Team sport', 'Bat-and-ball games', 'Softball', 'Athletics field', 'Ball', 'Baseball park', 'Player', 'Competition', 'baseball player' all align with the general context of the caption. However, without seeing the actual image, it's impossible to verify the specific action (Rendon catching a fly ball) or the individual players mentioned (Anthony Rendon and Corey Seager). Therefore, based on the available information, there's a reasonable alignment but not a complete one.",
      "verdict": true
    }
  },
  "external_check": {
    "text_evidences": [
      {
        "title": "Stephen Strasburg lifts Nationals past Dodgers to tie NLDS - Los Angeles Times",
        "content": "Stephen Strasburg lifts Nationals past Dodgers to tie NLDS - Los ...",
        "caption": "The Nationals' Stephen Strasburg delivers a pitch in Game 2 of the NLDS against the Dodgers on Oct. 4, 2019.",
        "domain": "www.latimes.com"
      },
      {
        "title": "Dodgers' 4-3 win over Nationals in NLDS opener is a group effort - Los Angeles Times",
        "content": "Dodgers' 4-3 win over Nationals in NLDS opener is a group effort ...",
        "caption": "Dodgers shortstop Corey Seager follows through after hitting a home run against Washington in Game 1 of the NLDS on Friday at Nationals Park.",
        "domain": "www.latimes.com"
      },
      {
        "title": "Clayton Kershaw falters early as Dodgers lose Game 2 of NLDS - Los Angeles Times",
        "content": "Clayton Kershaw falters early as Dodgers lose Game 2 of NLDS - Los ...",
        "caption": "Dodgers starting pitcher Clayton Kershaw gathers himself during the first inning in Game 2 of the NLDS against the Washington Nationals.",
        "domain": "www.latimes.com"
      },
      {
        "title": "Nationals mask bullpen woes by maximizing Max Scherzer and Stephen Strasburg - Los Angeles Times",
        "content": "Nationals mask bullpen woes by maximizing Max Scherzer and Stephen ...",
        "caption": "Washington Nationals pitcher Max Scherzer delivers during the eighth inning of a 4-2 win over the Dodgers.",
        "domain": "www.latimes.com"
      },
      {
        "title": "Clayton Kershaw falters early as Dodgers lose Game 2 of NLDS - Los Angeles Times",
        "content": "?url=https://california-times- ...",
        "caption": "Dodgers starting pitcher Clayton Kershaw gathers himself during the first inning in Game 2 of the NLDS against the Washington Nationals.",
        "domain": "www.latimes.com"
      }
    ],
    "result": {
      "verdict": true,
      "alignment_score": 85,
      "confidence_score": 8,
      "explanation": "The news image shows Anthony Rendon of the Washington Nationals making a catch during a game. Key visual elements align well with expectations from the caption. In the news image, Rendon is wearing a white Nationals jersey, indicating they are playing at home, which is consistent with the game context described. Additionally, the Dodger player who hit the fly ball is not visibly included in the frame, as is common in sports photography capturing action moments. The background appears to show a stadium setting, consistent with baseball games, and elements of the crowd are present, typical for a playoff atmosphere. Comparatively, the reference images illustrate different moments in National League playoff games, featuring various players on both the Nationals and Dodgers teams. \n\nLighting in the news image appears to be well-lit, consistent with the time of day for a late game. There are no visible shadows that suggest unnatural lighting or manipulations. Moreover, while the angle may differ slightly with the focus on Rendon's action, this does not detract from the scene's authenticity related to the described event.\n\nOverall, the news image resembles the expected visual context derived from the caption about Rendon's play, and though there are differences when compared with reference images, they do not diminish the event's representation. Thus, it accurately portrays the described incident within the baseball game context.",
      "key_observations": [
        "Rendon is wearing the correct Nationals jersey during gameplay, matching expectations from the description.",
        "The image depicts a crowd in a stadium, supporting the authenticity of the scene as a playoff game setting.",
        "Lighting is consistent with evening gameplay, confirming the temporal authenticity relevant to the sixth inning mentioned in the caption.",
        "Comparison with other reference images shows different moments in the same game context, validating Rendon's action as a real part of the event."
      ]
    }
  },
  "final_result": {
    "OOC": false,
    "confidence_score": 8,
    "explanation": "Both the internal and external checks indicate that the caption accurately represents the image. The internal check, with a confidence score of 7, confirms the presence of baseball-related elements and suggests a reasonable alignment between the caption and image content. The external check, with a higher confidence score of 8 and an alignment score of 85, provides stronger evidence, confirming that the image shows Anthony Rendon making a catch during a game, which aligns with the caption. Because both checks align and the external check has a good alignment score, the caption is not out of context.",
    "validation_summary": "Both internal and external checks confirm the caption's accuracy, with the external check providing stronger evidence of alignment and a higher confidence score."
  },
  "inference_time": 12.199275016784668
}