{
  "caption": "Arsene Wenger is delighted to retain the services of Jack Wilshere and Aaron Ramsey",
  "ground_truth": false,
  "internal_check": {
    "visual_entities": [
      "Jack Wilshere",
      "Arsenal F.C.",
      "Football player",
      "Wrinkle",
      "Google Play",
      "Forehead",
      "Mobile app",
      "The Guardian",
      "CitizenM",
      "Reading",
      "Player",
      "Google",
      "senior citizen"
    ],
    "image_evidences": [],
    "result": {
      "confidence_score": 7,
      "explanation": "The news caption mentions Arsene Wenger, Jack Wilshere, and Aaron Ramsey. The detected visual entities include 'Jack Wilshere' and 'Arsenal F.C.', which align with the caption. The news content also discusses the contract extensions of Jack Wilshere and Aaron Ramsey, supporting the caption's claim. However, there are no detected visual entities directly corresponding to Arsene Wenger or Aaron Ramsey. The presence of 'Arsenal F.C.' indirectly supports Wenger's involvement as the manager. The absence of a direct visual match for Wenger and Ramsey lowers the confidence score, but the presence of Wilshere and Arsenal F.C. justifies a positive verdict.",
      "verdict": true
    }
  },
  "external_check": {
    "text_evidences": [
      {
        "title": "Arsenal give new contracts to Jack Wilshere and Aaron Ramsey | Arsenal | The Guardian",
        "content": "Arsenal give new contracts to Jack Wilshere and Aaron Ramsey ...",
        "caption": "Arsne Wenger is delighted to retain the services of Jack Wilshere and Aaron Ramsey. Photograph: Barry Coombs/Empics Sport",
        "domain": "www.theguardian.com"
      },
      {
        "title": "Arsenal give new contracts to Jack Wilshere and Aaron Ramsey | Arsenal | The Guardian",
        "content": "Arsenal give new contracts to Jack Wilshere and Aaron Ramsey ...",
        "caption": "Arsne Wenger is delighted to retain the services of Jack Wilshere and Aaron Ramsey. Photograph: Barry Coombs/Empics Sport",
        "domain": "www.theguardian.com"
      }
    ],
    "result": {
      "verdict": false,
      "alignment_score": 40,
      "confidence_score": 6,
      "explanation": "The news image purportedly depicts Arsene Wenger, but it lacks any visual confirmation of Jack Wilshere and Aaron Ramsey, who are the subjects of the news caption. In the context of the caption, we would anticipate images featuring all three individuals or at least some visual indication that relates to them. The reference images retrieved also prominently feature Arsene Wenger but dated back to 2009, indicating no new context or relationship to the current news. The ambient lighting in the news image and reference images appears similar, but the event depicted does not match the current timeline or context implied by the news caption. No signs of digital manipulation were detected; however, inconsistencies related to context compromise the relevance of the news image to the caption. Overall, the news image serves to represent Wenger but fails to encapsulate the broader context of the caption by not including Wilshere and Ramsey, which is critical for alignment.",
      "key_observations": "- The news image features only Arsene Wenger without Wilshere or Ramsey.  \n- All reference images also feature only Wenger but are from 2009, suggesting temporal inconsistency.  \n- Lighting in the news image matches the reference images yet lacks a contemporary context.  \n- No signs of manipulation were observed in any of the images.  \n- The lack of Wilshere and Ramsey raises concerns about the image's relevance to the caption."
    }
  },
  "final_result": {
    "OOC": true,
    "confidence_score": 7,
    "explanation": "The internal check suggests the caption is valid because the news content discusses Wilshere and Ramsey's contract extensions, and the image includes Wilshere and Arsenal F.C. However, it notes the absence of a direct visual match for Arsene Wenger and Aaron Ramsey, lowering the confidence score. The external check states that the image only depicts Arsene Wenger, lacking visual confirmation of Jack Wilshere and Aaron Ramsey, who are subjects of the news caption and crucial for alignment. The external check also shows the reference images feature only Wenger and are dated, further weakening the image's relevance. The external check reports a low alignment score of 40 and a confidence of 6. Since the external check identifies a significant mismatch between the image and the caption's content (missing Wilshere and Ramsey), it is given priority. Therefore, the caption is out of context.",
    "validation_summary": "Internal check suggests validity but with reservations. External check indicates the image doesn't align with caption because it lacks Wilshere and Ramsey. The external check's lower alignment score and confidence rating determine the final result: OOC=True."
  },
  "inference_time": 9.548794746398926
}