{
  "caption": "Kitchen Table is a casual concept blending New Yorkstyle cuisine with Scandinavian influences that s now open in 15 Clarion Hotels in Sweden and Norway",
  "ground_truth": true,
  "internal_check": {
    "visual_entities": [
      "Restaurant",
      "Fast food restaurant",
      "Chef",
      "Sweetbitter - Season 2",
      "Gourmet",
      "Balthazar",
      "Peach Treats",
      "Diner",
      "Michelin Guide",
      "Screenwriter",
      "Fast food",
      "New York",
      "Sweetbitter",
      "Stephanie Danler",
      "cafe"
    ],
    "image_evidences": [
      {
        "title": "On my radar: David Hares cultural highlights | David Hare | The Guardian",
        "content": "",
        "caption": "Balthazar French restaurant in Covent Garden, London.",
        "domain": "www.theguardian.com"
      },
      {
        "title": "Sweetbitter by Stephanie Danler review  New York City's bright lights dazzle | Fiction | The Guardian",
        "content": "",
        "caption": "Hard at it in an upscale restaurant: Danler never debunks the gloss of the setting.",
        "domain": "www.theguardian.com"
      }
    ],
    "result": {
      "confidence_score": 2,
      "explanation": "The news caption discusses Kitchen Table, a restaurant concept in Clarion Hotels in Sweden and Norway. The provided image evidences show a restaurant named Balthazar in London and an upscale restaurant setting from a review of \"Sweetbitter\" in New York City. These images do not support the specific restaurant concept mentioned in the caption, nor its location within Clarion Hotels in Sweden and Norway. The entities detected are very generic like \"Restaurant\" and \"New York\" but are not specific to \"Kitchen Table\" restaurant mentioned in the caption. Therefore, the visual entities and images do not align with the news caption.",
      "verdict": false
    }
  },
  "external_check": {
    "text_evidences": [
      {
        "title": "Chef Marcus Samuelsson's restaurants and signature dishes",
        "content": "Chef Marcus Samuelsson's restaurants and signature dishes",
        "caption": "Kitchen & Table is a casual concept blending New York-style cuisine with Scandinavian influences thats now open in 15 Clarion Hotels in Sweden and Norway.",
        "domain": "www.usatoday.com"
      },
      {
        "title": "Chef Marcus Samuelsson's restaurants and signature dishes",
        "content": "Chef Marcus Samuelsson's restaurants and signature dishes",
        "caption": "As its name suggests, American Table Brasserie, located at the Clarion Hotel in Stockholm, Sweden, takes an all-American approach to its menu.",
        "domain": "www.usatoday.com"
      }
    ],
    "result": {
      "verdict": false,
      "alignment_score": 45,
      "confidence_score": 7,
      "explanation": "The news image exhibits a distinctly different ambiance and design compared to the reference images, which are more modern and stylish, in line with the New York-style cuisine and Scandinavian influences described in the caption. The news image showcases a traditional restaurant setting with red leather booths and a vintage aesthetic, while the reference images feature contemporary decor—clean lines, light woods, and a more minimalistic style. This discrepancy in style leads to doubts about whether the news image accurately represents the intended concept. Additionally, lighting differences are notable: the first image is warmly lit, creating a classic vibe, while the reference images utilize brighter, more dynamic lighting suitable for modern eateries. Furthermore, the spatial arrangement of tables and decor items varies significantly, showing a lack of alignment with the casual and blended concept mentioned. Even though the news image depicts a dining setting, the overall representation of the restaurant's theme as described in the caption seems misleading.  Overall, these consistent differences bring the alignment and contextual accuracy into question, thus suggesting that the news image may not truly reflect the new concept of 'Kitchen Table.'",
      "key_observations": "- The news image features a vintage restaurant design, while reference images are more modern and contemporary.\n- Lighting in the news image is warm and traditional; in contrast, references have brighter, more dynamic lighting.\n- The spatial arrangement and decor in the news image do not align with the described casual concept.\n- The overall ambiance of the reference images is more in line with a contemporary blend of cuisines, whereas the news image appears rooted in a more retro style.\n- The presence of a waitress setting the table in the news image does not match the more vibrant and relaxed dining atmosphere depicted in the reference images."
    }
  },
  "final_result": {
    "OOC": true,
    "confidence_score": 8,
    "explanation": "Both internal and external checks indicate that the news caption is out of context with the image. The internal check (confidence score 2) concludes that the images available do not support the 'Kitchen Table' restaurant concept or its location within Clarion Hotels, highlighting the mismatch between the caption and the image's content. The external check (confidence score 7, alignment score 45) further corroborates this by pointing out the differences in ambiance, design, and lighting between the news image and reference images associated with the described restaurant concept. Given that both checks agree and the external check has a reasonably high confidence score, the caption is considered out of context. Prioritizing the external check due to its higher confidence, and considering the low alignment score, reinforces this conclusion.",
    "validation_summary": "Both internal and external checks indicate a mismatch between the news caption and the image. The external check, with a higher confidence score, highlights discrepancies in restaurant design and ambiance."
  },
  "inference_time": 12.343107461929321
}