{
  "caption": "Jungle fever Katie Price returns to I m a Celebrity Photo ITVRex Features",
  "ground_truth": false,
  "internal_check": {
    "visual_entities": [
      "Charlie Brooker's Screen Burn",
      "The Battle for London",
      "Charlie Brooker",
      "Water",
      "Water fight",
      "Drinking fountain",
      "Yellow",
      "Hate speech",
      "Television",
      "Fountain",
      "Dude",
      "The Guardian",
      "Plant",
      "I'm a Celebrity... Get Me Out of Here!",
      "Katie Price",
      "water"
    ],
    "image_evidences": [
      {
        "title": "Charlie Brooker's Screen burn | Television | The Guardian",
        "content": "",
        "caption": "Jungle fever: Katie Price returns to I'm a Celebrity. Photo: ITV/Rex Features",
        "domain": "www.theguardian.com"
      }
    ],
    "result": {
      "confidence_score": 9,
      "explanation": "The news caption mentions \"Jungle fever Katie Price returns to I m a Celebrity\" and the image evidence provided from The Guardian shows a photo of Katie Price with the caption \"Jungle fever: Katie Price returns to I'm a Celebrity. Photo: ITV/Rex Features\". The domain of the image is a credible news source. The detected visual entities also include \"I'm a Celebrity... Get Me Out of Here!\" and \"Katie Price\", which are consistent with the news caption and image caption. Therefore, the image evidence reasonably supports the news caption.",
      "verdict": true
    }
  },
  "external_check": {
    "text_evidences": [
      {
        "title": "Charlie Brooker's Screen burn | Television | The Guardian",
        "content": "Jungle-fever-Katie-Price--001. ...",
        "caption": "Jungle fever: Katie Price returns to I'm a Celebrity. Photo: ITV/Rex Features",
        "domain": "www.theguardian.com"
      },
      {
        "title": "Charlie Brooker's Screen burn | Television | The Guardian",
        "content": "Jungle-fever-Katie-Price--001. ...",
        "caption": "Jungle fever: Katie Price returns to I'm a Celebrity. Photo: ITV/Rex Features",
        "domain": "www.theguardian.com"
      }
    ],
    "result": {
      "verdict": false,
      "alignment_score": 60,
      "confidence_score": 7,
      "explanation": "The news image depicts a scene where a woman, presumably Katie Price, is wearing goggles and appears to be in a muddy environment, likely taken during a task in the 'I'm a Celebrity...' show. This aligns with the jungle setting indicated in the caption. The reference images, which are also of the same scene, confirm this setting. However, there are some notable points of inconsistency. Firstly, the background in the news image features a different arrangement of elements compared to the reference images. Additionally, the presence of timestamps and overlays in the reference images suggests they have been used in various articles, indicating their reuse for illustrative purposes. The lighting and overall appearance in the news image have subtle differences, suggesting it might not be the same moment captured in the reference images. Although the core context is still intact and the images represent a related scene from the show, the slight variations may raise questions about the exact moment being depicted in the news image. Therefore, it cannot be said that the news image strictly represents the caption accurately without implying potential discrepancies or a lack of immediacy in the depiction of events.",
      "key_observations": [
        "The subject in the news image and reference images appears to be consistent, likely Katie Price in an 'I'm a Celebrity...' challenge.",
        "All images share a common environment of muddy water and yellow objects, indicative of the general setting.",
        "Temporal indicators such as lighting have slight variations, suggesting that the images might not be captured at the exact same moment.",
        "The reference images have overlays indicating their age (from 2009), which distinguishes them from the news image that lacks such identification. This raises questions about the currentness of the news image."
      ]
    }
  },
  "final_result": {
    "OOC": true,
    "confidence_score": 7,
    "explanation": "The internal check suggests the caption accurately represents the image, with a high confidence score of 9, based on visual entity detection and domain credibility. However, the external check raises concerns about the image's accuracy, particularly regarding the exact moment depicted and potential discrepancies in background details and temporal indicators. While the external check has a lower confidence score of 7, the alignment score of 60 suggests a degree of mismatch. Given the conflicting results and the concerns raised about the image's representational accuracy by the external check, the caption is considered out of context. The final confidence score is influenced by the noted discrepancies.",
    "validation_summary": "Internal check affirms caption accuracy, but external check identifies discrepancies in the image. External check indicates potential inaccuracies despite the core context being retained."
  },
  "inference_time": 13.714862823486328
}