{
  "caption": "Prince Kate Moss Adele Rita Ora Noel Gallagher Cara Delevingne and Stephen Fry attended his Ronnie Scott s gig",
  "ground_truth": true,
  "internal_check": {
    "visual_entities": [
      "Elliott Spencer",
      "Stephen Fry",
      "Actor",
      "Nicki Minaj",
      "Celebrity",
      "Weight loss",
      "Spouse",
      "Socialite",
      "Model",
      "Husband",
      "weight loss stephen fry 2019"
    ],
    "image_evidences": [],
    "result": {
      "confidence_score": 7,
      "explanation": "The caption mentions Stephen Fry, and the detected visual entities include 'Stephen Fry'. However, the caption also lists other celebrities (Prince, Kate Moss, Adele, Rita Ora, Noel Gallagher, Cara Delevingne) who are not found in the detected visual entities. While the presence of Stephen Fry supports the caption, the absence of the other mentioned celebrities lowers the confidence level. It is possible that the detected entities only represent a subset of the individuals mentioned in the caption. The news content mentions all the entities in the caption.",
      "verdict": true
    }
  },
  "external_check": {
    "text_evidences": [
      {
        "title": "Prince watch: his Hit and Run tour stops by at Ronnie Scott's | Prince | The Guardian",
        "content": "Prince watch: his Hit and Run tour stops by at Ronnie Scott's ...",
        "caption": "Prince: Kate Moss, Adele, Rita Ora, Noel Gallagher, Cara Delevingne and Stephen Fry attended his Ronnie Scotts gig",
        "domain": "www.theguardian.com"
      },
      {
        "title": "Prince watch: his Hit and Run tour stops by at Ronnie Scott's | Prince | The Guardian",
        "content": "Prince watch: his Hit and Run tour stops by at Ronnie Scott's ...",
        "caption": "Prince: Kate Moss, Adele, Rita Ora, Noel Gallagher, Cara Delevingne and Stephen Fry attended his Ronnie Scotts gig",
        "domain": "www.theguardian.com"
      },
      {
        "title": "Prince watch: his Hit and Run tour stops by at Ronnie Scott's | Prince | The Guardian",
        "content": "e90808f8-0886-45ec-8d6b- ...",
        "caption": "Prince: Kate Moss, Adele, Rita Ora, Noel Gallagher, Cara Delevingne and Stephen Fry attended his Ronnie Scotts gig",
        "domain": "www.theguardian.com"
      },
      {
        "title": "Prince watch: his Hit and Run tour stops by at Ronnie Scott's | Prince | The Guardian",
        "content": "ba467b01-7f37-48fb-8b2a- ...",
        "caption": "Prince: Kate Moss, Adele, Rita Ora, Noel Gallagher, Cara Delevingne and Stephen Fry attended his Ronnie Scotts gig",
        "domain": "www.theguardian.com"
      }
    ],
    "result": {
      "verdict": false,
      "alignment_score": 20,
      "confidence_score": 6,
      "explanation": "The images depict different individuals in different contexts which do not align with the news caption mentioning Prince, Kate Moss, Adele, and others attending a gig at Ronnie Scott's. The key visual elements expected, such as notable attendees and the performance setting, are absent in the news image showing Stephen Fry and another individual together. Compared to reference images that appear to showcase a performance with a musician (possibly Prince), the news image lacks any musical or performance-related elements. The temporal elements also diverge; the reference images imply an event atmosphere with vibrant stage lighting, while the news image conveys a more formal, subdued setting similar to a private event. Furthermore, there's no evidence supporting the attendance of the names mentioned in the news caption in the news image.\nTherefore, despite minor lighting discrepancies and distinct angles, the lack of contextual alignment indicates that the featured image is likely misleading regarding the event it purports to illustrate.",
      "key_observations": "- News image features Stephen Fry and another individual, different from the expected attendees (Prince, Kate Moss, etc.).\n- Reference images depict a performance setting with a musician, inconsistent with the news image's formal setting.\n- The lighting in reference images showcases vibrant stage effects, whereas the news image has dull lighting, indicating potential misrepresentation.\n- No elements from the news caption (i.e., the listed attendees) are present in the news image."
    }
  },
  "final_result": {
    "OOC": true,
    "confidence_score": 7,
    "explanation": "The internal check suggests the caption is accurate to some extent because Stephen Fry is mentioned in both the caption and detected visual entities. However, it notes the absence of other celebrities mentioned in the caption (Prince, Kate Moss, Adele, Rita Ora, Noel Gallagher, Cara Delevingne), lowering the confidence. The external check strongly indicates the caption is out of context, with a low alignment score of 20 and a confidence score of 6. It highlights that the image features Stephen Fry and another individual in a setting inconsistent with the described event (Prince's gig at Ronnie Scott's with the listed attendees). Given that both checks identify a mismatch between the caption and the image, and prioritizing the external check due to its specific analysis of visual elements and contextual alignment, the caption is considered out of context. While Stephen Fry is present in the image, the broader context of the event described in the caption is not supported.",
    "validation_summary": "Both internal and external checks indicate a mismatch between the caption and the image. While the internal check finds some support due to the presence of Stephen Fry, the external check's analysis of contextual elements and the absence of other mentioned celebrities overrides this. Therefore, the caption is deemed out of context."
  },
  "inference_time": 10.727859735488892
}