{
  "caption": "President Obama pauses as he makes a statement on the fatal police shootings of two black men in Louisiana and Minnesota after arriving in Warsaw Friday",
  "ground_truth": false,
  "internal_check": {
    "visual_entities": [
      "United States",
      "President of the United States",
      "Americans",
      "African Americans",
      "Sasha Obama",
      "Mark Dayton",
      "speech"
    ],
    "image_evidences": [],
    "result": {
      "confidence_score": 7,
      "explanation": "The caption mentions President Obama making a statement about police shootings. The detected entities include 'President of the United States', 'Americans' and 'African Americans' which align with the caption's context. The text content confirms Obama's statements on the shootings. However, the caption mentions Warsaw, implying a specific location which cannot be confirmed from the detected entities alone, but is consistent with the article. The mention of Sasha Obama and Mark Dayton is not relevant to the caption's primary claim about Obama's statement, and doesn't invalidate it. Overall, the caption's core message aligns with the detected entities and the article's content, although location-specific details cannot be verified from the visual entities alone.",
      "verdict": true
    }
  },
  "external_check": {
    "text_evidences": [],
    "result": null
  },
  "final_result": {
    "OOC": false,
    "confidence_score": 7,
    "explanation": "The internal check result, which is the only available check, indicates that the caption accurately represents the image. The caption describes President Obama making a statement about police shootings in Warsaw, and the internal check confirms that the detected entities and the text content align with this description. The internal check has a confidence score of 7, suggesting a reasonable level of certainty in its assessment. There is no external check available to compare against. Therefore, based solely on the available internal check, the caption is not out of context.",
    "validation_summary": "The internal check confirms that the caption accurately represents the image with a confidence score of 7. No external check available."
  },
  "inference_time": 4.193948268890381
}