{
  "caption": "Ellie Goulding left and Andra Day perform",
  "ground_truth": false,
  "internal_check": {
    "visual_entities": [
      "58th Annual Grammy Awards",
      "Irish Mirror",
      "Fur clothing",
      "gown / M",
      "Fur",
      "Actor",
      "Performance art",
      "A Tribute to B.B. King",
      "Grammy Awards",
      "Gary Clark Jr.",
      "Bonnie Raitt",
      "Chris Stapleton",
      "performance"
    ],
    "image_evidences": [],
    "result": {
      "confidence_score": 7,
      "explanation": "The news caption mentions \"Ellie Goulding left and Andra Day perform\". The detected visual entities include \"Performance art\" and \"performance\", which loosely align with the action of performing mentioned in the caption. However, specific entities corresponding to Ellie Goulding and Andra Day are not detected. Based on the available information, it is unclear if the detected 'performance' directly relates to these two individuals. Therefore, the alignment is partial but not definitive due to missing entity detections.",
      "verdict": false
    }
  },
  "external_check": {
    "text_evidences": [],
    "result": null
  },
  "final_result": {
    "OOC": true,
    "confidence_score": 7,
    "explanation": "The internal check indicates a potential mismatch. While 'performance' is detected, the specific individuals, Ellie Goulding and Andra Day, are not. Without external verification, it's difficult to confirm the caption's accuracy definitively. The internal check has a confidence score of 7. Since there's no external check, I must rely on the internal check result. Therefore, the caption is considered out of context. There's uncertainty due to the lack of external validation.",
    "validation_summary": "Internal check suggests caption is out of context due to missing entity detections (Ellie Goulding and Andra Day). No external check available."
  },
  "inference_time": 8.747126817703247
}