{
  "caption": "Jasem left and Houria center listen as Fatema Zuhayli explains how to use a cellphone that the family was given so they could contact relatives in the Middle East",
  "ground_truth": true,
  "internal_check": {
    "visual_entities": [
      ""
    ],
    "image_evidences": [],
    "result": {
      "confidence_score": 1,
      "explanation": "Since no visual entities were detected in the image, it is impossible to verify the caption's accuracy. The caption mentions people (Jasem, Houria, Fatema Zuhayli) and their actions (listening, explaining cellphone usage), but without visual confirmation, the caption cannot be validated. Thus, the verdict is set to 'False' with minimal confidence.",
      "verdict": false
    }
  },
  "external_check": {
    "text_evidences": [],
    "result": null
  },
  "final_result": {
    "OOC": true,
    "confidence_score": 1,
    "explanation": "The internal check determined the caption to be false due to the absence of visual entities in the image, making verification impossible, resulting in minimal confidence. There is no external check available to corroborate or refute this assessment. Therefore, based solely on the internal check's 'False' verdict and its associated low confidence score, the caption is considered out of context. The final confidence score remains low due to the limitations of not having a visual to compare against the caption.",
    "validation_summary": "Caption is out of context due to the lack of visual entities for comparison, as determined by the internal check. No external validation is available."
  },
  "inference_time": 3.580775499343872
}