{
  "caption": "Monday 21 March This picture released by Tepco via Jiji Press shows black smoke rising from reactor No 3 of the No 1 plant",
  "ground_truth": false,
  "internal_check": {
    "visual_entities": [
      "Fukushima Daiichi Nuclear Power Plant",
      "Chernobyl disaster",
      "Nuclear power plant",
      "Nuclear meltdown",
      "Nuclear and radiation accident and incident",
      "Nuclear power",
      "Nuclear reactor",
      "Discharge of radioactive water of the Fukushima Daiichi Nuclear Power Plant",
      "Tokyo Electric Power Company",
      "Shutdown",
      "Energy",
      "Nuclear safety and security",
      "Nuclear power in the United Arab Emirates",
      "Electricity",
      "power plant meltdown"
    ],
    "image_evidences": [
      {
        "title": "Nuclear Gulf: Experts sound the alarm over UAE nuclear reactors | Nuclear Energy | Al Jazeera",
        "content": "",
        "caption": "Black smoke rising from reactor number three of the number-one Fukushima Daiichi Nuclear Power Plant in Okuma town in Fukushima Prefecture, Japan on March 21, 2011 [File: TEPCO via JIJI Press/AFP]",
        "domain": "www.aljazeera.com"
      }
    ],
    "result": {
      "confidence_score": 10,
      "explanation": "The news caption describes black smoke rising from reactor No. 3 of the Fukushima No. 1 plant on March 21. The provided image evidence from Al Jazeera, sourced from TEPCO via JIJI Press/AFP, shows black smoke rising from reactor number three of the Fukushima Daiichi Nuclear Power Plant on March 21, 2011. The description in the news caption and the image evidence are consistent, including the date and the location of the event. Therefore, the image provides strong visual support for the news caption.",
      "verdict": true
    }
  },
  "external_check": {
    "text_evidences": [
      {
        "title": "Fukushima nuclear plant emergency: week two - in pictures | World news | The Guardian",
        "content": "Fukushima nuclear plant emergency: week two - in pictures | World ...",
        "caption": "Japan earthquake: Fukushima Dai-ichi nuclear plant accident",
        "domain": "www.theguardian.com"
      },
      {
        "title": "Fukushima nuclear plant emergency: week two - in pictures | World news | The Guardian",
        "content": "Fukushima nuclear plant emergency: week two - in pictures | World ...",
        "caption": "Japan Earthquake : Fukushima Daiichi nuclear power plant crisis ",
        "domain": "www.theguardian.com"
      }
    ],
    "result": {
      "verdict": true,
      "alignment_score": 85,
      "confidence_score": 8,
      "explanation": "The analysis of the news image compared to reference images indicates a high degree of visual and contextual consistency regarding the event described in the caption. The key elements identified in the news caption, including black smoke rising from reactor No. 3 of the No. 1 plant, are observable in the news image. The smoke emanating from the reactor aligns with the visual depictions found in the reference images. Both the news image and the first reference image illustrate the reactor structure, the smoke, and the surrounding environment, which supports the caption's description and effectively contextualizes the event. \n\nHowever, it’s important to note that the specific architectural details and positioning may vary slightly between the images due to factors like camera angle and focal length. Temporal consistency is maintained through the lighting conditions, which appear overcast and consistent across the images, suggesting a similar time frame. No evident signs of digital manipulation were observed in the images. Although there are slight visual differences, the central theme and event representation remains intact, confirming that the news image accurately reflects the event described. Overall, the visual elements are sufficiently aligned to maintain a robust representation of the incident. \n\nIn conclusion, while there are minor variations, the core context of black smoke at a nuclear facility after an incident is preserved, making the news image appropriate for the context described in the caption.",
      "key_observations": [
        "Black smoke is clearly present in the news image, aligning with the caption's description.",
        "The reactor structure seen in the news image closely matches that in the reference images.",
        "Lighting conditions are consistent across all images, indicating similar weather conditions.",
        "No obvious signs of manipulation are evident in the news image.",
        "The positioning of the reactor and surrounding elements shows contextual relevance, affirming the event's representation."
      ]
    }
  },
  "final_result": {
    "OOC": false,
    "confidence_score": 9,
    "explanation": "Both the internal and external checks indicate that the news caption accurately represents the image. The internal check has a confidence score of 10 and the external check has a confidence score of 8 with an alignment score of 85. Both results confirm that the image shows black smoke rising from reactor No. 3 of the Fukushima No. 1 plant, as described in the caption. There are no conflicting results, so the caption is not considered out of context. The high alignment score further supports this conclusion.",
    "validation_summary": "Both internal and external checks confirm the caption accurately represents the image content, with consistent descriptions of black smoke rising from reactor No. 3. High confidence and alignment scores support this conclusion."
  },
  "inference_time": 11.848198652267456
}