{
  "caption": "Anna Wintour wore Chanel Couture at the annual Costume Institute Gala in New York known as the Met Ball",
  "ground_truth": true,
  "internal_check": {
    "visual_entities": [
      "Fashion",
      "Fashion show",
      "Dress",
      "Vogue",
      "Haute couture",
      "Fashion Designer",
      "Vintage clothing",
      "Model",
      "Clothing",
      "8M1",
      "Red carpet",
      "Anna Wintour",
      "Bee Shaffer",
      "Thalia",
      "gown"
    ],
    "image_evidences": [],
    "result": {
      "confidence_score": 8,
      "explanation": "The caption mentions Anna Wintour wearing Chanel Couture at the Met Ball. The detected entities include 'Anna Wintour', 'Fashion', 'Haute couture', 'Clothing', 'Dress', and 'Red carpet' which align with the caption. Although 'Chanel' is not directly detected, 'Haute couture' implies high-fashion clothing, which strengthens the connection. The general context of a fashion event (Met Ball) matches the visual entities suggestive of a formal, high-fashion setting. Therefore, the caption appears to accurately reflect the visual content based on the detected entities.",
      "verdict": true
    }
  },
  "external_check": {
    "text_evidences": [
      {
        "title": "Photos of the Met Gala, fashion's biggest night of the year | PBS News",
        "content": "Photos of the Met Gala, fashion's biggest night of the year | PBS News",
        "caption": "La La Anthony poses at the Met Gala, an annual fundraising gala held for the benefit of the Metropolitan Museum of Art's C...",
        "domain": "www.pbs.org"
      },
      {
        "title": "The best red carpet fashions from Met Gala 2024 - Los Angeles Times",
        "content": "The best red carpet fashions from Met Gala 2024 - Los Angeles Times",
        "caption": "Zendaya poses on the 2024 Met Gala red carpet.",
        "domain": "www.latimes.com"
      },
      {
        "title": "Best of Met Gala 2023 red carpet: Janelle Mone, Lil Nas X, more - Los Angeles Times",
        "content": "Best of Met Gala 2023 red carpet: Janelle Mone, Lil Nas X, more ...",
        "caption": "The 2023 Met Gala Celebrating \"Karl Lagerfeld: A Line Of Beauty\" - Arrivals",
        "domain": "www.latimes.com"
      }
    ],
    "result": {
      "verdict": false,
      "alignment_score": 40,
      "confidence_score": 6,
      "explanation": "The analysis reveals significant discrepancies between the news image and the reference images retrieved from the web. The key visual inconsistency is that the news caption indicates Anna Wintour is wearing Chanel Couture at the annual Costume Institute Gala (Met Ball). However, the news image shows two women, one of whom resembles Anna Wintour but is not confirmed as her based on outfit and setting. The other individuals appear to be wearing different styles from those seen in the Met Gala context, lacking the distinctive elaborate fashion typically associated with this event. Furthermore, Anna Wintour is known for her iconic style but is not clearly identifiable in the news image due to the unclear visual details, specifically the dress styles that differ from the haute couture typically showcased during the Met Ball. In contrast, the reference images display vibrant and extravagant outfits that align closely with the context of the Met Gala event, which is known for its high-fashion and themed attire. This misalignment indicates a fundamental inconsistency with the news caption regarding who is featured and their attire. Temporal consistency checks reveal that the lighting and styling of arrangements differ from Met Gala images, which typically exhibit glamorous evening settings. Overall, the lack of a clear connection between the news image and the provided caption suggests that the visual portrayal does not accurately represent the intended subject matter.",
      "key_observations": [
        "The news image depicts two women, with ambiguity over Anna Wintour's representation; the person believed to be her is not dressed in Chanel Couture as stated in the caption.",
        "Significant differences in the fashion styles shown in the news image, which does not exhibit the elaborate haute couture typical of the Met Gala.",
        "Reference images display multiple attendees in extravagant costumes, emphasizing the high-fashion nature of the Met Ball which contrasts sharply with the simplicity of those in the news image.",
        "Lighting conditions and background environments also differ notably, as the Met Gala ambiance is typically luxurious, while the news image lacks the expected glamorous setting."
      ]
    }
  },
  "final_result": {
    "OOC": true,
    "confidence_score": 7,
    "explanation": "The internal check suggests the caption aligns with the image, with a confidence score of 8, based on the presence of relevant entities like 'Anna Wintour' and the implication of high-fashion ('Haute couture') in the context of the Met Ball. However, the external check strongly contradicts this, assigning a low alignment score of 40 and a confidence score of 6. It points out discrepancies: the news image shows two women, with uncertainty about whether one is indeed Anna Wintour and whether she is wearing Chanel Couture as stated. The external check further highlights that the image lacks the extravagance typical of the Met Gala, contrasting sharply with reference images. Given the conflicting results and prioritizing the external check due to the significant discrepancies observed regarding the attire and context, the caption is considered out of context. The confidence score is set to 7 to reflect some uncertainty.",
    "validation_summary": "Internal check suggests the caption is accurate, while the external check identifies significant discrepancies in attire and context, indicating the caption is out of context."
  },
  "inference_time": 14.331370115280151
}