{
  "caption": "In this production Polunin plays the hero Franz a simple country boy who falls in love with the dancing doll",
  "ground_truth": true,
  "internal_check": {
    "visual_entities": [
      "Eddie Redmayne",
      "The Danish Girl",
      "Lili Elbe",
      "The Danish Girl",
      "Academy Award for Best Actor in a Leading Role",
      "Film director",
      "Painting",
      "Lili Elbe",
      "Gerda Wegener",
      "Alicia Vikander",
      "Tom Hooper",
      "Eve Stewart",
      "David Ebershoff",
      "The King's Speech",
      "danish girl"
    ],
    "image_evidences": [],
    "result": {
      "confidence_score": 2,
      "explanation": "The detected visual entities are completely irrelevant to the news caption and the context provided in the news content. The visual entities are related to the movie 'The Danish Girl,' while the news caption and content describe a ballet production of Coppélia. Therefore, the caption does not align with the visual entities.",
      "verdict": false
    }
  },
  "external_check": {
    "text_evidences": [
      {
        "title": "Sergei Polunin and the Stanislavsky Ballet backstage in Copplia  in pictures | Stage | The Guardian",
        "content": "Sergei Polunin and the Stanislavsky Ballet backstage in Copplia ...",
        "caption": "Coppelia: Sergei Polunin (Franz) and Kristina Shapran (Swanhilda) ",
        "domain": "www.theguardian.com"
      },
      {
        "title": "Sergei Polunin and the Stanislavsky Ballet backstage in Copplia ...",
        "content": "Sergei Polunin and the Stanislavsky Ballet backstage in Copplia ...",
        "caption": "Coppelia: Sergei Polunin (Franz) and Anton Domashev (Dr Coppelius) ",
        "domain": "www.theguardian.com"
      },
      {
        "title": "Sergei Polunin and the Stanislavsky Ballet backstage in Copplia  in pictures | Stage | The Guardian",
        "content": "Sergei Polunin and the Stanislavsky Ballet backstage in Copplia ...",
        "caption": "Coppelia: Sergei Polunin (Franz) and Kristina Shapran (Swanhilda)",
        "domain": "www.theguardian.com"
      },
      {
        "title": "Sergei Polunin and the Stanislavsky Ballet backstage in Copplia  in pictures | Stage | The Guardian",
        "content": "Sergei Polunin and the Stanislavsky Ballet backstage in Copplia ...",
        "caption": "Coppelia: Dancers tie their ballet shoes on backstage",
        "domain": "www.theguardian.com"
      },
      {
        "title": "Sergei Polunin and the Stanislavsky Ballet backstage in Copplia  in pictures | Stage | The Guardian",
        "content": "Sergei Polunin and the Stanislavsky Ballet backstage in Copplia ...",
        "caption": "Coppelia: Dancers tie their ballet shoes on backstage",
        "domain": "www.theguardian.com"
      }
    ],
    "result": {
      "verdict": false,
      "alignment_score": 40,
      "confidence_score": 7,
      "explanation": "The news image appears to portray a scene with a male character, specifically in a dress that is more closely associated with a painting or artistic expression, rather than the traditional setting of ballet. The caption mentions 'Franz,' a simple country boy who falls in love with a dancing doll. In contrast, the reference images share a common theme of ballet performances with dancers in costumes typical of such productions. The majority of reference images feature dancers in classical ballet attire, which is representative of the performances expected in opera or ballet contexts. The first news image diverges thematically from the elegant performance context suggested by the caption; instead, it depicts a more somber reflection or portrayal of the character in a non-performing state. Moreover, the lighting and spatial composition significantly differ between these images, with the news image lacking the vibrant theatrical elements captured in the reference images. There are no temporal inconsistencies noted, but the overall context suggests that the news image does not accurately represent the essence of the story as articulated in the caption, calling the alignment into question.",
      "key_observations": "- News image features a male character in a dress, perceived more as a still portrayal of art rather than a dynamic ballet scene.\n- Reference images predominantly showcase ballet performances, consistent with the narrative and thematic elements of the caption.\n- Different lighting conditions; news image lacks the theatrical elements present in the references.\n- Spatial arrangement differs significantly; the news image portrays a more contemplative setting, departing from the expected ballet context."
    }
  },
  "final_result": {
    "OOC": true,
    "confidence_score": 8,
    "explanation": "Both the internal and external checks indicate that the news caption is out of context with the image. The internal check, with a confidence score of 2, concludes the visual entities are irrelevant to the caption and context, citing a mismatch between 'The Danish Girl' visual elements and the 'Coppélia' ballet described in the caption and news content. The external check, with a higher confidence score of 7 and an alignment score of 40, reinforces this conclusion, observing that the image portrays a character in attire inconsistent with typical ballet performances. The external check further notes differences in lighting and spatial composition. While the internal check's confidence is lower, the external check provides more substantial evidence. Given the combined evidence, the caption is out of context.",
    "validation_summary": "Both internal and external checks agree that the caption is out of context, citing mismatched visual elements and attire. The external check has a higher confidence score and a low alignment score, supporting the determination of OOC."
  },
  "inference_time": 10.71337366104126
}