{
  "caption": "Brazil s biggest garbage dump which was located on the outskirts of Rio de Janeiro closed in 2012",
  "ground_truth": true,
  "internal_check": {
    "visual_entities": [
      "Malaysia Airlines Flight 17",
      "Russia",
      "Malaysia Airlines",
      "Ukraine",
      "Dutch Safety Board",
      "Buk missile system",
      "Prime minister",
      "rosja zestrzelila samolot"
    ],
    "image_evidences": [
      {
        "title": "MH17 report: Five key findings from the Dutch Safety Board - BBC News",
        "content": "",
        "caption": "The Dutch Safety Board found 16 military aircraft had been brought down in eastern Ukraine in the weeks before the MH17 disaster",
        "domain": "www.bbc.com"
      },
      {
        "title": "Malaysia Airlines Flight 17 victims still want justice 3 years after Russian Buk missile hit MH17 in Ukraine - CBS News",
        "content": "",
        "caption": "Malaysia Airlines flight shot down in eastern Ukraine ",
        "domain": "www.cbsnews.com"
      },
      {
        "title": "MH17 Ukraine disaster: Putin says UN tribunal premature - BBC News",
        "content": "",
        "caption": "Debris from the plane was scattered for miles around eastern Ukraine",
        "domain": "www.bbc.com"
      },
      {
        "title": "Malaysia Airlines Flight 17 families ask Donald Trump to push Russia's Vladimir Putin for answers on Buk missile strike over Ukraine - CBS News",
        "content": "",
        "caption": "Malaysia Airlines flight shot down in eastern Ukraine ",
        "domain": "www.cbsnews.com"
      },
      {
        "title": "MH17: Russia dismisses report finding rebels responsible for downing plane as 'biased and politically motivated' | The Independent | The Independent",
        "content": "",
        "caption": "The Joint Investigation Team found the missile was fired by pro-Russian rebels but did not name suspects",
        "domain": "www.independent.co.uk"
      }
    ],
    "result": {
      "confidence_score": 9,
      "explanation": "The news caption states that Brazil's biggest garbage dump, located on the outskirts of Rio de Janeiro, closed in 2012. The provided news content includes an article about 'New Hope Ecotech', a Brazilian startup, accompanied by a photograph captioned 'Brazil’s biggest garbage dump, which was located on the outskirts of Rio de Janeiro, closed in 2012'. The photograph is credited to Buda Mendes/STF/LatinContent/Getty Images. This directly supports the news caption. The image evidences provided relate to Malaysia Airlines Flight 17 and are therefore irrelevant to the claim about the Brazilian garbage dump. Thus, assessing the image evidences, it is clear they do not provide information that would contradict the claim in the caption because they cover a completely different topic.",
      "verdict": true
    }
  },
  "external_check": {
    "text_evidences": [
      {
        "title": "Life amid the trash of a Rio dump | Brazil | The Guardian",
        "content": "Life amid the trash of a Rio dump | Brazil | The Guardian",
        "caption": "A scene from Stephen Daldrys latest film, Trash, set at the Gramacho waste dump  its closure has made life worse for many people",
        "domain": "www.theguardian.com"
      }
    ],
    "result": {
      "verdict": false,
      "alignment_score": 10,
      "confidence_score": 9,
      "explanation": "The news image depicts a scene that is entirely unrelated to the context of Brazil’s largest garbage dump. It features an individual near a wreckage site, which suggests a different event, potentially a crash site, rather than garbage disposal or accumulation. In contrast, the reference images retrieved based on the caption vividly portray children amidst mounds of trash and refuse, typical of a garbage dump environment. The core visual elements and subjects expected based on the caption—such as heaps of waste, remnants of plastic, and individuals scavenging through trash—are conspicuously missing from the news image.\n\nIn assessing temporal indicators, the news image displays desolate conditions that do not align with the expected lively or chaotic nature usually associated with dumps, particularly with human activity as in the reference images. Furthermore, spatial relationships differ significantly; the scale of wreckage in the news image doesn't reflect the extensive, layered environments typical of garbage dumps seen in the references. \n\nLighting and camera angles in the news image suggest a cloudy, somber atmosphere, which is inconsistent with the brightness seen in the reference images, often depicting clear daylight conditions. Overall, there are no signs of digital manipulation in either image, but the stark differences from key visual and contextual elements lead to the conclusion that the news image misrepresents the event it is supposed to highlight.",
      "key_observations": [
        "News image shows wreckage, not garbage dump.",
        "Reference images feature children among heaps of trash, aligning with the caption.",
        "Significant differences in environment and subjects between images.",
        "Temporal indicators such as lighting and activity levels do not align."
      ]
    }
  },
  "final_result": {
    "OOC": true,
    "confidence_score": 9,
    "explanation": "The internal check suggests the caption accurately represents the image within the provided news content, with a high confidence score of 9. However, the external check, also with a high confidence score of 9 and an alignment score of 10, indicates a clear mismatch between the news image and what the caption describes (a garbage dump). The external check's analysis reveals the image shows wreckage, contrasting sharply with reference images of garbage dumps. Given the strong evidence from the external check contradicting the image's depiction, and considering the high alignment score emphasizing this mismatch, the caption is deemed out of context. The external check's assessment of visual elements, subjects, and contextual indicators is compelling. Therefore, the final determination prioritizes the external check's findings.",
    "validation_summary": "Internal check validates the caption based on the provided news article. However, the external check strongly contradicts this, showing a mismatch between the image and the caption's description of a garbage dump. The external check is prioritized due to high confidence and alignment scores."
  },
  "inference_time": 9.578651666641235
}