{
  "caption": "A US Senate report today raps the US Federal Reserve for not being strong enough on banks who manipulated markets for copper and other commodities",
  "ground_truth": false,
  "internal_check": {
    "visual_entities": [
      "Stock photography",
      "Photography",
      "Image",
      "Photograph",
      "Alamy",
      "Aerial photography",
      "Panoramic photography",
      "Mountain range",
      "Moraine",
      "Glacier",
      "Geology",
      "Valley",
      "100 Millones",
      "Anglo American plc",
      "photo library",
      "ridge"
    ],
    "image_evidences": [],
    "result": {
      "confidence_score": 2,
      "explanation": "The news caption discusses a US Senate report criticizing the Federal Reserve regarding the manipulation of markets for commodities like copper. The detected visual entities include generic terms like 'Stock photography,' 'Photography,' and 'Image,' as well as geological features like 'Mountain range' and 'Glacier.' There is no direct or clear connection between these detected visual entities and the content of the news caption. The visual entities do not show any element related to the US Senate, Federal Reserve, banks, commodities, or market manipulation. Therefore, the caption does not align with the detected visual entities.",
      "verdict": false
    }
  },
  "external_check": {
    "text_evidences": [],
    "result": null
  },
  "final_result": {
    "OOC": true,
    "confidence_score": 8,
    "explanation": "The internal check indicates that the news caption is out of context with the image based on the detected visual entities. The visual entities include generic terms and geological features, which have no direct connection to the US Senate, Federal Reserve, banks, commodities, or market manipulation, as discussed in the news caption. The internal check has a confidence score of 2, and its verdict is that the caption does not align with the detected visual entities. The external check result is 'None,' indicating a lack of external validation data. Given the explicit mismatch reported by the internal check and the absence of conflicting evidence from the external check, the caption is determined to be out of context. The confidence score is set to 8, reflecting reliance on the internal check's findings and accounting for the lack of external corroboration.",
    "validation_summary": "The internal check strongly suggests the caption is out of context due to a mismatch between the caption's content (Senate report on financial regulation) and the detected visual entities in the image (generic terms and geological features). No external validation data is available."
  },
  "inference_time": 4.901021242141724
}