{
  "caption": "Sligo Creek is now Sligo River",
  "ground_truth": true,
  "internal_check": {
    "visual_entities": [
      "Black and white",
      "Winter",
      "Freezing",
      "Monochrome / M",
      "Snow",
      "Blizzard",
      "Blizzard Entertainment",
      "Tree",
      "Branching",
      "Black",
      "Activision Blizzard",
      "Science",
      "Chemistry",
      "winter"
    ],
    "image_evidences": [],
    "result": {
      "confidence_score": 1,
      "explanation": "The news caption \"Sligo Creek is now Sligo River\" does not align with the detected visual entities, which include 'Black and white', 'Winter', 'Freezing', 'Monochrome / M', 'Snow', 'Blizzard', 'Blizzard Entertainment', 'Tree', 'Branching', 'Black', 'Activision Blizzard', 'Science', 'Chemistry', 'winter'. The detected entities describe a winter scene or relate to the company Activision Blizzard and scientific elements, while the caption refers to a change in a geographic location (Sligo Creek to Sligo River). There is no overlap or consistency between the caption and the detected visual entities. Therefore, the caption is not an accurate representation of the visual content based on the detected visual entities.",
      "verdict": false
    }
  },
  "external_check": {
    "text_evidences": [],
    "result": null
  },
  "final_result": {
    "OOC": true,
    "confidence_score": 10,
    "explanation": "The internal check indicates that the news caption \"Sligo Creek is now Sligo River\" is not an accurate representation of the image content, which is described by the entities 'Black and white', 'Winter', 'Freezing', 'Monochrome / M', 'Snow', 'Blizzard', 'Blizzard Entertainment', 'Tree', 'Branching', 'Black', 'Activision Blizzard', 'Science', 'Chemistry', 'winter'. The caption refers to a geographic location, while the image entities describe a winter scene, elements related to Activision Blizzard, and scientific concepts. There is no overlap. The internal check has a confidence score of 1, suggesting high reliability in its assessment. The external check result is 'None', indicating a lack of external validation data. Therefore, based on the strong evidence from the internal check, the caption is determined to be out of context.",
    "validation_summary": "The internal check strongly suggests the caption is out of context, and there is no external check available to either confirm or deny this."
  },
  "inference_time": 4.297269821166992
}