{
  "caption": "Stars including Reese Witherspoon Benedict Cumberbatch Robert Downey Jr and Denzel Washington have films showing at Tiff this year",
  "ground_truth": false,
  "internal_check": {
    "visual_entities": [
      "Robert Downey Jr.",
      "Joan Rivers",
      "2014 Toronto International Film Festival",
      "The Judge",
      "Reporter's Diary",
      "Actor",
      "Festival",
      "Film festival",
      "Professional M",
      "Socialite",
      "Iain Dale's Book Club",
      "Drama",
      "2014",
      "Toronto International Film Festival",
      "suit"
    ],
    "image_evidences": [
      {
        "title": "Toronto Film Festival 2014: Reporter's diary - Days 1-6 - BBC News",
        "content": "",
        "caption": "Stars including Reese Witherspoon, Benedict Cumberbatch, Robert Downey Jr and Denzel Washington have films showing at Tiff this year",
        "domain": "www.bbc.com"
      }
    ],
    "result": {
      "confidence_score": 10,
      "explanation": "The news caption states that stars including Reese Witherspoon, Benedict Cumberbatch, Robert Downey Jr., and Denzel Washington have films showing at the Toronto International Film Festival (TIFF) this year. The provided image evidence from BBC News, with the title 'Toronto Film Festival 2014: Reporter's diary - Days 1-6,' and caption 'Stars including Reese Witherspoon, Benedict Cumberbatch, Robert Downey Jr and Denzel Washington have films showing at Tiff this year', visually supports this claim. The image's domain (bbc.com) suggests a credible source. The detected visual entities (Robert Downey Jr., Toronto International Film Festival, 2014, etc.) are consistent with the news caption. The image is used in its original context and there's no sign of manipulation. The critical elements of the news narrative (the presence of the mentioned stars at TIFF) are supported by the image evidence. Therefore, the caption aligns with the visual evidence.",
      "verdict": true
    }
  },
  "external_check": {
    "text_evidences": [],
    "result": null
  },
  "final_result": {
    "OOC": false,
    "confidence_score": 10,
    "explanation": "The internal check confirms that the news caption accurately reflects the image content. The caption mentions that stars including Reese Witherspoon, Benedict Cumberbatch, Robert Downey Jr., and Denzel Washington have films showing at TIFF this year. The internal check result with a high confidence score (10) explicitly states that the image evidence supports this claim, mentioning the BBC News source and identifying visual entities consistent with the caption. The caption aligns with the visual evidence. There is no external check result provided, so the assessment is based solely on the internal check. Given the high confidence internal check result and the absence of contradictory external evidence, the caption is deemed not out of context.",
    "validation_summary": "The internal check confirms the caption accurately represents the image content with high confidence. No external check was available."
  },
  "inference_time": 4.912534952163696
}