{
  "caption": "John Kasich arrives for the New York State GOP Annual Gala at the Grand Hyatt in New York on April 14 2016",
  "ground_truth": false,
  "internal_check": {
    "visual_entities": [
      "Journalist",
      "Audience",
      "Event",
      "Statistics",
      "audience"
    ],
    "image_evidences": [],
    "result": {
      "confidence_score": 7,
      "explanation": "The caption mentions John Kasich attending a gala in New York. The detected entities include 'Audience' and 'Event', which are consistent with a gala setting. The presence of 'Journalist' and 'Statistics' could be related to the news coverage of the event or potentially part of the event itself. However, without visual confirmation of John Kasich specifically or the location, the alignment is only partial. The news content discusses Hillary Clinton and Bernie Sanders and Donald Trump, which does not contradict the caption, but provides context about the political landscape at the time of the event.",
      "verdict": true
    }
  },
  "external_check": {
    "text_evidences": [],
    "result": null
  },
  "final_result": {
    "OOC": false,
    "confidence_score": 7,
    "explanation": "The internal check suggests the caption is likely accurate. It aligns with the provided news content by mentioning John Kasich and referencing a timeframe consistent with the news article's discussion of the 2016 New York primary. The internal check's confidence score is 7. No external check was provided. Therefore, based on the available information, the caption does not appear to be out of context.",
    "validation_summary": "Internal check supports caption accuracy; no external check available."
  },
  "inference_time": 3.4663808345794678
}