{
  "caption": "Ben Bentil 51st pick Providence",
  "ground_truth": false,
  "internal_check": {
    "visual_entities": [
      "Slam dunk",
      "Tournament",
      "Multi-sport event",
      "Basketball",
      "Competition",
      "Championship",
      "Basketball moves",
      "Team",
      "Audience",
      "basketball player"
    ],
    "image_evidences": [],
    "result": {
      "confidence_score": 2,
      "explanation": "The news content discusses Derrick Rose's trial and NBA rookies making their pro debuts. The detected visual entities relate to basketball, including terms like 'slam dunk,' 'tournament,' 'basketball,' 'championship,' and 'basketball player.' However, there is no clear connection between the news content and the caption 'Ben Bentil 51st pick Providence' or the detected visual entities. The news does not mention Ben Bentil or Providence. Therefore, the caption does not align with the detected visual entities or the news content.",
      "verdict": false
    }
  },
  "external_check": {
    "text_evidences": [],
    "result": null
  },
  "final_result": {
    "OOC": true,
    "confidence_score": 9,
    "explanation": "The internal check indicates that the news content does not mention Ben Bentil or Providence, and therefore the caption 'Ben Bentil 51st pick Providence' is not aligned with the news content. The internal check result has a confidence score of 2 and a negative verdict. Since no external check was conducted, the internal check result alone determines the outcome. The caption is therefore deemed out of context. Increased confidence score because of the conclusive negative result of the internal check.",
    "validation_summary": "The internal check indicates that the caption is not related to the news content."
  },
  "inference_time": 3.8819077014923096
}