{
  "caption": "Aston Villa s supporters say the position of Alex McLeish is untenable",
  "ground_truth": true,
  "internal_check": {
    "visual_entities": [
      "Dude",
      "human"
    ],
    "image_evidences": [],
    "result": {
      "confidence_score": 2,
      "explanation": "The news caption refers to Aston Villa supporters and Alex McLeish. The detected visual entities are 'Dude' and 'human'. There is no direct link or match between these entities and the entities mentioned in the caption. The confidence is low because there's no clear connection.",
      "verdict": false
    }
  },
  "external_check": {
    "text_evidences": [
      {
        "title": "Aston Villa supporters pay for advert urging Alex McLeish to go | Alex McLeish | The Guardian",
        "content": "Aston Villa supporters pay for advert urging Alex McLeish to go ...",
        "caption": "Aston Villa's supporters say the position of Alex McLeish is untenable. Photograph: Nick Potts/PA",
        "domain": "www.theguardian.com"
      },
      {
        "title": "Alex McLeish willing to meet furious Aston Villa fans face to face | Alex McLeish | The Guardian",
        "content": "Alex McLeish willing to meet furious Aston Villa fans face to face ...",
        "caption": "'Moving across the city has stirred some emotions, which I did not anticipate,' says Aston Villa's new manager, Alex McLeish. Photograph: Nick Potts/PA",
        "domain": "www.theguardian.com"
      },
      {
        "title": "Alex McLeish's sacking is at least one decision Aston Villa got right | Aston Villa | The Guardian",
        "content": "Alex McLeish's sacking is at least one decision Aston Villa got ...",
        "caption": "Alex McLeish's tenure as Aston Villa manager was a disaster with his side struggling for form and playing drab football. Photograph: Dean Mouhtaropoulos/Getty Images",
        "domain": "www.theguardian.com"
      },
      {
        "title": "Alex McLeish booked for Aston Villa job after owner urges fans to keep their cool",
        "content": "Alex McLeish booked for Aston Villa job after owner urges fans to ...",
        "caption": "Birmingham City goalkeeper Ben Foster looks frustrated during the Barclays Premier League match between Birmingham City and Fulham",
        "domain": "www.thetimes.com"
      },
      {
        "title": "Birmingham City to report Aston Villa over move for Alex McLeish | Alex McLeish | The Guardian",
        "content": "Birmingham City to report Aston Villa over move for Alex McLeish ...",
        "caption": "Alex McLeish is expected to speak to Aston Villa about the club's managerial vacancy in the next 24 hours. Photograph: Phil Noble/Reuters",
        "domain": "www.theguardian.com"
      }
    ],
    "result": {
      "verdict": false,
      "alignment_score": 20,
      "confidence_score": 5,
      "explanation": "The news image does not significantly align with the reference images retrieved based on the caption regarding Alex McLeish. The news image features a different subject altogether and displays an individual who is not Alex McLeish, which is crucial given that the caption references the stance of McLeish's position. In contrast, the reference images clearly depict Alex McLeish in various contexts related to his coaching career, both on the sidelines and in press conferences. \n\nVisually, there are no consistent elements that link the news image with Alex McLeish; the expressions, settings, and even clothing are dissimilar. Furthermore, the background in the news image suggests a more casual setting while the reference images depict environments more aligned with football contexts (stadiums, press rooms).",
      "key_observations": "- The news image depicts an individual unrelated to the caption about Alex McLeish.  \n- Reference images show Alex McLeish in various settings related to football, contrasting with the casual outdoor backdrop of the news image. \n- There are no matching visual elements (subject, attire, or environment) between the news image and the relevant reference images. \n- Lighting and composition are markedly different, signaling a distinct context."
    }
  },
  "final_result": {
    "OOC": true,
    "confidence_score": 7,
    "explanation": "Both internal and external checks indicate that the news caption is out of context with the image. The internal check identifies a mismatch between the entities mentioned in the caption (Aston Villa supporters, Alex McLeish) and the detected visual entities ('Dude', 'human'). The external check reinforces this, noting a lack of alignment between the news image and reference images of Alex McLeish. The external check has a slightly higher confidence score (5) than the internal check (2). Given the agreement between both checks and the low alignment score (20) in the external check, the caption is considered out of context. The confidence score of 7 reflects a moderate level of certainty due to differing confidence scores of individual checks and the absence of a direct description of the image content. The validation is limited by the lack of information about what the image actually depicts.",
    "validation_summary": "Both internal and external checks confirm a mismatch between the news caption and the image. The image doesn't depict Alex McLeish or related entities mentioned in the caption."
  },
  "inference_time": 9.522964239120483
}