{
  "caption": "Daimler s selfdriving trucks are already being tested in Nevada",
  "ground_truth": true,
  "internal_check": {
    "visual_entities": [
      "Limousine",
      "Hummer",
      "Car",
      "Hummer H2 SUT",
      "Transport",
      "Motor vehicle",
      "Off-road vehicle",
      "Price",
      "Wheel",
      "A1 Stretch Limos",
      "Prom",
      "Serco",
      "Off-roading",
      "blue stretch limousine"
    ],
    "image_evidences": [
      {
        "title": "Serco criticised after hiring limo to move asylum seekers | Serco | The Guardian",
        "content": "",
        "caption": "A stretch limo Hummer. Sercos actions have been deemed totally inappropriate by the Home Office.",
        "domain": "www.theguardian.com"
      }
    ],
    "result": {
      "confidence_score": 2,
      "explanation": "The news caption discusses Daimler's self-driving trucks being tested in Nevada. The provided image evidence shows a stretch limo Hummer. The visual entities detected include 'Limousine', 'Hummer', and 'Car'. These entities are related to vehicles, but they do not specifically represent self-driving trucks, nor do they show any connection to Daimler or testing in Nevada. The image is sourced from 'www.theguardian.com' and is associated with a news story about Serco hiring a limo to move asylum seekers, which is completely unrelated to the news caption's topic. The image does not support the caption, and the visual entities do not align with the topic of self-driving trucks. Therefore, the image evidence is not relevant to the news caption.",
      "verdict": false
    }
  },
  "external_check": {
    "text_evidences": [
      {
        "title": "Nevada clears self-driving 18-wheeler for testing on public roads | Self-driving cars | The Guardian",
        "content": "Nevada clears self-driving 18-wheeler for testing on public roads ...",
        "caption": "Daimlers self-driving Inspiration big rig reads road markings and alerts the driver when it will be unable to complete a maneuver.",
        "domain": "www.theguardian.com"
      },
      {
        "title": "Nevada clears self-driving 18-wheeler for testing on public roads | Self-driving cars | The Guardian",
        "content": "Nevada clears self-driving 18-wheeler for testing on public roads ...",
        "caption": "Daimlers self-driving Inspiration big rig reads road markings and alerts the driver when it will be unable to complete a maneuver.",
        "domain": "www.theguardian.com"
      }
    ],
    "result": {
      "verdict": false,
      "alignment_score": 10,
      "confidence_score": 9,
      "explanation": "The primary focus of the news image purportedly depicts a self-driving truck in Nevada, as mentioned in the caption. However, the presented news image is of a Hummer limousine, which is not appropriate to the context of self-driving trucks, nor does it relate to Daimler. The reference images clearly illustrate self-driving trucks (specifically, models from Daimler) operating in a natural environment typical of Nevada with appropriate commercial truck features. The visual disconnect between the limousine and the standard heavy-duty truck raises significant concerns about the relevance of the news image. Key aspects such as the truck’s shape, function, and context are misrepresented, leading to confusion regarding the subject matter. There are no signs of temporal continuity, as the lighting and potential truck features in the reference images are inconsistent with the characteristics of a limousine. Given these discrepancies, the news image fails to align with the essence of the news caption and can be deemed misleading.",
      "key_observations": "- The news image depicts a Hummer limousine, not a self-driving truck.\n- Reference images show Daimler trucks, which do not resemble the limousine.\n- The environments differ: reference images show trucks in road settings typical of Nevada, while the limousine is in an urban location.\n- No temporal or spatial consistency regarding truck models and driving environments.\n- Overall, the core subject depicted in the news image is completely misaligned with the intent and context of the caption."
    }
  },
  "final_result": {
    "OOC": true,
    "confidence_score": 9,
    "explanation": "Both the internal and external checks indicate that the news caption is out of context with the provided image. The internal check (confidence score 2) identifies that the image shows a Hummer limousine, which is unrelated to Daimler's self-driving trucks being tested in Nevada, as mentioned in the caption. The external check (confidence score 9, alignment score 10) corroborates this, noting that reference images show actual Daimler self-driving trucks in Nevada, further highlighting the mismatch with the Hummer limousine. Given the consistent negative findings and high confidence scores, particularly from the external check, the caption is deemed out of context. The lower confidence score of the internal check is outweighed by the higher confidence and alignment scores of the external check and the consistency of their negative findings.",
    "validation_summary": "Both internal and external checks confirm the image of a Hummer limousine does not match the caption about Daimler's self-driving trucks in Nevada. The external check has a higher confidence and alignment score, reinforcing the determination of 'out of context.'"
  },
  "inference_time": 14.838382720947266
}