{
  "caption": "Tessa Jowell was one of Tony Blair s strongest supporters",
  "ground_truth": false,
  "internal_check": {
    "visual_entities": [
      "Tessa Jowell",
      "Bangs",
      "Hair coloring",
      "Brown hair",
      "Bob cut",
      "Long hair / M",
      "Forehead",
      "Hair",
      "Labour Party",
      "Vocal coach",
      "May",
      "Mayor of London",
      "vocal coach"
    ],
    "image_evidences": [
      {
        "title": "Tessa Jowell plans to run for London mayor - BBC News",
        "content": "",
        "caption": "Tessa Jowell",
        "domain": "www.bbc.com"
      }
    ],
    "result": {
      "confidence_score": 9,
      "explanation": "The news caption states that 'Tessa Jowell was one of Tony Blair's strongest supporters'. The news content confirms this, mentioning that she was known as one of Mr. Blair's most ardent supporters during her time in government. The image evidence provided, showing Tessa Jowell, supports the visual representation of a key individual mentioned in the news. The image title 'Tessa Jowell plans to run for London mayor' provides context aligning with her political career, as described in the news content. The domain 'www.bbc.com' is a credible news source, strengthening the reliability of the image. The entities detected in the image, such as 'Tessa Jowell' and her physical characteristics (e.g., 'Hair', 'Forehead'), align with the individual described in the news. Overall, the image evidence provides reasonable visual support for the news caption and content.",
      "verdict": true
    }
  },
  "external_check": {
    "text_evidences": [
      {
        "title": "'An inspiration to work with, and a joy to be near': tributes pour in for Tessa Jowell | Tessa Jowell | The Guardian",
        "content": "An inspiration to work with, and a joy to be near': tributes pour ...",
        "caption": "Tony Blair has led the tributes to Tessa Jowell who was a cabinet minister during his leadership.",
        "domain": "www.theguardian.com"
      },
      {
        "title": "Tessa Jowell obituary: the 'people politician' | Tessa Jowell | The Guardian",
        "content": "Tessa Jowell obituary: the 'people politician' | Tessa Jowell ...",
        "caption": "Tessa Jowell photographed at Portcullis House, Westminster in 2013.",
        "domain": "www.theguardian.com"
      },
      {
        "title": "Watch: Leading Labour candidate for London Mayor Tessa Jowell 'lies' over her love for Tony Blair | The Independent | The Independent",
        "content": "Watch: Leading Labour candidate for London Mayor Tessa Jowell ...",
        "caption": "Tessa fizzes with ideas; she has all the warmth in the world but a core of steel",
        "domain": "www.independent.co.uk"
      },
      {
        "title": "Tessa Jowell, Olympian politician",
        "content": "Tessa Jowell, Olympian politician",
        "caption": "Listen to this story",
        "domain": "www.economist.com"
      },
      {
        "title": "May and Corbyn lead MPs' tributes to Tessa Jowell | Tessa Jowell | The Guardian",
        "content": "May and Corbyn lead MPs' tributes to Tessa Jowell | Tessa Jowell ...",
        "caption": "Tessa Jowell was described as a most extraordinary politician, colleague and campaigner.",
        "domain": "www.theguardian.com"
      }
    ],
    "result": {
      "verdict": true,
      "alignment_score": 75,
      "confidence_score": 8,
      "explanation": "The analysis of the news image of Tessa Jowell shows her in a profile view, which provides a clear representation of her likeness. This is consistent with the reference images, which include various angles of Jowell, establishing a strong connection between the news caption and visual material. However, while the news image captures her well, it does not include any contextual elements related to her relationship with Tony Blair, as depicted in some reference images where both figures are depicted together in conversations. The lighting in the news image is consistent with the lighting used in other images, showing a well-lit, professional setting, thereby reinforcing visual authenticity. The time period of the news image also aligns with the era depicted in reference images, especially during Tony Blair's leadership. Overall, while there is a strong likeness and some contextual connection, the representation remains somewhat isolated from the implied context involving Blair's support. This leads to a determination that the news image, while visually consistent, does not fully capture the shared engagement of Jowell and Blair that the caption implies.",
      "key_observations": [
        "The subject in the news image matches Tessa Jowell's appearance as seen in reference images.",
        "Lighting is consistent across the images, indicating a professional setting.",
        "Subject positioning and facial expressions vary significantly; the news image focuses solely on Jowell, missing the context with Blair in some reference images.",
        "Despite being visually coherent, the news image lacks the direct engagement context suggested by the caption."
      ]
    }
  },
  "final_result": {
    "OOC": false,
    "confidence_score": 9,
    "explanation": "The internal check, with a confidence score of 9, confirms that the news caption accurately represents the image content, stating that Tessa Jowell was one of Tony Blair's strongest supporters, which aligns with the news content. The external check also supports this, with a confidence score of 8 and an alignment score of 75, indicating that the image of Tessa Jowell is consistent with reference images, even though it doesn't explicitly show her relationship with Tony Blair. Since both checks are positive and have high confidence scores, the caption is deemed not out of context.",
    "validation_summary": "Both internal and external checks suggest the caption is not out of context. The internal check strongly confirms the caption's accuracy, and the external check shows visual consistency."
  },
  "inference_time": 13.881038665771484
}