{
  "caption": "Presidential hopeful Bernie Sanders on stage for a commercial break during the Democratic Presidential Town Hall forum in Sheslow Auditorium on the Drake University campus Monday evening Jan 25 2016",
  "ground_truth": false,
  "internal_check": {
    "visual_entities": [
      "Public Relations",
      "Audience",
      "Event",
      "Public",
      "Statistics",
      "audience"
    ],
    "image_evidences": [],
    "result": {
      "confidence_score": 8,
      "explanation": "The news caption describes Bernie Sanders at a Democratic Presidential Town Hall forum at Drake University in January 2016. The detected visual entities include \"Audience,\" \"Public,\" and \"Event,\" which are consistent with a town hall setting. The caption mentions Sanders being on stage, which is a reasonable assumption for a town hall event with an audience. The presence of \"Statistics\" and \"Public Relations\" as detected entities might be related to the news coverage and the nature of the event, although they are less directly verifiable from the caption. Overall, the detected entities align with the caption's description of a political event with an audience and a speaker.",
      "verdict": true
    }
  },
  "external_check": {
    "text_evidences": [],
    "result": null
  },
  "final_result": {
    "OOC": false,
    "confidence_score": 8,
    "explanation": "The internal check result, with a confidence score of 8, indicates that the news caption accurately represents the image. The caption describes Bernie Sanders at a Democratic Presidential Town Hall forum at Drake University in January 2016. The detected visual entities align with this description. The external check result is 'None', indicating no external validation was performed. Since the internal check finds no inconsistencies and has a relatively high confidence score, and there is no conflicting external information, the caption is determined to be not out of context. No speculation or assumptions are made beyond the provided data. The absence of an external check is a limitation, but the internal check is sufficiently convincing.",
    "validation_summary": "The internal check confirms that the caption accurately reflects the image content, while no external validation data is available. Therefore the caption is not OOC."
  },
  "inference_time": 4.465689420700073
}