{
  "caption": "The fight against the Taliban has forced many to flee their homes in Pakistan s tribal areas",
  "ground_truth": false,
  "internal_check": {
    "visual_entities": [
      "Islamabad",
      "Federally Administered Tribal Area",
      "Carpet",
      "Sky M Group",
      "Grass",
      "Sunlight",
      "Christmas Day",
      "Karachi",
      "Pakistan",
      "sky"
    ],
    "image_evidences": [
      {
        "title": "A reinvigorated anti-Taliban alliance? - BBC News",
        "content": "",
        "caption": "The fight against the Taliban has forced many to flee their homes in Pakistan's tribal areas",
        "domain": "www.bbc.com"
      }
    ],
    "result": {
      "confidence_score": 9,
      "explanation": "The news caption states that the fight against the Taliban has forced many to flee their homes in Pakistan's tribal areas. The image evidence from BBC News, with the same caption, visually supports this statement. The domain (www.bbc.com) is credible. The image's presence on a BBC news article suggests that it is being used in its original context. The image likely depicts refugees or displaced people, supporting the claim of people fleeing their homes due to conflict with the Taliban. The 'Federally Administered Tribal Area' entity detected is consistent with the geographical context of the news.",
      "verdict": true
    }
  },
  "external_check": {
    "text_evidences": [
      {
        "title": "Pakistan official: 100 militants killed in fighting",
        "content": "Pakistan official: 100 militants killed in fighting",
        "caption": "Pakistani tribal people flee their villages Monday because of fighting between pro-Taliban militants and security forces, near Miran Shah in Pakistan's Waziristan region.",
        "domain": "www.nbcnews.com"
      },
      {
        "title": "Fearing and fleeing in Pakistan | Features | Al Jazeera",
        "content": "Fearing and fleeing in Pakistan | Features | Al Jazeera",
        "caption": "Jalozai camp houses 40,000 internally displaced people, 53 percent of whom are children [Asad Hashim/Al Jazeera]",
        "domain": "www.aljazeera.com"
      }
    ],
    "result": {
      "verdict": false,
      "alignment_score": 45,
      "confidence_score": 6,
      "explanation": "The news image depicts a scene at dusk with a warm, golden light casting shadows over the subjects, obscured by dust and haze. It showcases individuals in a rural setting, potentially fleeing from conflict or difficult conditions, which aligns somewhat with the caption concerning the plight of those affected by Taliban actions. However, the details differ significantly from the reference images. The references primarily illustrate distinct, self-evident scenes of people fleeing, emphasizing human faces and actions, such as walking with livestock or children, against clear backgrounds, which starkly contrasts the heavily obscured subjects in the news image. \n\nIn terms of temporal consistency, the lighting in the news image suggests it was taken during sunset which may or may not correlate with the timeframe of the events described. The reference images depict daytime scenes, suggesting variance in time of capture. The spatial relationships are also inconsistent; the news image's emphasis on dust and silhouette diminishes direct engagement with the human experiences contextualized in the caption. No apparent signs of digital manipulation are identified in either set of images. However, the overall atmosphere of the news image diverges from the core meaning conveyed by the reference images, making the context less precise than desired. Hence, its effectiveness in visually conveying the described situation is diminished, leading to the conclusion that the image does not significantly align with the context provided.",
      "key_observations": "- The news image shows a silhouetted scene at dusk, while reference images depict clear daytime scenes detailing humans and their experiences.\n- Reference images emphasize identifiable human actions (walking, tending animals), while the news image focuses on obscured figures.\n- Temporal difference noted: news image likely taken at sunset, while references show daylight.\n- Poor visual clarity in the news image, diverging from the focus on the plight of individuals in the references.\n- No signs of digital manipulation were detected in any images."
    }
  },
  "final_result": {
    "OOC": true,
    "confidence_score": 7,
    "explanation": "The internal check suggests the caption accurately represents the image (confidence score: 9, verdict: True), while the external check indicates a mismatch (confidence score: 6, verdict: False, alignment score: 45). Despite the internal check's higher confidence score, the external check raises concerns about the image's visual representation compared to reference images of people fleeing conflict. Specifically, the external check notes differences in clarity, temporal consistency (daylight vs. dusk), and the depiction of human actions. The low alignment score (45) from the external check strengthens the argument that the image doesn't align well with the caption's context. Given these discrepancies, the caption is likely out of context because the image does not sufficiently depict people fleeing conflict effectively. Therefore, prioritizing the external validation, it is determined that the image's context is questionable.",
    "validation_summary": "Internal check supports the caption, but external check reveals a mismatch in visual details and overall representation, leading to a determination of 'Out of Context'."
  },
  "inference_time": 11.092074155807495
}