{
  "caption": "Trevor Noah at the Latitude Festival Racial politics runs through his comedy like a stick of Blackpool rock",
  "ground_truth": false,
  "internal_check": {
    "visual_entities": [
      "Trevor Noah",
      "The Daily Show With Trevor Noah",
      "Television presenter",
      "Comedy",
      "Born a Crime",
      "Television",
      "Musician",
      "Girlfriend",
      "Jordyn Taylor",
      "Jon Stewart",
      "noah trevor single"
    ],
    "image_evidences": [
      {
        "title": "Trevor Noah exits the small stage with charm in sell-out South African show | South Africa | The Guardian",
        "content": "",
        "caption": "Trevor Noah at the Latitude Festival: Racial politics runs through his comedy like a stick of Blackpool rock",
        "domain": "www.theguardian.com"
      },
      {
        "title": "Guardian Africa network | Page 22 of 59 | The Guardian",
        "content": "",
        "caption": "Trevor Noah at the Latitude Festival: Racial politics runs through his comedy like a stick of Blackpool rock",
        "domain": "www.theguardian.com"
      }
    ],
    "result": {
      "confidence_score": 10,
      "explanation": "Both image evidences are from The Guardian, a credible news source, and depict Trevor Noah at the Latitude Festival. The captions associated with both images directly match the provided news caption: 'Trevor Noah at the Latitude Festival: ‘Racial politics runs through his comedy like a stick of Blackpool rock’.' This indicates a strong alignment between the news caption and the visual evidence. The presence of Trevor Noah in the images further validates the caption's claim. There are no apparent manipulations or contradictions. The images support the claim that Trevor Noah performed at the Latitude Festival and that his comedy involves racial politics.",
      "verdict": true
    }
  },
  "external_check": {
    "text_evidences": [
      {
        "title": "Trevor Noah exits the small stage with charm in sell-out South African show | South Africa | The Guardian",
        "content": "Trevor Noah exits the small stage with charm in sell-out South ...",
        "caption": "Trevor Noah at the Latitude Festival: Racial politics runs through his comedy like a stick of Blackpool rock",
        "domain": "www.theguardian.com"
      },
      {
        "title": "Trevor Noah exits the small stage with charm in sell-out South African show | South Africa | The Guardian",
        "content": "Trevor Noah exits the small stage with charm in sell-out South ...",
        "caption": "Trevor Noah at the Latitude Festival: Racial politics runs through his comedy like a stick of Blackpool rock",
        "domain": "www.theguardian.com"
      },
      {
        "title": "Trevor Noah exits the small stage with charm in sell-out South African show | South Africa | The Guardian",
        "content": "56b9480e-56da-40a9-ad35- ...",
        "caption": "Trevor Noah at the Latitude Festival: Racial politics runs through his comedy like a stick of Blackpool rock",
        "domain": "www.theguardian.com"
      },
      {
        "title": "Trevor Noah exits the small stage with charm in sell-out South African show | South Africa | The Guardian",
        "content": "56b9480e-56da-40a9-ad35- ...",
        "caption": "Trevor Noah at the Latitude Festival: Racial politics runs through his comedy like a stick of Blackpool rock",
        "domain": "www.theguardian.com"
      },
      {
        "title": "Trevor Noah exits the small stage with charm in sell-out South African show | South Africa | The Guardian",
        "content": "56b9480e-56da-40a9-ad35- ...",
        "caption": "Trevor Noah at the Latitude Festival: Racial politics runs through his comedy like a stick of Blackpool rock",
        "domain": "www.theguardian.com"
      }
    ],
    "result": {
      "verdict": false,
      "alignment_score": 70,
      "confidence_score": 8,
      "explanation": "The news image depicts Trevor Noah, who appears to be in a performance or comedic context, carrying a microphone with a bright smile. The reference images also feature Noah with consistent expressions, outfits, and contexts (performing/comedy). However, there is a notable temporal discrepancy: the reference images are dated from 2015, which raises concerns about whether they accurately represent him at the Latitude Festival. The lighting and background in both the news and reference images are similar, contributing to the perceived consistency in visuals. Nevertheless, the reference images suggest a different time period, which is relevant to the overall context of the news caption; thus, it raises questions about the authenticity of the news image in aligning with the event context. Ultimately, while the images visually align, the temporal context is misleading, impacting the overall assessment.",
      "key_observations": [
        "Facial expression and gesture match across all images, suggesting consistent behavior of the subject.",
        "Clothing and microphone position are visually consistent in both the news image and all reference images.",
        "The lighting setting appears similar, but reference images are dated, specifically indicating 2015.",
        "Lack of distinct temporal indicators in the news image makes it difficult to ascertain its authenticity as recent.",
        "The overall context of Trevor Noah performing is supported, but the reference images being outdated is a critical inconsistency."
      ]
    }
  },
  "final_result": {
    "OOC": true,
    "confidence_score": 8,
    "explanation": "The internal check indicates a strong alignment between the news caption and the image content, supporting the caption's claim that Trevor Noah performed at the Latitude Festival and that his comedy involves racial politics. However, the external check reveals a significant temporal discrepancy, as the reference images are dated from 2015. While the images share visual similarities in terms of Noah's appearance, clothing, and performance context, the outdated reference images raise concerns about the authenticity of the news image in aligning with the event context. Given the conflicting results and the temporal discrepancy highlighted by the external check, I conclude that the caption is out of context. The confidence score is 8, reflecting the strong visual similarity but significant temporal inconsistency. The internal check has a higher confidence score (10) but focuses on the caption-image content match rather than temporal accuracy, which is the core issue here. The external check is lower (8) due to the visual similarities, but its emphasis on temporal accuracy is more relevant in this case.",
    "validation_summary": "The internal check confirms the caption matches the image content. However, the external check identifies a significant temporal discrepancy with reference images from 2015, suggesting the image may not be recent or accurately represent the event described in the caption. The temporal inconsistency leads to the conclusion that the caption is out of context."
  },
  "inference_time": 11.272969007492065
}