{
  "caption": "Donald Trump Jr walks into the hall at Washington University in St Louis before the second presidential debate",
  "ground_truth": false,
  "internal_check": {
    "visual_entities": [
      "Blazer",
      "Necktie",
      "Businessperson",
      "Jacket",
      "Entrepreneur",
      "Business",
      "Gentleman",
      "Tuxedo M.",
      "Business executive",
      "Black tie",
      "blazer"
    ],
    "image_evidences": [],
    "result": {
      "confidence_score": 9,
      "explanation": "The caption states \"Donald Trump Jr walks into the hall at Washington University in St Louis before the second presidential debate.\" The detected visual entities include \"Blazer\", \"Necktie\", \"Businessperson\", \"Jacket\", \"Entrepreneur\", \"Business\", \"Gentleman\", \"Tuxedo M.\", \"Business executive\", \"Black tie\", \"blazer\". These entities suggest a formal setting with a person dressed in business attire, which is consistent with the context of Donald Trump Jr. attending a presidential debate. The presence of items like \"Blazer\", \"Necktie\", and \"Businessperson\" aligns with the description of a person walking into a hall before a formal event. Therefore, the caption accurately represents the visual content based on the detected entities.",
      "verdict": true
    }
  },
  "external_check": {
    "text_evidences": [
      {
        "title": "Clinton and Trump meet for second presidential debate",
        "content": "Clinton and Trump meet for second presidential debate",
        "caption": "Democratic presidential candidate Hillary Clinton and Republican presidential candidate Donald Trump shake hands after the second presidential debate at Washington University in St. Louis.",
        "domain": "www.usatoday.com"
      },
      {
        "title": "Roles of Trump children blur line between politics, business  The Denver Post",
        "content": "Roles of Trump children blur line between politics, business  The ...",
        "caption": "From left, President-elect Donald Trump's wife, Melania; daughter, Ivanka; son, Eric; and son Donald Trump, Jr. attend the town hall debate at Washington University on Oct. 9, 2016 in St Louis, Missouri.",
        "domain": "www.denverpost.com"
      }
    ],
    "result": {
      "verdict": false,
      "alignment_score": 45,
      "confidence_score": 6,
      "explanation": "The news image depicts Donald Trump Jr. walking into a hall, which aligns contextually with the subject of the caption: his presence at Washington University in St. Louis during a presidential debate-related event. However, there are several inconsistencies when compared to the reference images. \n\n1. **Visual Elements**: The news image shows Trump Jr. in a gray suit with a light blue tie, while other reference images (particularly the third one) show him with his family in a different context and attire at a debate setting. The environment in the news image suggests a backstage or hall entry, which contrasts with the debate stage settings evident in the references. \n\n2. **Temporal Indicators**: There are no explicit temporal markers in the news image to indicate when it was taken relative to the debate event. The lighting in the news image appears artificial and focused, typical of an indoor event, but the reference images depict a stage setting with natural lighting from the venue, which adds to their context of the actual debate.\n\n3. **Spatial Relationships**: In the news image, Trump Jr. is seen moving towards a crowd, while in the reference images, he is positioned alongside other prominent figures, suggesting a direct engagement with the debate. The environments feature crowds that align with the anticipation of a live event, showcasing a more vibrant atmosphere.\n\n4. **Signs of Digital Manipulation**: No immediate signs of manipulation were visible in the news image. However, the difference in atmosphere and context raises questions about the authenticity of it representing the described event faithfully.\n\nOverall, while the news image includes Donald Trump Jr., it lacks the distinctive context and environment of the presidential debate, leading to a lower alignment score and a verdict of potentially misleading content. Despite the presence of the subject, the temporal and contextual elements do not sufficiently match the implications of the news caption.",
      "key_observations": [
        "Trump Jr. appears as the primary subject in both the news and reference images, but the environments differ significantly.",
        "The news image captures him alone in a hall context, lacking the vibrant atmosphere of the debate depicted in references.",
        "Lighting and context of the news image is less aligned with the expected setting of a presidential debate, which affects visual consistency."
      ]
    }
  },
  "final_result": {
    "OOC": true,
    "confidence_score": 7,
    "explanation": "The internal check suggests the caption accurately represents the image content, with a high confidence score of 9. It identifies visual entities consistent with the caption's description of Donald Trump Jr. in a formal setting. However, the external check contradicts this, indicating a potential mismatch. Although the image does feature Donald Trump Jr., the context (environment, attire, lighting) differs significantly from reference images associated with the described event (the second presidential debate). The external check gives a lower confidence score of 6 and an alignment score of 45. Considering these conflicting results, I'm prioritizing the external check due to the significant contextual differences highlighted, suggesting the image may not be directly related to the debate event described in the caption. The caption is therefore deemed out of context.",
    "validation_summary": "Internal check says caption matches image content, but external check indicates a mismatch with expected debate context. External check is prioritized due to contextual inconsistencies."
  },
  "inference_time": 11.308571338653564
}