{
  "caption": "Steven Gerrard and Wayne Rooney in action together for England",
  "ground_truth": false,
  "internal_check": {
    "visual_entities": [
      "Wayne Rooney",
      "Germany national football team",
      "England national football team",
      "Everton FC",
      "World Cup",
      "The UEFA European Football Championship",
      "Goal",
      "Thomas Muller",
      "Steven Gerrard",
      "Marc-Andre ter Stegen",
      "Joachim Low",
      "Frank Lampard",
      "player"
    ],
    "image_evidences": [
      {
        "title": "Dont believe the scare stories. Foreign fans will be protected better than some might deserve | World Cup | The Guardian",
        "content": "",
        "caption": "Former England stars Steven Gerrard, left, and Wayne Rooney are better known in Russia than domestic politicians.",
        "domain": "www.theguardian.com"
      }
    ],
    "result": {
      "confidence_score": 9,
      "explanation": "The news caption mentions Steven Gerrard and Wayne Rooney in action together for England, and the provided image evidence from theguardian.com shows a picture of Steven Gerrard and Wayne Rooney with the caption 'Former England stars Steven Gerrard, left, and Wayne Rooney'. This directly supports the news caption. The domain, theguardian.com, is a credible news source. The image context aligns with the news, showing both players who are mentioned in the article and caption.",
      "verdict": true
    }
  },
  "external_check": {
    "text_evidences": [
      {
        "title": "Steven Gerrard backs Wayne Rooney for England captaincy | Steven Gerrard | The Guardian",
        "content": "Steven Gerrard backs Wayne Rooney for England captaincy | Steven ...",
        "caption": "Steven Gerrard and Wayne Rooney in action together for England. Photograph: Nick Potts/PA",
        "domain": "www.theguardian.com"
      },
      {
        "title": "England v Montenegro: Wayne Rooney and Daniel Sturridge can be the perfect partnership says captain Steven Gerrard | The Independent | The Independent",
        "content": "England v Montenegro: Wayne Rooney and Daniel Sturridge can be the ...",
        "caption": "Daniel Sturridge and Wayne Rooney in action for England against Ireland in May",
        "domain": "www.independent.co.uk"
      },
      {
        "title": "The Question: Do formations have to be symmetrical? | England | The Guardian",
        "content": "The Question: Do formations have to be symmetrical? | England ...",
        "caption": "The England coach, Fabio Capello, has found a way to combine Steven Gerrard and Wayne Rooney to potentially useful effect. Photograph: Carl Recine/Action Images",
        "domain": "www.theguardian.com"
      },
      {
        "title": "Switzerland vs England: Wayne Rooney left to reflect on captaincy debut but England skipper has eyes only for Swiss | The Independent | The Independent",
        "content": "Switzerland vs England: Wayne Rooney left to reflect on captaincy ...",
        "caption": "Wayne Rooney has been taking advice from the former England captain Steven Gerrard",
        "domain": "www.independent.co.uk"
      },
      {
        "title": "Englands Steven Gerrard reached the end of his road against Uruguay | England | The Guardian",
        "content": "England's Steven Gerrard reached the end of his road against ...",
        "caption": "England's Steven Gerrard is beaten to the ball by Uruguay's Cristian Rodrguez during his side's defeat. Photograph: Paul Harding/Action Images",
        "domain": "www.theguardian.com"
      }
    ],
    "result": {
      "verdict": true,
      "alignment_score": 88,
      "confidence_score": 9,
      "explanation": "The news image prominently features Steven Gerrard and Wayne Rooney, both prominent football players for England, depicting them in a happy moment, presumably celebrating a significant play or victory. This aligns well with the caption, which specifies them 'in action together for England.' The athletes are wearing their white national team kits, which matches the ensemble expected in reference images. The background shows a stadium filled with spectators, consistent with the context of a football match. In the analyzed reference images, there are several instances of Gerrard and Rooney pictured together, often displaying camaraderie on the field, which reinforces the validity of the news image. During different matches, they consistently exhibit similar expressions—smiling, communicating, or celebrating a moment in the game—demonstrating strong visual consistency. The lighting in the news image matches the atmospheric conditions expected during a match, as seen in the reference images, which usually have a professional stadium lighting setup. There are no significant discrepancies regarding the players’ poses or expressions that would suggest manipulation. Overall, while the news image lacks specific match context (like the score or significant event details), it accurately represents the players and the essence of their connection during an England match.",
      "key_observations": [
        "Both athletes are present, matching the caption's requirement.",
        "They are wearing the correct England kits, confirming the purposeful context of being in a game.",
        "The joyful demeanor of Rooney and Gerrard aligns with typical celebratory moments captured in sports visuals.",
        "Background is consistent with stadium environments depicted in reference images.",
        "Lighting conditions suggest a typical match atmosphere, aligning with the reference set."
      ]
    }
  },
  "final_result": {
    "OOC": false,
    "confidence_score": 9,
    "explanation": "Both the internal and external checks indicate that the news caption accurately represents the image. The internal check has a confidence score of 9 and confirms that the image shows Steven Gerrard and Wayne Rooney, as stated in the caption. The external check also has a confidence score of 9 and an alignment score of 88, further supporting that the image accurately depicts Gerrard and Rooney in action for England. Since both checks agree and have high confidence scores, the caption is deemed not out of context.",
    "validation_summary": "Both internal and external checks confirm the caption's accuracy with high confidence; therefore, the caption is not out of context."
  },
  "inference_time": 14.256588697433472
}