{
  "caption": "Bruce Dern and Will Forte in Nebraska Dern and the film s director David Payne also received Oscar nominations",
  "ground_truth": true,
  "internal_check": {
    "visual_entities": [
      "David Grant",
      "Kate Grant",
      "Woody Grant",
      "2013",
      "Drama",
      "Nebraska",
      "Devin Ratray",
      "Bruce Dern",
      "June Squibb",
      "Will Forte",
      "Tim Driscoll",
      "Alexander Payne",
      "Bob Odenkirk",
      "devin ratray nebraska"
    ],
    "image_evidences": [],
    "result": {
      "confidence_score": 10,
      "explanation": "The news caption mentions Bruce Dern and Will Forte in Nebraska. The detected visual entities include 'Bruce Dern' and 'Will Forte' as well as 'Nebraska'. This indicates a match between the caption and the detected entities. The caption also mentions David Payne (identified in the news content as the director, Alexander Payne), although 'David Payne' is not a detected visual entity. However, Alexander Payne is mentioned in the detected entities, so this supports the caption. Therefore, the caption aligns with the detected visual entities.",
      "verdict": true
    }
  },
  "external_check": {
    "text_evidences": [
      {
        "title": "Sneak peek: Alexander Payne hits the road in 'Nebraska'",
        "content": "Sneak peek: Alexander Payne hits the road in 'Nebraska'",
        "caption": "Bruce Dern, left, is Woody Grant, and Will Forte is his son, David. They go on a road trip together in 'Nebraska,' the new film from director Alexander Payne.",
        "domain": "www.usatoday.com"
      }
    ],
    "result": {
      "verdict": false,
      "alignment_score": 40,
      "confidence_score": 6,
      "explanation": "The news image captures three characters in a close and jovial setting, characterized by laughter and a casual atmosphere, which contrasts sharply with the reference images depicting more serious, introspective moments associated with the film \"Nebraska.\" The subjects in the news image do not align with the prominent characters, Bruce Dern and Will Forte, who are instead shown walking in the reference images. This indicates a significant visual deviation from the expected portrayal in the context of the caption. Additionally, the lighting and mood of the news image are bright and playful, whereas the reference images typically exhibit darker tones and a more somber feel, which are consistent with the film's themes. Temporal consistency is maintained in both images being presented in black and white, yet they convey entirely different narratives. Overall, while the news image is not misrepresentative of a film context, it does not accurately reflect the scene that would be expected based on the caption, which specifically mentions the actors in a potentially serious or character-driven context.",
      "key_observations": "- The news image features three different characters in a casual setting, unrepresentative of Bruce Dern and Will Forte.  \n- The reference images emphasize serious themes and character interactions, aligning with the film's narrative.  \n- Lighting conditions differ significantly; the news image is bright and jovial, while reference images are darker and more contemplative.  \n- Both images are in black and white, maintaining a temporal consistency but indicating divergent moods.  \n- Overall visual elements differ, especially in character focus and emotional tone."
    }
  },
  "final_result": {
    "OOC": true,
    "confidence_score": 7,
    "explanation": "The internal check suggests the caption accurately reflects the image (confidence score: 10), noting the presence of Bruce Dern, Will Forte, and the 'Nebraska' theme. However, the external check (confidence score: 6, alignment score: 40) contradicts this, stating that the image features three characters in a jovial setting, unlike the serious tone and character depictions expected from 'Nebraska' reference images. Given the conflicting results, I prioritize the external check due to its focus on visual comparison with reference images, which is directly relevant to caption accuracy. Although the internal check has a higher confidence score, it primarily relies on named entity recognition, which can be misleading if the image's context is different from what the entities suggest. Therefore, the image does not appear to accurately represent Bruce Dern and Will Forte in the context of the film 'Nebraska', as the external check details significant visual deviations and mood discrepancies. The lower alignment score from the external check further supports this conclusion.",
    "validation_summary": "Internal check suggests the caption is accurate based on named entities. External check, however, indicates the image does not match the expected visual representation of 'Nebraska' and its characters, contradicting the caption."
  },
  "inference_time": 14.162949323654175
}