{
  "caption": "The IMF has reduced its 2011 forecast on UK economic growth to 175 its third cut in a year",
  "ground_truth": false,
  "internal_check": {
    "visual_entities": [
      "Font",
      "Street",
      "Sign",
      "Meter",
      "Building",
      "Walking",
      "building"
    ],
    "image_evidences": [],
    "result": {
      "confidence_score": 2,
      "explanation": "The news caption discusses economic forecasts and the IMF's assessment of the UK's economic growth. The detected visual entities include generic terms like 'Building', 'Street', 'Sign', and 'Font'. None of these entities directly relate to the specific economic details or the IMF's activities mentioned in the caption. Therefore, based solely on the detected visual entities, there is no clear alignment between the caption and the visual content. The presence of a 'building' or 'street' does not confirm or deny the economic claims. The confidence score is low due to the lack of connection.",
      "verdict": false
    }
  },
  "external_check": {
    "text_evidences": [],
    "result": null
  },
  "final_result": {
    "OOC": true,
    "confidence_score": 2,
    "explanation": "The internal check, which is the only available check, indicates that the news caption is out of context with respect to the image. The caption discusses economic forecasts, while the detected visual entities ('Building', 'Street', 'Sign', 'Font') are generic and lack direct relevance to the economic context or the IMF's activities. An external check is not available for comparison. Therefore, based on the available information, the caption is considered out of context. The confidence score is low because the assessment is based solely on the internal check's analysis of visual entities and their relevance to the caption.",
    "validation_summary": "The internal check suggests the caption is out of context due to a mismatch between the economic content and generic visual entities. No external check available."
  },
  "inference_time": 4.202366828918457
}