{
  "caption": "Missiles lay outside a bomb making Islamic State facility in Sirte Explosives are used to produce booby traps",
  "ground_truth": false,
  "internal_check": {
    "visual_entities": [
      "Stock photography",
      "Black and white",
      "Military organization",
      "Monochrome / M",
      "Photography",
      "Marksman",
      "Tree",
      "Integer",
      "Organization",
      "Black",
      "Algebra",
      "Real number",
      "monochrome photography"
    ],
    "image_evidences": [],
    "result": {
      "confidence_score": 3,
      "explanation": "The caption mentions \"Missiles lay outside a bomb making Islamic State facility in Sirte\" and \"Explosives are used to produce booby traps\". However, the detected visual entities are generic and do not specifically confirm the presence of missiles, a bomb-making facility, or explosives. The entities like 'Stock photography', 'Black and white', 'Military organization', 'Monochrome / M', 'Photography', 'Marksman', 'Tree', 'Integer', 'Organization', 'Black', 'Algebra', 'Real number', 'monochrome photography' do not directly relate to the caption's description. Therefore, based solely on the detected visual entities, it's not possible to confirm if the caption accurately represents the image content.",
      "verdict": false
    }
  },
  "external_check": {
    "text_evidences": [
      {
        "title": "Islamic State': Raqqa's loss seals rapid rise and fall - BBC News",
        "content": "Islamic State': Raqqa's loss seals rapid rise and fall - BBC News",
        "caption": "",
        "domain": "www.bbc.com"
      }
    ],
    "result": {
      "verdict": false,
      "alignment_score": 30,
      "confidence_score": 8,
      "explanation": "The news image and the reference image garnered from a search using the supplied caption display noticeable differences. The caption specifies a focus on missiles outside an Islamic State bomb-making facility in Sirte, depicting explosives used for booby traps. The news image indeed shows what appear to be large weapons or missiles in a rural setting, aligning with the aspect of missiles. However, it lacks other elements expected from the caption description, such as a recognizably bomb-making or militarized facility. \n\nThe reference image, on the other hand, shows a group of armed individuals in a desert-like area, which does not directly support the news image visually. The scene in the reference image seems to align more with militant activity rather than a storage or production facility for explosives.\n\nThe environment in the news image suggests a deserted or rural location with palm trees and vegetation, inconsistent with an active facility setting described in the caption. There are discrepancies in setting and context between the news image and what one might expect based on the caption. However, the presence of large bombs or missiles provides some partial thematic consistency with elements of the caption. \n\nDue to these inconsistencies, the news image cannot be comprehensively validated as accurately representing the scene described by the caption.",
      "key_observations": "- News image shows large missile-like objects in a rural setting with palm trees.\n- Reference image depicts armed individuals in a desert-like environment, unrelated to a storage area for explosives.\n- Missing elements in the news image: indication of a bomb-making facility or evidence of explosive production.\n- Environmental differences: rural scene vs. desert-like militant activity.\n- Partial alignment due to the presence of missiles, consistent with the caption mention of explosives."
    }
  },
  "final_result": {
    "OOC": true,
    "confidence_score": 8,
    "explanation": "Both internal and external checks suggest the caption is out of context. The internal check, with a confidence score of 3, found that the visual entities detected in the image did not specifically confirm the presence of missiles, a bomb-making facility, or explosives, as claimed in the caption. The external check, with a higher confidence score of 8 and an alignment score of 30, compared the news image with reference images obtained using the caption. It revealed discrepancies, noting that while the news image shows missile-like objects, it lacks elements expected from the caption, such as a bomb-making facility. The reference image also did not strongly support the context suggested by the news image. Given these inconsistencies and the relatively low alignment score, the caption is considered out of context.",
    "validation_summary": "Both internal and external checks indicate that the caption does not accurately represent the image. While the image contains missile-like objects, it lacks other key elements described in the caption, such as a bomb-making facility. Reference images also do not validate the context presented in the news image."
  },
  "inference_time": 10.275125741958618
}