{
  "caption": "President Obama answers a question May 4 2013 while participating in a forum on Inclusive Economic Growth and Development at the Old Custom House in San Jose Costa Rica",
  "ground_truth": false,
  "internal_check": {
    "visual_entities": [
      "Latin America",
      "Orator",
      "Speech",
      "Public speaking",
      "shierugasuGe Ming ",
      "Businessperson",
      "Ha",
      "Trade",
      "Ni",
      "No",
      "Spokesperson",
      "public speaking"
    ],
    "image_evidences": [],
    "result": {
      "confidence_score": 7,
      "explanation": "The caption mentions President Obama participating in a forum. The detected entities include 'Orator', 'Speech', 'Public speaking', and 'Spokesperson', which align with the scenario described in the caption. The news content corroborates Obama's participation in a forum in Costa Rica. The entities 'Businessperson' and 'Trade' are also relevant to the context of an economic forum. However, the detected entities 'Latin America', 'shierugasuGe Ming ', 'Ha', 'Ni', and 'No' are vague and don't have a clear connection to the caption or the news article content. Overall, the caption appears to be reasonably aligned with the detected visual entities and the context from the news content. There's no direct contradiction, but the alignment isn't perfect due to the vague entities.",
      "verdict": true
    }
  },
  "external_check": {
    "text_evidences": [
      {
        "title": "Obama wraps 3-day trip emphasizing Latin America trade",
        "content": "Obama wraps 3-day trip emphasizing Latin America trade",
        "caption": "President Obama and Costa Rican President Laura Chinchilla participate in a forum on Inclusive Economic Growth and Development at the Old Custom House in San Jose, Costa Rica.",
        "domain": "www.usatoday.com"
      }
    ],
    "result": {
      "verdict": true,
      "alignment_score": 85,
      "confidence_score": 8,
      "explanation": "The news image of President Obama aligns well with reference images related to the forum on Inclusive Economic Growth and Development held on May 4, 2013. In both the news and reference images, Obama is depicted in a formal setting, seated and engaged in conversation. Key elements such as his attire—a dark suit with a red tie—are consistent. Additionally, both images feature a similar background design and lighting that suggests they were taken during the same event. Temporal indicators, such as lighting conditions and the date, match, confirming that the events are chronologically consistent. Areas of difference include the presence of another individual in the reference images, which is not in the news image, but these differences do not detract from the overall context that the news image is portraying an event involving Obama. No signs of digital manipulation are identified, supporting the authenticity of the news image in representing the described event.",
      "key_observations": "- Both images feature President Obama in a formal setting.\n- Consistent attire: dark suit and red tie in both images.\n- Background design and lighting are similar, indicating they were taken at the same event.\n- No notable signs of digital manipulation present.\n- One reference image includes another person (not in the news image), but this does not affect context."
    }
  },
  "final_result": {
    "OOC": false,
    "confidence_score": 8,
    "explanation": "Both the internal and external checks suggest that the caption accurately represents the image. The internal check has a confidence score of 7, and the external check has a confidence score of 8 and an alignment score of 85. The internal check confirms that the entities detected in the image align with the caption's description of President Obama participating in a forum. The external check further validates this by comparing the image with reference images, finding consistency in Obama's attire, the setting, and the event's description. There are no significant contradictions or signs of manipulation. Therefore, the caption is not out of context.",
    "validation_summary": "Both internal and external checks indicate that the caption accurately represents the image of President Obama at the forum in Costa Rica. The alignment score from the external check is 85, confirming a strong match."
  },
  "inference_time": 9.560087203979492
}