{
  "caption": "Palestinian boys play at a summer camp run by the United Nations Relief and Works Agency on a beach in Gaza City",
  "ground_truth": false,
  "internal_check": {
    "visual_entities": [
      "Summer camp",
      "Recreation",
      "UNRWA",
      "Happiness",
      "Summer",
      "Smile",
      "Humanitarian aid",
      "Refugee",
      "Tourism",
      "Palestinians",
      "Laughter",
      "Camping",
      "fun"
    ],
    "image_evidences": [
      {
        "title": "Summer camps in Gaza | World news | The Guardian",
        "content": "",
        "caption": "Summer Camp: Palestinian boys play at a summer camp",
        "domain": "www.theguardian.com"
      }
    ],
    "result": {
      "confidence_score": 9,
      "explanation": "The news caption describes Palestinian boys playing at a summer camp run by UNRWA on a beach in Gaza City. The provided image evidence from theguardian.com shows an image titled 'Summer camps in Gaza' with the caption 'Summer Camp: Palestinian boys play at a summer camp.' This aligns directly with the news caption. The visual entities detected (Summer camp, Recreation, UNRWA, Summer, Palestinians, fun) are consistent with the activity described. The domain, theguardian.com, is a reputable news source, increasing confidence. The image context appears original and not repurposed. The image evidence supports the claim that Palestinian boys are playing at a summer camp.",
      "verdict": true
    }
  },
  "external_check": {
    "text_evidences": [
      {
        "title": "Playing politics: summer camp for Gaza's children | Gaza | The Guardian",
        "content": "Playing politics: summer camp for Gaza's children | Gaza | The ...",
        "caption": "Palestinian girls at an UN Relief and Works Agency day camp on the beach in Gaza City. Boys have more options and many attend summer camps run by militant groups. Photograph: Tara Todras-Whitehill/AP",
        "domain": "www.theguardian.com"
      }
    ],
    "result": {
      "verdict": true,
      "alignment_score": 75,
      "confidence_score": 7,
      "explanation": "The news image shows Palestinian boys at a summer camp enjoying their time at the beach, aligning well with the caption detailing a summer camp run by the United Nations Relief and Works Agency in Gaza City. Key visual elements such as the presence of children in summer attire (life jackets) and a beach setting are consistent with the expected environment based on the news caption. In comparing the reference images, which also depict groups of children at a beach or in the water, there is a notable consistency in the context: children playing and enjoying beach activities.\n\nThe lighting in the news image matches the bright, sunny conditions typically expected at a summer camp, indicating a warm season consistent with summer activities. The joyful expressions of the children in the news image echo the atmosphere of summer camp fun as portrayed in the reference images. \n\nHowever, there are visual differences, such as the specific actions taking place (e.g., the news image capturing a close-up and more animated expression of a boy versus a wider shot showing children in the water in the reference images). Still, these differences do not significantly detract from the overall context of children having fun at a summer camp.\n\nNo obvious signs of digital manipulation were detected in the news image, thereby supporting its authenticity. Overall, despite slight variances in composition and specific activities, the news image is contextually relevant and aligns well with the reference images of similar events.",
      "key_observations": [
        "Presence of children in life jackets, indicating a beach or water activity consistent with summer camp context",
        "Bright, sunny lighting matches the expected summer atmosphere",
        "Joyful expressions of children in both the news image and reference images convey the fun environment of the camp",
        "Visual differences in composition do not undermine the overall consistent theme of children enjoying summer activities",
        "No signs of digital manipulation detected."
      ]
    }
  },
  "final_result": {
    "OOC": false,
    "confidence_score": 8,
    "explanation": "Both the internal and external checks indicate that the caption accurately represents the image. The internal check, with a confidence score of 9, confirms that the caption aligns directly with the image and its description on theguardian.com, a reputable source. The external check, with a confidence score of 7 and an alignment score of 75, further supports this by showing consistency between the news image and reference images of similar events. There are no significant discrepancies or signs of manipulation. Given the agreement and high confidence scores, the caption is deemed not out of context.",
    "validation_summary": "Both internal and external checks confirm the caption accurately represents the image, indicating it's not out of context."
  },
  "inference_time": 9.077768564224243
}