{
  "caption": "Feb 18 2014 Phoenix Suns guard Gerald Green dunks the ball during the overtime period against the Denver Nuggets at Pepsi Center",
  "ground_truth": false,
  "internal_check": {
    "visual_entities": [
      "2013-14 Phoenix Suns season",
      "Phoenix Suns",
      "Slam dunk",
      "NBA",
      "NBA Slam Dunk Contest",
      "Basketball",
      "Brooklyn Nets",
      "Athlete",
      "Player",
      "NBA Most Improved Player Award",
      "Gerald Green",
      "basketball player"
    ],
    "image_evidences": [],
    "result": {
      "confidence_score": 9,
      "explanation": "The news caption describes Gerald Green of the Phoenix Suns dunking during a game against the Denver Nuggets. The detected visual entities include 'Phoenix Suns', 'Slam dunk', 'Basketball', 'Athlete', 'Player', 'Gerald Green', and 'basketball player'. These entities directly align with the caption's description of a basketball game where a player (Gerald Green) from the Phoenix Suns is performing a slam dunk. The mention of specific teams (Phoenix Suns) and a specific action (dunking) further supports the alignment between the detected entities and the caption. Therefore, the caption accurately represents the visual content as described by the detected entities.",
      "verdict": true
    }
  },
  "external_check": {
    "text_evidences": [
      {
        "title": "NBA photo of the day: 2017-18 season",
        "content": "NBA photo of the day: 2017-18 season",
        "caption": "April 11: Minnesota Timberwolves center Karl-Anthony Towns dunks in the second quarter against the Denver Nuggets at Target Center. The TImberwolves won, 112-106, in overtime to clinch the final NBA playoff spot.",
        "domain": "www.usatoday.com"
      },
      {
        "title": "NBA photo of the day: 2013-14 season",
        "content": "1397625775000-jordan-boards. ...",
        "caption": "April 15, 2014: Clippers center DeAndre Jordan, left, grabs a rebound in a 117-1105 win against the Nuggets. The victory keeps their hopes of snatching the West's No. 2 seed from the Thunder alive.",
        "domain": "www.usatoday.com"
      },
      {
        "title": "2016-17 NBA photo of the day",
        "content": "2016-17 NBA photo of the day",
        "caption": "Apr 10: Philadelphia 76ers mascot Franklin reacts with Indiana Pacers center Myles Turner (33) during the second half at Wells Fargo Center.",
        "domain": "www.usatoday.com"
      },
      {
        "title": "NBA photo of the day: 2013-14 season",
        "content": "NBA photo of the day: 2013-14 season",
        "caption": "April 15, 2014: Clippers center DeAndre Jordan, left, grabs a rebound in a 117-1105 win against the Nuggets. The victory keeps their hopes of snatching the West's No. 2 seed from the Thunder alive.",
        "domain": "www.usatoday.com"
      },
      {
        "title": "NBA photo of the day: 2013-14 season",
        "content": "NBA photo of the day: 2013-14 season",
        "caption": "April 15, 2014: Clippers center DeAndre Jordan, left, grabs a rebound in a 117-1105 win against the Nuggets. The victory keeps their hopes of snatching the West's No. 2 seed from the Thunder alive.",
        "domain": "www.usatoday.com"
      }
    ],
    "result": {
      "verdict": false,
      "alignment_score": 50,
      "confidence_score": 7,
      "explanation": "The news image depicts a player from the Phoenix Suns, which aligns with the caption stating that Gerald Green dunked the ball during a game against the Denver Nuggets. However, the visual elements differ significantly from the expected context. Comparing the news image to reference images that likely depict the same game or similar moments, the lighting, jersey designs, and a player involved present considerable inconsistencies. In the news image, the jersey number is '14', while other reference images do not exhibit this number with the same player or context. Additionally, while the news image shows a dunk, the background elements do not resemble the Pepsi Center, characterized by its large audience and specific structural features. The temporal consistency is questionable, as there are no indications that this scene is from February 18, 2014, which could suggest a mismatch in the timeline. There’s no visible sign of manipulation; however, the differences in context and subject indicate that the news image does not accurately represent the event as described. Therefore, while there are some matches in color and the team name, the core action and setting are not sufficiently aligned with the expected elements of the caption.",
      "key_observations": [
        "The player is wearing a Suns jersey, but the jersey number (14) doesn’t align with recognized moments of Gerald Green.",
        "The background and crowd elements dramatically differ from known images of the Pepsi Center, unlikely resembling the venue during the described game.",
        "Although it features a dunk, the context and details involving the opposing team and environment do not match expectation from the news caption."
      ]
    }
  },
  "final_result": {
    "OOC": true,
    "confidence_score": 8,
    "explanation": "The internal check suggests the caption accurately represents the image content, with a high confidence score of 9, based on visual entities such as 'Phoenix Suns', 'Slam dunk', and 'Gerald Green'. However, the external check, while having a slightly lower confidence score of 7, strongly indicates the image is out of context. The external check's alignment score is only 50, revealing discrepancies in jersey design, background, and crowd elements compared to reference images of the purported game. Specifically, the jersey number '14' is inconsistent, and the background doesn't match the Pepsi Center. Despite the internal check's positive assessment, the substantial contextual inconsistencies identified by the external check outweigh the internal check's findings. Therefore, the caption is deemed out of context. Prioritizing the external check due to significant discrepancies in contextual details leads to a decision of 'OOC: True'.",
    "validation_summary": "Internal check suggests the caption is accurate; however, the external check identifies significant contextual inconsistencies, particularly with the jersey number, background, and crowd, indicating the image is out of context."
  },
  "inference_time": 12.486348152160645
}