{
  "caption": "Sligo Creek is now Sligo River",
  "ground_truth": false,
  "internal_check": {
    "visual_entities": [
      "Stream bed",
      "Water resources",
      "Riparian zone",
      "Tributary",
      "Stream",
      "Nature reserve",
      "Geology",
      "Water",
      "Leaf",
      "Tree",
      "Bank",
      "Phenomenon",
      "State",
      "Nature",
      "Riparian water rights",
      "creek"
    ],
    "image_evidences": [],
    "result": {
      "confidence_score": 7,
      "explanation": "The news caption states \"Sligo Creek is now Sligo River.\" The detected visual entities include 'creek', 'stream', 'tributary', 'riparian zone', 'stream bed', and 'water resources'. The caption suggests a change in the water body's designation from 'creek' to 'river'. While the visual entities confirm the presence of a flowing water body, it's impossible to verify the change in designation or the accuracy of the statement based solely on the visual entities. The confidence level reflects the presence of related visual entities, but acknowledges the lack of direct corroboration for the name change.",
      "verdict": true
    }
  },
  "external_check": {
    "text_evidences": [],
    "result": null
  },
  "final_result": {
    "OOC": false,
    "confidence_score": 7,
    "explanation": "The internal check result suggests that while the image contains visual elements related to a creek or river (creek, stream, tributary, riparian zone, stream bed, and water resources), it cannot confirm the accuracy of the caption, which claims 'Sligo Creek is now Sligo River.' The internal check's confidence score is 7. The external check result is 'None,' indicating a lack of external validation. Since there is no conflicting information and the internal check does not flag the caption as definitively false, but rather unconfirmable based on the image alone, we cannot conclude that the caption is out of context. The presence of water-related visual entities aligns with the caption's subject matter, even if the specific claim of a name change cannot be validated. Therefore, the caption is not considered out of context, though its accuracy remains uncertain. The primary limitation is the inability to verify the specific claim about the name change using only the provided visual and internal check data.",
    "validation_summary": "Internal check finds visual elements related to the water body mentioned in the caption but cannot confirm the name change. No external validation available."
  },
  "inference_time": 4.923511266708374
}