{
  "caption": "A train passes through Ashford in Kent on the HS1 channel tunnel rail link",
  "ground_truth": false,
  "internal_check": {
    "visual_entities": [
      "Train",
      "Public transport",
      "Eurostar",
      "Transport",
      "Travel",
      "High Speed 1",
      "Rail transport",
      "London",
      "High Speed 2",
      "British Rail Class 373",
      "Train station",
      "train"
    ],
    "image_evidences": [
      {
        "title": "HS2 cost could be cut by one-third under private sector concession plan | HS2 | The Guardian",
        "content": "",
        "caption": "A 30-year concession to run the HS1 channel tunnel rail link was sold to a Canadian consortium in November 2010. Photograph: Gareth Fuller/PA",
        "domain": "www.theguardian.com"
      }
    ],
    "result": {
      "confidence_score": 9,
      "explanation": "The news caption mentions a train passing through Ashford in Kent on the HS1 channel tunnel rail link. The provided image evidence from The Guardian shows an image associated with the HS1 channel tunnel rail link. The caption of the image refers to the HS1 rail link being sold to a Canadian consortium. While the image itself doesn't explicitly show Ashford, Kent, or the act of a train 'passing through', it is visually consistent with the topic of the news article - HS1 rail link. The detected visual entities like 'Train', 'Public transport', 'Eurostar', 'Transport', 'Rail transport', and 'High Speed 1' align with the image's content. The absence of specific visual confirmation of Ashford, Kent, doesn't invalidate the overall alignment, as the image broadly represents the HS1 rail link mentioned in the news caption. The image source (The Guardian) is credible, contributing to the confidence level.",
      "verdict": true
    }
  },
  "external_check": {
    "text_evidences": [],
    "result": null
  },
  "final_result": {
    "OOC": false,
    "confidence_score": 9,
    "explanation": "The internal check, with a confidence score of 9, indicates that the news caption accurately represents the image. It confirms that the image is visually consistent with the HS1 rail link mentioned in the caption, despite not explicitly showing Ashford, Kent, or the act of a train 'passing through'. The detected visual entities align with the image's content. The external check result is 'None', meaning there's no conflicting information. Therefore, based on the available evidence, the caption is not out of context. The high confidence score from the internal check further supports this conclusion.",
    "validation_summary": "The internal check confirms the caption's accuracy with a high confidence score. No external check was performed, so there's no conflicting information."
  },
  "inference_time": 4.4998815059661865
}