{
  "caption": "Joe Hart left and Wayne Rooney are the two men in the spotlight as Roy Hodgson picks the new England captain",
  "ground_truth": false,
  "internal_check": {
    "visual_entities": [
      "World Cup",
      "England national football team",
      "Arsenal F.C.",
      "Liverpool F.C.",
      "Midfielder",
      "Football player",
      "Team sport",
      "Steven Gerrard",
      "Frank Lampard",
      "Jack Wilshere",
      "Guti",
      "t shirt"
    ],
    "image_evidences": [
      {
        "title": "Gary Lineker: why not let the players choose the new England captain? | Wayne Rooney | The Guardian",
        "content": "",
        "caption": "Joe Hart, left, and Wayne Rooney are the two men in the spotlight as Roy Hodgson picks the new England captain. Photograph: Scott Heavey/Getty Images",
        "domain": "www.theguardian.com"
      }
    ],
    "result": {
      "confidence_score": 10,
      "explanation": "The news caption mentions Joe Hart and Wayne Rooney as potential choices for England captain. The provided image evidence from The Guardian, a reputable source, directly supports this by showing an image of Joe Hart and Wayne Rooney with a caption that mirrors the news caption. The image caption states, \"Joe Hart, left, and Wayne Rooney are the two men in the spotlight as Roy Hodgson picks the new England captain.\" This strongly aligns with the news caption's claim, reinforcing the accuracy and relevance of the image evidence. The image domain (www.theguardian.com) is also credible.",
      "verdict": true
    }
  },
  "external_check": {
    "text_evidences": [
      {
        "title": "Gary Lineker: why not let the players choose the new England captain? | Wayne Rooney | The Guardian",
        "content": "Gary Lineker: why not let the players choose the new England ...",
        "caption": "Joe Hart, left, and Wayne Rooney are the two men in the spotlight as Roy Hodgson picks the new England captain. Photograph: Scott Heavey/Getty Images",
        "domain": "www.theguardian.com"
      },
      {
        "title": "Gary Lineker: why not let the players choose the new England captain? | Wayne Rooney | The Guardian",
        "content": "Rooney-Hart-014.jpg?width=1200 ...",
        "caption": "Joe Hart, left, and Wayne Rooney are the two men in the spotlight as Roy Hodgson picks the new England captain. Photograph: Scott Heavey/Getty Images",
        "domain": "www.theguardian.com"
      },
      {
        "title": "Gary Lineker: why not let the players choose the new England captain? | Wayne Rooney | The Guardian",
        "content": "Rooney-Hart-014.jpg?width=700& ...",
        "caption": "Joe Hart, left, and Wayne Rooney are the two men in the spotlight as Roy Hodgson picks the new England captain. Photograph: Scott Heavey/Getty Images",
        "domain": "www.theguardian.com"
      },
      {
        "title": "Gary Lineker: why not let the players choose the new England captain? | Wayne Rooney | The Guardian",
        "content": "Rooney-Hart-002.jpg?quality=85 ...",
        "caption": "Joe Hart, left, and Wayne Rooney are the two men in the spotlight as Roy Hodgson picks the new England captain. Photograph: Scott Heavey/Getty Images",
        "domain": "www.theguardian.com"
      }
    ],
    "result": {
      "verdict": true,
      "alignment_score": 95,
      "confidence_score": 9,
      "explanation": "The analysis indicates strong visual consistency between the news image and reference images based on the context provided by the caption about Joe Hart and Wayne Rooney in the spotlight as England's new captain selection by Roy Hodgson. The main subjects (Joe Hart and Wayne Rooney) appear prominently in all images, wearing similar white national team jackets with the England crest, which supports the narrative of players preparing for a significant moment in their careers as representatives of England. The lighting is consistent across images, suggesting the same setting, likely a stadium with backlighting enhancing their silhouettes, which aligns with the dramatic context commonly associated with sporting events. All reference images feature the two players in similar arrangements and expressions, maintaining a cohesive portrayal of the moment. The subtle variations in lighting and angle across the images do not detract from their overall contextual relevance; instead, they enrich the depiction of the moment. There are no apparent signs of digital manipulation that would question the authenticity of the news image. As a result, even acknowledging minor visual discrepancies, they do not severely undermine the image's ability to represent the event described in the caption effectively.",
      "key_observations": [
        "Joe Hart and Wayne Rooney are clearly visible in both news and reference images.",
        "Both players are wearing England team apparel, specifically white jackets with national symbols, consistent across all images.",
        "The lighting is backlit, leading to similar silhouettes in all images, enhancing the mood of anticipation.",
        "Positional arrangement remains consistent, with both players in the forefront, indicating a shared focus.",
        "No signs of digital manipulation or artifacts are evident.",
        "The context of the images aligns with the event described in the caption; they effectively illustrate the moment of team selection for major matches."
      ]
    }
  },
  "final_result": {
    "OOC": false,
    "confidence_score": 9,
    "explanation": "The internal check, with a confidence score of 10, confirms that the caption accurately represents the image content, specifically mentioning Joe Hart and Wayne Rooney as potential choices for England captain, which aligns with the image evidence provided by The Guardian. The external check, with a confidence score of 9 and an alignment score of 95, supports this by verifying the visual consistency between the news image and reference images, showing both players in England team apparel, which aligns with the caption's context. Both checks align and indicate the caption is not out of context. The final confidence score is the average of the confidence scores.",
    "validation_summary": "Both internal and external checks confirm that the caption accurately represents the image, with high confidence and alignment scores. Therefore, the caption is not out of context."
  },
  "inference_time": 11.215327024459839
}