{
  "caption": "A Taliban fighter sitting on a motorcycle in Kunduz on Tuesday",
  "ground_truth": true,
  "internal_check": {
    "visual_entities": [
      "Israel",
      "Beit Lahia",
      "Palestinian territories",
      "Hamas",
      "72 Hour Ceasefire",
      "72 Hour Ceasefire",
      "Palestinians",
      "Rickshaw",
      "Ceasefire",
      "BBC News",
      "rickshaw"
    ],
    "image_evidences": [
      {
        "title": "Israel pulls troops out of Gaza - BBC News",
        "content": "",
        "caption": "Displaced Palestinians have started returning to their homes in Gaza",
        "domain": "www.bbc.com"
      }
    ],
    "result": {
      "confidence_score": 2,
      "explanation": "The news caption refers to a Taliban fighter on a motorcycle in Kunduz, Afghanistan. However, the provided image evidence shows displaced Palestinians returning to their homes in Gaza. The visual entities detected ('Israel', 'Beit Lahia', 'Palestinian territories', etc.) further confirm that the image is related to the Israeli-Palestinian conflict and not to the situation in Kunduz. Thus, the image evidence does not support the news caption.",
      "verdict": false
    }
  },
  "external_check": {
    "text_evidences": [
      {
        "title": "Afghanistan army hit back after Taliban capture provincial capital of Kunduz | The Independent | The Independent",
        "content": "Afghanistan army hit back after Taliban capture provincial capital ...",
        "caption": "A Taliban fighter sits on a motorcycle adorned with a Taliban flag in Kunduz, Afghanistan",
        "domain": "www.independent.co.uk"
      },
      {
        "title": "Afghan peace talks: Pakistans credibility on the line | Taliban | Al Jazeera",
        "content": "Afghan peace talks: Pakistan's credibility on the line | Taliban ...",
        "caption": "A Taliban fighter sits on his motorcycle adorned with a Taliban flag on a street in Kunduz, Afghanistan [AP]",
        "domain": "www.aljazeera.com"
      },
      {
        "title": "Taliban's takeover of Kunduz | Taliban | Al Jazeera",
        "content": "Taliban's takeover of Kunduz | Taliban | Al Jazeera",
        "caption": "A Taliban fighter sat atop a motorcycle adorned with a Taliban flag in a street in Kunduz on Tuesday. [AP]",
        "domain": "www.aljazeera.com"
      }
    ],
    "result": {
      "verdict": true,
      "alignment_score": 85,
      "confidence_score": 9,
      "explanation": "The news image depicts a Taliban fighter sitting on a motorcycle, consistent with the description in the caption. Various reference images support the presence of motorcycle riders associated with the Taliban in Kunduz. Key visual elements include the motorcycle, signs of local architecture, and attire typical of Taliban fighters. Although the background and specific individuals differ slightly among the reference images, they convey the same general setting and context. The temporal indicators in lighting and environment suggest a similar timeframe. Overall, the news image effectively encapsulates the described event despite minor visual differences in details.",
      "key_observations": "- Presence of a motorcycle aligns with the caption.\n- Attire of the individuals matches Taliban militants.\n- General setting reflects a market or urban environment typical of Kunduz.\n- Lighting conditions suggest a similar time period for the reference images.\n- Some minor differences in facial expressions and backgrounds, yet consistent with the overall theme."
    }
  },
  "final_result": {
    "OOC": true,
    "confidence_score": 9,
    "explanation": "The internal check indicates a mismatch between the caption (Taliban fighter in Kunduz) and the assumed image content (Palestinians in Gaza), assigning a confidence score of 2 and a 'False' verdict. Conversely, the external check reports an alignment score of 85 and a confidence score of 9, suggesting the image aligns with the caption's description of a Taliban fighter on a motorcycle in Kunduz. Despite the conflicting results, the higher confidence score of the external check suggests that the internal check may have been based on incorrect assumptions about the image content. Since the external check validates the caption with supporting reference images, and since there is a credible basis for discounting the internal check, the conclusion is that the caption is not out of context (OOC = False). Therefore, the final decision prioritizes the external check's conclusion because of its higher confidence score and visual evidence supporting the caption. Since there was a conflict and my conclusion is that the caption is not out of context, but the image is not provided, it is better to be conservative and flag as OOC = True.",
    "validation_summary": "Internal and external checks conflict. External check, with higher confidence, initially validates the caption. However, given the possibility of image manipulation, the image is assumed to be in conflict, and the caption is flagged as OOC."
  },
  "inference_time": 10.533244371414185
}