{
  "caption": "Those attending the service included US President Barack Obama UN Secretary General Ban Kimoon Cuban President Raul Castro French President Francois Hollande and British Prime Minister David Cameron",
  "ground_truth": false,
  "internal_check": {
    "visual_entities": [
      "Qunu",
      "President of South Africa",
      "Ceremonie d'hommage a Nelson Mandela",
      "Human",
      "Meter",
      "Statue",
      "Prime minister",
      "South African rand",
      "South Africa",
      "head"
    ],
    "image_evidences": [
      {
        "title": "Nelson Mandela memorial service: In pictures - BBC News",
        "content": "",
        "caption": "Those attending the service included US President Barack Obama, UN Secretary General Ban Ki-moon, Cuban President Raul Castro, French President Francois Hollande and British Prime Minister David Cameron.",
        "domain": "www.bbc.com"
      }
    ],
    "result": {
      "confidence_score": 10,
      "explanation": "The news caption lists several world leaders who attended the memorial service for Nelson Mandela. The provided image evidence from BBC News, titled 'Nelson Mandela memorial service: In pictures,' and captioned with the same list of world leaders (Obama, Ban Ki-moon, Castro, Hollande, Cameron), strongly supports the claim in the news caption. The domain 'www.bbc.com' is a credible news source. While the actual image is not provided, the information available strongly suggests a visual confirmation of the caption's claim. Thus, the image evidence aligns well with the news caption.",
      "verdict": true
    }
  },
  "external_check": {
    "text_evidences": [
      {
        "title": "Nelson Mandela memorial service: Tributes paid to 'giant of history' | The Independent | The Independent",
        "content": "Nelson Mandela memorial service: Tributes paid to 'giant of ...",
        "caption": "Members of the public sing and dance inside the FNB Stadium, on December 10, 2013 in Johannesburg, South Africa",
        "domain": "www.independent.co.uk"
      }
    ],
    "result": {
      "verdict": false,
      "alignment_score": 25,
      "confidence_score": 7,
      "explanation": "In comparing the news image with reference images retrieved based on the caption regarding the presence of several notable political figures, significant inconsistencies are evident. The news image depicts a woman with a picture of Nelson Mandela on her forehead, while the reference images likely emphasize the political leaders mentioned in the caption during a public event. \n - **Visual Elements**: The central figure in the news image is a woman with her mouth open as if speaking or singing, adorned with a colorful headdress. In contrast, the reference images present a crowd, predominantly depicting male figures holding large images of Nelson Mandela, with a clear political engagement theme. This indicates a stark visual departure from the expectations set by the news caption.\n - **Temporal Indicators**: The lighting in the news image is bright and indoor-like, contrasting with the outdoor setting and crowd ambiance shown in the references. Further, since these images relate to a public event, if the references were taken at a specific historical moment (such as Nelson Mandela’s memorial or similar), the context would imply formal attire, speeches, and perhaps a more somber atmosphere.\n - **Spatial Relationships and Composition**: While the news image is focused on an individual, the references capture many individuals engaged in a communal event, highlighting a different narrative altogether. \n - **Digital Manipulation**: No immediate signs of digital manipulation are apparent in either image set, although the stark differences in content and subject matter lead to questioning the relevance of the news image to the associated caption. \nOverall, while the news image is engaging, it represents a completely different context from the referenced images, suggesting an inaccurate visual representation of the situation described in the caption.",
      "key_observations": "- News image features a single woman with a personal tribute to Nelson Mandela, contrasting with the collective display of political figures in reference images.\n- Reference images likely represent a significant political event, while the news image lacks the contextual elements of such an event.\n- Lighting and setting differ significantly; news image is indoor while reference likely depicts an outdoor scenario.\n- No signs of digital manipulation noted in either set."
    }
  },
  "final_result": {
    "OOC": true,
    "confidence_score": 8,
    "explanation": "The internal check suggests the caption accurately reflects the image, based on the description of the image and the list of attendees. However, the external check, with a confidence of 7 and alignment score of 25, indicates a mismatch between the news image (woman with Mandela's picture on her forehead) and reference images (political leaders at a public event), suggesting the caption is out of context. Given the significant visual discrepancies highlighted by the external check and the low alignment score, the external check is prioritized. Thus, the caption is deemed out of context. There is a moderate level of uncertainty because while the external check suggests a mismatch, the internal check could not provide the actual image for review.",
    "validation_summary": "Internal check suggests accuracy, while external check indicates a mismatch. The external check's finding of visual discrepancy leads to the conclusion that the caption is out of context."
  },
  "inference_time": 11.288763761520386
}