{
  "caption": "A woman watches the sunset from a lifeguard chair at a beach on Lake Calhoun in Minneapolis",
  "ground_truth": true,
  "internal_check": {
    "visual_entities": [
      "Part-time job",
      "Xian Yu ",
      "Salary",
      "Week",
      "Ocean",
      "Mobile Phone",
      "weekend",
      "Zhihu",
      "Sunset",
      "Cost of living",
      "Flower",
      "Funding",
      "Cloud computing",
      "horizon"
    ],
    "image_evidences": [],
    "result": {
      "confidence_score": 7,
      "explanation": "The caption describes a woman watching the sunset from a lifeguard chair at a beach on Lake Calhoun in Minneapolis. The detected visual entities include 'Sunset' and 'Ocean' (while Lake Calhoun is a lake, it can visually resemble an ocean). The presence of 'Sunset' aligns with the caption. However, the other entities such as 'Part-time job', 'Xian Yu ', 'Salary', 'Week', 'Mobile Phone', 'Zhihu', 'Cost of living', 'Flower', 'Funding', and 'Cloud computing' do not directly relate to the described scene. Therefore, based solely on the detected entities, there is some support for the caption, but also several irrelevant entities, reducing confidence.",
      "verdict": true
    }
  },
  "external_check": {
    "text_evidences": [
      {
        "title": "America plunges into deep freeze  in pictures | World news | The Guardian",
        "content": "America plunges into deep freeze  in pictures | World news | The ...",
        "caption": "A woman watches the sunset from a lifeguard chair at a beach on Lake Calhoun in Minneapolis.",
        "domain": "www.theguardian.com"
      }
    ],
    "result": {
      "verdict": false,
      "alignment_score": 20,
      "confidence_score": 6,
      "explanation": "The news image depicts a sunset over water, featuring a silhouette of a person on a paddleboard, while the reference images focus on a lifeguard chair on a beach at Lake Calhoun, particularly in a wintery setting emphasizing ice and snow. Although both images feature sunsets, they represent vastly different environments and contexts—one being a tropical or warm setting and the other clearly a cold climate with snow present. The lifeguard chair in the references indicates it is winter, as evidenced by the snowy surroundings, while the news image suggests a warm season. Visual disparities are significant: the lifeguard chair is absent in the news image, and the overall atmosphere (seasonal elements, geographical specificity) does not align. Therefore, while they both involve sunsets and water scenes, they do not represent the same context or specific location as described in the news caption, making the news image potentially misleading.",
      "key_observations": [
        "News image shows a paddleboarder at sunset over water.",
        "Reference images feature a lifeguard chair in a winter landscape with snow.",
        "Backgrounds and lighting vary significantly between the two settings.",
        "Seasonal elements are contradictory; one suggests a warm season, the other a winter one.",
        "No elements from the reference images (like the lifeguard chair) are present in the news image."
      ]
    }
  },
  "final_result": {
    "OOC": true,
    "confidence_score": 7,
    "explanation": "The internal check has a confidence score of 7 and the external check has a confidence score of 6. Both checks indicate that the caption is misleading or inaccurate. The internal check identified several entities unrelated to the caption. The external check showed a significant difference between the news image (paddleboarder at sunset) and reference images (lifeguard chair in a winter landscape), indicating a mismatch in context and season. Given that both checks indicate a mismatch, and the internal check has a slightly higher confidence score, I conclude the caption is Out of Context. The final confidence score reflects the average confidence of the two checks.",
    "validation_summary": "Both internal and external checks suggest the caption is misleading. The news image shows a paddleboarder at sunset, while reference images depict a lifeguard chair in winter, leading to a mismatch in context and season."
  },
  "inference_time": 7.819783926010132
}