{
  "caption": "Serena Williams reacts during her match against Margarita Gasparyan on day one of The Championships Wimbledon",
  "ground_truth": true,
  "internal_check": {
    "visual_entities": [
      "Tennis",
      "Racket",
      "Tennis Racket Accessory",
      "Tennis Racket",
      "Tennis player",
      "Joint",
      "Leisure",
      "ARM Cortex-M",
      "ARM architecture",
      "Biology",
      "Science",
      "tennis"
    ],
    "image_evidences": [],
    "result": {
      "confidence_score": 9,
      "explanation": "The caption mentions Serena Williams reacting during a match against Margarita Gasparyan at Wimbledon. The detected visual entities include \"Tennis player,\" \"Tennis,\" and \"Tennis Racket,\" which strongly align with the caption's description of a tennis match involving a tennis player. The presence of \"Tennis Racket Accessory\" and other related terms further supports this alignment. Given the visual entities strongly suggest a tennis match is occurring, and the caption describes a tennis match, the caption is considered accurate.",
      "verdict": true
    }
  },
  "external_check": {
    "text_evidences": [],
    "result": null
  },
  "final_result": {
    "OOC": false,
    "confidence_score": 9,
    "explanation": "The internal check, with a confidence score of 9, indicates the caption accurately represents the image. It notes the presence of tennis-related visual entities aligns with the caption's description of a tennis match featuring Serena Williams. The external check result is 'None', meaning there's no contradicting information. Therefore, based solely on the available evidence, the caption is not out of context.",
    "validation_summary": "Internal check confirms caption accuracy with high confidence; external check provides no conflicting data."
  },
  "inference_time": 3.5289087295532227
}