{
  "caption": "Nico Rosberg watches the Singapore Grand Prix from the pit wall after he was forced to retire with mechanical problems",
  "ground_truth": true,
  "internal_check": {
    "visual_entities": [
      "2015 Formula One World Championship",
      "Formula One car",
      "Japanese Grand Prix",
      "Auto racing",
      "Formula racing",
      "Sports prototype",
      "Sports car racing",
      "Racing",
      "Race track",
      "Formula 1",
      "Lewis Hamilton",
      "Nico Rosberg",
      "Formula One drivers from Japan",
      "Daniil Kvyat",
      "formula one"
    ],
    "image_evidences": [
      {
        "title": "Nico Rosberg beats Lewis Hamilton to pole for Japanese GP | Formula One 2015 | The Guardian",
        "content": "",
        "caption": "Mercedes driver Nico Rosberg on his way to pole at Suzuka.",
        "domain": "www.theguardian.com"
      }
    ],
    "result": {
      "confidence_score": 8,
      "explanation": "The news caption describes Nico Rosberg watching the Singapore Grand Prix from the pit wall after retiring due to mechanical problems. The provided image evidence shows Nico Rosberg driving a Mercedes car at the Japanese Grand Prix in 2015. While the image shows Rosberg in a Formula One race, it's not specifically the Singapore Grand Prix as mentioned in the caption. However, the entities \"Nico Rosberg\", \"Formula One\", and \"Formula One car\" are present in both the news and the image. Although it's not a direct visual confirmation of the caption's specific scenario, the presence of related entities makes it somewhat supportive. The image domain, \"www.theguardian.com\", is a credible news source. The image title and caption provided with the image evidence suggests that the image context is preserved. The evidence is not a complete contradiction, however it shows a different event.",
      "verdict": true
    }
  },
  "external_check": {
    "text_evidences": [
      {
        "title": "Singapore Grand Prix: Nico Rosberg takes championship lead after clinching victory ahead of Daniel Ricciardo | The Independent | The Independent",
        "content": "Singapore Grand Prix: Nico Rosberg takes championship lead after ...",
        "caption": "Nico Rosberg won the Singapore Grand Prix to take the lead in the drivers' championship",
        "domain": "www.independent.co.uk"
      }
    ],
    "result": {
      "verdict": false,
      "alignment_score": 45,
      "confidence_score": 6,
      "explanation": "The analysis of the provided news image (Nico Rosberg watching the Singapore Grand Prix from the pit wall) reveals significant inconsistencies when compared with the reference images, particularly regarding both visual and contextual elements. The news image appears to depict a Formula 1 car on track, likely unrelated to the context of Rosberg watching the race from the pit wall after a retirement, as mentioned in the caption. This discrepancy in the setting is a key factor leading to the overall misalignment.  \n\nIn contrast, the reference images include one showing Rosberg celebrating with a trophy, which directly relates to his presence at a Grand Prix event. The first reference image, depicting Rosberg’s car, lacks context as well, since it does not feature him watching nor does it align with the emotional or physical position of Rosberg at the event.  \n\nThe alignment score of 45 indicates that while there are some automotive and racing elements present, the critical aspect of Rosberg 'watching' the race is absent, casting doubt on the authenticity of the image as it relates to the situation described in the caption. The confidence level of 6 suggests reasonable certainty about this misalignment, primarily due to the core absence of the intended context about Rosberg's experience at the event.",
      "key_observations": [
        "News image shows a Formula 1 car on track; lacks depiction of Nico Rosberg.",
        "Reference images show Rosberg celebrating with a trophy, relevant to his performance at the Singapore GP.",
        "News caption mentions Rosberg viewing from the pit wall after retirement; news image does not support this context.",
        "Reference imagery directly connects to the event and Rosberg’s involvement, while the news image fails to depict him or the watching scenario."
      ]
    }
  },
  "final_result": {
    "OOC": true,
    "confidence_score": 7,
    "explanation": "The internal check suggests a partial match, noting that while the image shows Nico Rosberg in a Formula One car, it's not specifically the Singapore Grand Prix, leading to a verdict of True (likely accurate). The confidence score is 8. The external check, however, indicates a mismatch. It highlights that the news image shows a Formula 1 car on track, which does not support the caption's claim of Rosberg watching from the pit wall after retiring. The external check assigns an alignment score of 45 and a confidence score of 6, suggesting a reasonable certainty about the misalignment. Given the contradiction and the slightly higher confidence score from the internal check, along with the significant misalignment highlighted by the external check, the caption is deemed OOC. The external check's focus on the absence of Rosberg 'watching' the race from the pit wall is compelling. I am prioritizing external alignment score here because there is a direct contradiction with the events described.",
    "validation_summary": "Internal check suggests a partial match, while the external check indicates a mismatch. The external check's focus on the absence of Rosberg 'watching' the race from the pit wall is compelling, leading to an OOC determination."
  },
  "inference_time": 12.46989369392395
}