{
  "caption": "A man smokes a cigarette at Conner s Pub in Indianapolis in 2011",
  "ground_truth": false,
  "internal_check": {
    "visual_entities": [
      "Smoking ban",
      "Plain tobacco packaging",
      "Ban",
      "Tobacco",
      "Virus",
      "Health",
      "Hepatitis C virus",
      "Stat",
      "Patient",
      "Vaccination",
      "shadow"
    ],
    "image_evidences": [],
    "result": {
      "confidence_score": 3,
      "explanation": "The news caption describes a man smoking a cigarette at a pub. The detected visual entities include 'Tobacco', 'Smoking ban', 'Plain tobacco packaging' and 'Health'. While 'Tobacco' relates to the caption, the other entities suggest a context that contradicts the act of smoking in a pub, as they relate to anti-smoking measures. The news content is about fitness and health rankings of cities, which supports the 'Health' entity but does not provide specific evidence to either support or refute the caption. Due to the conflicting entities (smoking vs. anti-smoking) and the lack of direct supporting evidence in the article, the caption's accuracy cannot be confirmed, and the confidence is low.",
      "verdict": false
    }
  },
  "external_check": {
    "text_evidences": [],
    "result": null
  },
  "final_result": {
    "OOC": true,
    "confidence_score": 3,
    "explanation": "The internal check suggests the caption may be out of context. The detected visual entities include 'Tobacco' which is related to the caption. However, 'Smoking ban', 'Plain tobacco packaging' and 'Health' suggest a context that contradicts the act of smoking in a pub, indicating potential misinformation or out-of-context usage. The news content, focusing on fitness and health rankings, doesn't directly support or refute the caption. The external check result is absent, so it cannot be considered. Due to the contradictory visual entities and the lack of external validation, the caption is considered out of context with low confidence.",
    "validation_summary": "Internal check identifies conflicting visual entities related to smoking and anti-smoking measures, suggesting the caption is out of context. External check data is unavailable."
  },
  "inference_time": 5.123391628265381
}