{
  "caption": "The emptiness of men Will Forte as David Grant visiting relatives Photograph by Merie W Wallace",
  "ground_truth": false,
  "internal_check": {
    "visual_entities": [
      "Woody Grant",
      "David Grant",
      "Kate Grant",
      "Drama",
      "Image",
      "2013",
      "Nebraska",
      "Devin Ratray",
      "Bruce Dern",
      "Will Forte",
      "Tim Driscoll",
      "June Squibb",
      "Alexander Payne",
      "devin ratray nebraska"
    ],
    "image_evidences": [],
    "result": {
      "confidence_score": 9,
      "explanation": "The caption mentions \"Will Forte as David Grant visiting relatives.\" The detected visual entities include \"David Grant\" and \"Will Forte\", which are consistent with the caption. The news content confirms that Will Forte plays the character David Grant. Therefore, the caption accurately represents the visual content based on the detected visual entities.",
      "verdict": true
    }
  },
  "external_check": {
    "text_evidences": [
      {
        "title": "Nebraska: money and family on the road in Midwest America | Nebraska | The Guardian",
        "content": "Nebraska: money and family on the road in Midwest America ...",
        "caption": "The emptiness of men: Will Forte (right) as David Grant, visiting relatives. Photograph by Merie W Wallace",
        "domain": "www.theguardian.com"
      },
      {
        "title": "Nebraska: money and family on the road in Midwest America | Nebraska | The Guardian",
        "content": "Nebraska: money and family on the road in Midwest America ...",
        "caption": "Family ties: Will Forte as David and Bruce Dern as Woody Grant, his father, in Alexander Payne's road movie, Nebraska. Photograph by Merie W Wallace",
        "domain": "www.theguardian.com"
      },
      {
        "title": "Nebraska: money and family on the road in Midwest America | Nebraska | The Guardian",
        "content": "Nebraska: money and family on the road in Midwest America ...",
        "caption": "Family ties: Will Forte as David and Bruce Dern as Woody Grant, his father, in Alexander Payne's road movie, Nebraska. Photograph by Merie W Wallace",
        "domain": "www.theguardian.com"
      },
      {
        "title": "Nebraska: money and family on the road in Midwest America | Nebraska | The Guardian",
        "content": "Nebraska: money and family on the road in Midwest America ...",
        "caption": "Family ties: Will Forte as David and Bruce Dern as Woody Grant, his father, in Alexander Payne's road movie, Nebraska. Photograph by Merie W Wallace",
        "domain": "www.theguardian.com"
      }
    ],
    "result": {
      "verdict": true,
      "alignment_score": 85,
      "confidence_score": 8,
      "explanation": "The news image depicts characters who closely resemble those referenced in the caption from the film 'The emptiness of men' with Will Forte and David Grant. The primary visual focus in the news image shows three adult men seated together on a couch, similar to the settings in the reference images. The ambiance is consistent with the title and mood described, as it offers a snapshot of familial interactions. \n\nMoreover, comparing the news image with reference images indicates consistency in the characters' attire and expressions, maintaining a residential setting that reinforces contextual accuracy. Both the news and reference images exhibit similar lighting conditions, predominantly soft and diffuse, typical of indoor settings, further supporting temporal consistency. \n\nDespite the visual differences such as minor position adjustments of the individuals in the scene and the exact framing, they do not detract from the overall intended context that represents connection and family ties during a visit. Thus, while there are slight variations, the primary context remains intact. No signs of digital manipulation were observed, affirming the authenticity of the image. Overall, this analysis confirms a strong alignment with the provided caption.",
      "key_observations": [
        "The subjects in the news image (three adult men) align with the expected characters mentioned in the caption.",
        "The setting is a living room environment, consistent with themes of familial gatherings.",
        "Lighting conditions in the two images are comparable, with soft, diffuse indoor lighting indicating a similar time of day.",
        "Minor positional differences between characters do not alter the core context of the image as related to the caption.",
        "No evidence of manipulation or unnatural edits was detected."
      ]
    }
  },
  "final_result": {
    "OOC": false,
    "confidence_score": 9,
    "explanation": "Both the internal and external checks indicate that the caption accurately represents the image. The internal check has a confidence score of 9 and confirms the presence of Will Forte as David Grant. The external check has a confidence score of 8 and an alignment score of 85, further supporting the accuracy of the caption in relation to the image's content and context. Since both checks agree and have high confidence and alignment scores, the caption is not out of context.",
    "validation_summary": "Both internal and external checks confirm the accuracy of the caption, indicating that it is not out of context."
  },
  "inference_time": 9.149690866470337
}