{
  "caption": "Pacific black ducks take flight from one of the waterways on the outskirts of Scottsdale Tasmania",
  "ground_truth": false,
  "internal_check": {
    "visual_entities": [
      "Scottsdale",
      "Scottsdale",
      "Landfowl",
      "Youngtown",
      "Birds",
      "Fauna",
      "The Scottsdale Bakery",
      "Norwood Cafe & Takeaway",
      "Beak",
      "Nature reserve",
      "Water bird",
      "Peafowl",
      "Arizona",
      "Tasmania",
      "fauna"
    ],
    "image_evidences": [],
    "result": {
      "confidence_score": 9,
      "explanation": "The caption mentions \"Pacific black ducks take flight from one of the waterways on the outskirts of Scottsdale Tasmania\". The detected visual entities include 'Birds', 'Water bird', 'Fauna', 'Tasmania', and 'Scottsdale'. The presence of 'Birds', 'Water bird', 'Fauna' and 'Tasmania' are consistent with ducks taking flight from a waterway. The text mentions that Scottsdale is in Tasmania, which aligns with the detected entities 'Scottsdale' and 'Tasmania'. Given these matches, the caption aligns well with the detected entities, supporting the accuracy of the caption.",
      "verdict": true
    }
  },
  "external_check": {
    "text_evidences": [
      {
        "title": "Scottsdale: a Tasmanian town in the throes of change | Australia news | The Guardian",
        "content": "Scottsdale: a Tasmanian town in the throes of change | Australia ...",
        "caption": "Pacific black ducks take flight from one of the waterways on the outskirts of Scottsdale, Tasmania.",
        "domain": "www.theguardian.com"
      },
      {
        "title": "Scottsdale: a Tasmanian town in the throes of change | Australia news | The Guardian",
        "content": "Scottsdale: a Tasmanian town in the throes of change | Australia ...",
        "caption": "The region around Scottsdale, Tasmania, makes for a stunning backdrop to walking or riding.",
        "domain": "www.theguardian.com"
      }
    ],
    "result": {
      "verdict": false,
      "alignment_score": 60,
      "confidence_score": 7,
      "explanation": "The news image shows Pacific black ducks taking flight, which correlates with the news caption emphasizing their activity in waterways near Scottsdale, Tasmania. Upon comparing the news image with the reference images, key visual elements such as the presence of the ducks, their physical characteristics, and flight posture align well. However, discrepancies appear in the background settings and overall environment. The ducks are depicted against a well-maintained grassy area with fences, common in Tasmania, but the reference images depict broader landscapes that may lack the specific habitats of the wetlands. Furthermore, while the ducks are present in both, the reference images do not capture the exact moment of flight as displayed. Additionally, while the sky conditions in the news image appear bright, the overall lighting and color tones differ in some reference images, indicating a possible temporal inconsistency. No evident signs of digital manipulation were detected; thus the image still represents the activity depicted in the caption despite some visual differences. Though the context of ducks flying is maintained, the environmental setting is not as clearly representative of the specific location mentioned in the caption, but does not negate the accuracy of the core activity being portrayed.",
      "key_observations": [
        "Ducks in flight present in both news and reference images.",
        "Background context differs: news image shows a grassy area with fences, while reference images lack specific waterways.",
        "Lighting in the news image is bright, which is slightly discordant with the usually muted tones in some reference images.",
        "No signs of digital manipulation detected."
      ]
    }
  },
  "final_result": {
    "OOC": false,
    "confidence_score": 8,
    "explanation": "The internal check, with a confidence score of 9, confirms the caption's accuracy based on detected entities like 'Birds', 'Water bird', 'Fauna', 'Tasmania', and 'Scottsdale', aligning with the description of Pacific black ducks taking flight. The external check, despite a lower confidence score of 7 and an alignment score of 60, identifies discrepancies in the background settings and lighting but acknowledges that ducks are present and taking flight in both the news and reference images. The core activity of the ducks flying is maintained. Given the internal check's higher confidence and the external check's acknowledgement of the key elements (ducks in flight), the caption is deemed not out of context. The discrepancies in background and lighting, while noted, do not negate the accuracy of the primary subject matter. Therefore, I will go with the higher confidence score in the internal check because the external check still finds ducks flying, just in a slightly different environment. The environmental setting difference is not enough to make the image out of context.",
    "validation_summary": "Internal check confirms caption accuracy with high confidence. External check notes environmental differences but acknowledges accurate depiction of ducks in flight. Caption is not OOC."
  },
  "inference_time": 12.503353118896484
}