{
  "caption": "Michael Bloomberg and Ray Kelly at a press conference after the shooting on Friday",
  "ground_truth": false,
  "internal_check": {
    "visual_entities": [
      "Empire State Building",
      "2012 Empire State Building shooting",
      "Capital city",
      "New York Gunman",
      "transfer of capital city",
      "History",
      "Crime",
      "Mass shooting",
      "Country",
      "Midtown Manhattan",
      "United States",
      "official"
    ],
    "image_evidences": [],
    "result": {
      "confidence_score": 7,
      "explanation": "The news caption mentions Michael Bloomberg and Ray Kelly at a press conference after a shooting. The detected entities include 'Empire State Building', '2012 Empire State Building shooting', 'Crime', 'Mass shooting', 'Midtown Manhattan', and 'United States', which align with the content about a shooting near the Empire State Building. However, the detected entities do not explicitly confirm the presence of Michael Bloomberg and Ray Kelly. Without visual confirmation of these individuals, the caption's accuracy is only partially supported. The confidence level reflects the uncertainty due to the missing visual evidence for the named individuals.",
      "verdict": false
    }
  },
  "external_check": {
    "text_evidences": [
      {
        "title": "NYPD chief Ray Kelly defends officers over Empire State Building shooting | NYPD | The Guardian",
        "content": "NYPD chief Ray Kelly defends officers over Empire State Building ...",
        "caption": "Michael Bloomberg and Ray Kelly at a press conference after the shooting on Friday. Photograph: Brendan Mcdermid/Reuters",
        "domain": "www.theguardian.com"
      },
      {
        "title": "Chicago and New York clock disparate year-end crime milestones | US crime | The Guardian",
        "content": "Chicago and New York clock disparate year-end crime milestones ...",
        "caption": "Michael Bloomberg and NYPD commissioner Ray Kelly. Photograph: Henny Ray Abrams/AP",
        "domain": "www.theguardian.com"
      },
      {
        "title": "Experts: Empire State Building shooting won't keep tourists away | CNN",
        "content": "Experts: Empire State Building shooting won't keep tourists away | CNN",
        "caption": "AFP/Getty Images",
        "domain": "www.cnn.com"
      },
      {
        "title": "NYPD chief Ray Kelly defends officers over Empire State Building shooting | NYPD | The Guardian",
        "content": "NYPD chief Ray Kelly defends officers over Empire State Building ...",
        "caption": "Michael Bloomberg and Ray Kelly at a press conference after the shooting on Friday. Photograph: Brendan Mcdermid/Reuters",
        "domain": "www.theguardian.com"
      }
    ],
    "result": {
      "verdict": true,
      "alignment_score": 85,
      "confidence_score": 8,
      "explanation": "The news image features Michael Bloomberg and Ray Kelly at a press conference, which is consistent with the caption describing them at a post-shooting press event. Key visual elements like the presence of both individuals and the microphones used in the press conference setting match the context of the reference images. The lighting appears natural and suitable for an outdoor press setting, aligning with the time of day indicated by the expressions and shadows in the images. \n\nWhen comparing the news image to reference images: \n- Both Bloomberg and Kelly appear prominently in front of a press backdrop, consistent with their roles in a press conference.  \n- The first reference image closely resembles the news image, confirming the primary subjects and the press environment. \n- The other reference images show variations in setting and additional individuals but maintain the key elements of presenting Bloomberg and Kelly discussing a serious event, ensuring contextual integrity. \n\nDespite minor differences in backgrounds and positioning of individuals, the overall context of a press conference with public figures discussing a critical issue remains intact. Thus, while background details may vary slightly, they do not detract from the overall accuracy of the news image with respect to the caption provided.",
      "key_observations": [
        "The news image accurately depicts Michael Bloomberg and Ray Kelly, consistent with the described context of a press conference.",
        "Both figures are positioned similarly to how they appear in reference images, maintaining their visual prominence in the scene.",
        "Lighting and expressions are natural, suggesting an outdoor setting that fits with the reference images and their apparent timestamps.",
        "The background features common elements expected in a press conference, with some references showing additional details but not contradicting the context."
      ]
    }
  },
  "final_result": {
    "OOC": false,
    "confidence_score": 8,
    "explanation": "The internal check initially flagged the caption as potentially inaccurate due to the lack of explicit confirmation of Michael Bloomberg and Ray Kelly's presence in the news content, resulting in a 'False' verdict with a confidence score of 7. However, the external check, which directly compared the image to reference images, confirmed the presence of both individuals at a press conference, aligning with the caption. This external check yielded a 'True' verdict with a high alignment score of 85 and a confidence score of 8. Given the higher confidence and direct visual evidence from the external check, the caption is deemed accurate. The initial uncertainty from the internal check is outweighed by the concrete visual verification provided by the external check.",
    "validation_summary": "Initially, the internal check was uncertain due to the lack of textual evidence. However, the external check confirmed the accuracy of the caption by directly verifying the presence of Michael Bloomberg and Ray Kelly in the image, thus supporting the caption's context."
  },
  "inference_time": 10.796152114868164
}