{
  "caption": "Germany invaded western Poland on 1 September and the USSR entered the east of the country 16 days later",
  "ground_truth": true,
  "internal_check": {
    "visual_entities": [
      "Ukraine",
      "Revolution of Dignity",
      "Riot police",
      "Snow",
      "Blizzard",
      "Ukrainians",
      "Viktor Yanukovych",
      "troop"
    ],
    "image_evidences": [
      {
        "title": "Ukraine protesters clash with police in Kiev - in pictures | World news | The Guardian",
        "content": "",
        "caption": "Ukrainian riot police line up in front of pro-European protesters.",
        "domain": "www.theguardian.com"
      }
    ],
    "result": {
      "confidence_score": 1,
      "explanation": "The news caption discusses the invasion of Poland by Germany and the USSR, while the provided image evidence shows Ukrainian protesters clashing with police in Kiev. The detected visual entities include 'Ukraine', 'Revolution of Dignity', 'Riot police', etc. This image evidence is completely unrelated to the news caption. Therefore, the image evidence does not support the news caption.",
      "verdict": false
    }
  },
  "external_check": {
    "text_evidences": [
      {
        "title": "Russia and Poland in spat over World War Two cause - BBC News",
        "content": "Russia and Poland in spat over World War Two cause - BBC News",
        "caption": "",
        "domain": "www.bbc.com"
      }
    ],
    "result": {
      "verdict": false,
      "alignment_score": 15,
      "confidence_score": 6,
      "explanation": "The news image depicts a modern scene of police in riot gear during winter weather, while the referenced images show military forces during World War II. The key visual elements associated with the news caption about Germany's invasion of Poland are absent in the news image, which instead features a heavily armored police presence and a snowy environment, inconsistent with the historical military context of the caption. The primary subjects are starkly different; the news image focuses on riot control personnel, while the reference images feature soldiers and tanks amid conflict. Temporal indicators are also misaligned; the news image suggests a modern setting likely in winter, contrasting with the summer landscape shown in the reference images. Overall, the discrepancies in visual elements and context suggest that the news image does not accurately represent the event described in the caption, leading to a determination of potential misleading content. Furthermore, there are no evident signs of digital manipulation in either image, but their thematic and contextual divergence raises significant doubts about the news image's relevance to the caption.",
      "key_observations": "- News image shows riot police in winter conditions, while reference images depict WWII soldiers in summer landscapes.\n- Different subjects: riot control personnel vs. military soldiers and tanks.\n- Temporal inconsistency: news image suggests the present day, reference images are historical.\n- No signs of digital manipulation were found, but contextual divergence indicates a misleading representation."
    }
  },
  "final_result": {
    "OOC": true,
    "confidence_score": 8,
    "explanation": "The internal check found a complete mismatch between the news caption (discussing the invasion of Poland) and the image content (Ukrainian protesters clashing with police). It gave a verdict of False (meaning out of context) with a confidence score of 1. The external check compared the news image with reference images related to the caption's topic (Germany's invasion of Poland). It also concluded that the news image does not accurately represent the event described in the caption, resulting in a verdict of False with a higher confidence score of 6 and an alignment score of 15. Because both internal and external checks resulted in 'False' and there's a significant mismatch between the image and the caption, the final verdict is Out of Context (OOC). The overall confidence score is 8, reflecting the combined confidence from both checks, with more weight given to the external check due to its higher confidence score and alignment score.",
    "validation_summary": "Both internal and external checks indicate the news caption is out of context with the provided image. The image depicts a modern scene of riot police, while the caption discusses the invasion of Poland during World War II."
  },
  "inference_time": 17.143733501434326
}