{
  "caption": "Alain Resnais who has died aged 91 reacts after receiving the lifetime achievement award at the Cannes film festival in 2009",
  "ground_truth": false,
  "internal_check": {
    "visual_entities": [
      "Alain Resnais",
      "Hiroshima, My Love",
      "Film director",
      "Berlin International Film Festival",
      "French New Wave",
      "Director",
      "Art",
      "Filmmaking",
      "Cinema",
      "Last Year at Marienbad",
      "Life of Riley",
      "Smoking/No Smoking",
      "I Love You, I Love You",
      "Alain Resnais"
    ],
    "image_evidences": [
      {
        "title": "Acclaimed French film director Alain Resnais dies aged 91 | Film | The Guardian",
        "content": "",
        "caption": "Alain Resnais, who has died aged 91, reacts after receiving the lifetime achievement award at the Cannes film festival in 2009. Photograph: Eric Gaillard/Reuters",
        "domain": "www.theguardian.com"
      }
    ],
    "result": {
      "confidence_score": 10,
      "explanation": "The news caption and content describe Alain Resnais receiving a lifetime achievement award at the Cannes Film Festival in 2009. Evidence 1 shows an image of Alain Resnais at the Cannes Film Festival in 2009 receiving a lifetime achievement award, which directly supports the caption and news article. The image's caption on The Guardian's website explicitly states this event, aligning perfectly with the news. The domain \"www.theguardian.com\" is a credible news source. Therefore, the image provides visual confirmation of the event described in the news.",
      "verdict": true
    }
  },
  "external_check": {
    "text_evidences": [
      {
        "title": "Acclaimed French film director Alain Resnais dies aged 91 | Film | The Guardian",
        "content": "Acclaimed French film director Alain Resnais dies aged 91 | Movies ...",
        "caption": "Alain Resnais, who has died aged 91, reacts after receiving the lifetime achievement award at the Cannes film festival in 2009. Photograph: Eric Gaillard/Reuters",
        "domain": "www.theguardian.com"
      },
      {
        "title": "Alain Resnais obituary | Movies | The Guardian",
        "content": "Alain Resnais obituary | Movies | The Guardian",
        "caption": "Alain Resnais was pronounced  a poet-director by the actor Dirk Bogarde after they worked together on Providence, 1977. Photograph: Georges Pierre/Sygma/Corbis",
        "domain": "www.theguardian.com"
      },
      {
        "title": "Alain Resnais snubbed at 2014 Oscars | Oscars 2014 | The Guardian",
        "content": "Alain Resnais snubbed at 2014 Oscars | Oscars 2014 | The Guardian",
        "caption": "Oscar remembers ... Alain Resnais. Photograph: Alberto Pizzoli/AFP/Getty Images",
        "domain": "www.theguardian.com"
      },
      {
        "title": "Acclaimed French film director Alain Resnais dies aged 91 | Film | The Guardian",
        "content": "Acclaimed French film director Alain Resnais dies aged 91 | Movies ...",
        "caption": "Alain Resnais, who has died aged 91, reacts after receiving the lifetime achievement award at the Cannes film festival in 2009. Photograph: Eric Gaillard/Reuters",
        "domain": "www.theguardian.com"
      },
      {
        "title": "Acclaimed French film director Alain Resnais dies aged 91 | Film | The Guardian",
        "content": "Alain-Resnais--009.jpg?width= ...",
        "caption": "Alain Resnais, who has died aged 91, reacts after receiving the lifetime achievement award at the Cannes film festival in 2009. Photograph: Eric Gaillard/Reuters",
        "domain": "www.theguardian.com"
      }
    ],
    "result": {
      "verdict": true,
      "alignment_score": 85,
      "confidence_score": 9,
      "explanation": "The analysis of the news image against the reference images provides a strong alignment concerning the visual elements and context based on the caption. The news image depicts Alain Resnais, who is shown at the Cannes Film Festival, notably wearing sunglasses, and raising both hands, which aligns with the context of celebrating an achievement. Reference images from the event reflect Resnais in similar attire, gestures, and postures, indicating consistency in visual elements. The color scheme primarily consists of dark and vibrant tones, consistent across both the news and reference images, reinforcing a celebratory atmosphere. Temporal consistency is also observed; the lighting and background appear similar across images, suggesting alignment in location and time. The positioning within the frame, with Resnais at the forefront, is depicted identically in the reference images, enhancing the credibility of the presentation. Overall, while there are minor differences in angles or moments captured, the core context remains consistent, and substantial elements match, allowing for a verdict of true in representing the event described in the caption. The overall alignment score reflects high confidence in the consistency, while the lowered score acknowledges slight variances in angle and exact moment captured. No signs of manipulation were detected, and the image presents the event accurately without misleading content.",
      "key_observations": [
        "The subject, Alain Resnais, is consistently represented across images, with similar gestures and attire.",
        "The color palette (dark clothing with bright backgrounds) aligns across images, presenting a harmonious visual context.",
        "No significant temporal discrepancies observed; lighting and settings match across the context of the images and event.",
        "Positioning and scale are consistent, with Resnais being the focal point in all relevant images.",
        "Minimal differences in angles or minor expressions do not detract from the contextual relevance."
      ]
    }
  },
  "final_result": {
    "OOC": false,
    "confidence_score": 9,
    "explanation": "Both the internal and external checks support the caption's accuracy. The internal check has a perfect confidence score of 10, confirming the caption's alignment with the news content regarding Alain Resnais receiving a lifetime achievement award at the Cannes Film Festival in 2009. The external check, with a confidence score of 9 and an alignment score of 85, reinforces this by visually confirming that the image aligns with reference images of the event, showing Resnais in similar attire and gestures. Given the high confidence and alignment scores from both validation methods, the caption accurately represents the image.",
    "validation_summary": "Both internal and external checks confirm the caption accurately represents the image of Alain Resnais at the Cannes Film Festival in 2009. No conflicting information was found."
  },
  "inference_time": 11.692007541656494
}