{
  "caption": "In 18th place Ford Explorer",
  "ground_truth": false,
  "internal_check": {
    "visual_entities": [
      "Ford",
      "2011 Ford Explorer",
      "Sport utility vehicle",
      "Ford Motor Company",
      "Car",
      "Crossover",
      "Ford Mustang",
      "Off-road vehicle",
      "Bumper",
      "Motor vehicle",
      "Off-roading",
      "Ford",
      "Ford Explorer",
      "ford"
    ],
    "image_evidences": [],
    "result": {
      "confidence_score": 9,
      "explanation": "The news caption 'In 18th place Ford Explorer' aligns with the detected visual entities. The entities include 'Ford Explorer', 'Ford', 'Sport utility vehicle', and 'Car'. The news content also mentions the Ford Explorer and its ranking in the list of best-selling vehicles. The caption accurately reflects the presence of the Ford Explorer and its relative position as described in the news content. Therefore, the caption is considered accurate based on the detected visual entities and the news content.",
      "verdict": true
    }
  },
  "external_check": {
    "text_evidences": [],
    "result": null
  },
  "final_result": {
    "OOC": false,
    "confidence_score": 9,
    "explanation": "The internal check, with a confidence score of 9, confirms that the caption 'In 18th place Ford Explorer' accurately represents the presence of a Ford Explorer, as supported by the news content discussing its sales ranking. The caption aligns with the news content, specifically mentioning the Ford Explorer and its position in the best-selling vehicles list. There is no external check provided, but given the strong internal check results, I find no reason to believe the caption is out of context. Therefore, the caption is deemed not out of context.",
    "validation_summary": "The internal check confirms the caption's accuracy in relation to the Ford Explorer's ranking. No external check was available."
  },
  "inference_time": 3.751575469970703
}