{
  "caption": "Pau Gasol left of Spain in action against Paul George of the United States during the men s basketball semifinal game",
  "ground_truth": true,
  "internal_check": {
    "visual_entities": [
      "Pau Gasol",
      "Spain men's national basketball team",
      "NBA",
      "United States national basketball team",
      "2014 FIBA Basketball World Cup",
      "Olympic Games",
      "NBA All-Star Game",
      "Basketball",
      "FIBA",
      "Competition",
      "NBA basketball game",
      "Marc Gasol",
      "FIBA Basketball World Cup",
      "overseas professional basketball"
    ],
    "image_evidences": [],
    "result": {
      "confidence_score": 10,
      "explanation": "The news caption mentions 'Pau Gasol' and 'Spain in action against Paul George of the United States during the men s basketball semifinal game'. The detected visual entities include 'Pau Gasol', 'Spain men's national basketball team', 'United States national basketball team', 'Olympic Games', 'Basketball', and 'Competition'. These entities directly support the caption's claim of a basketball game between Spain and the United States involving Pau Gasol. The news content also describes the Olympics. Therefore, the caption aligns well with the detected visual entities and the provided news content, confirming the caption's accuracy.",
      "verdict": true
    }
  },
  "external_check": {
    "text_evidences": [],
    "result": null
  },
  "final_result": {
    "OOC": true,
    "confidence_score": 8,
    "explanation": "The internal check asserts the caption is accurate with high confidence (confidence score: 10), stating that the detected visual entities align with the caption's description of a basketball game between Spain and the United States involving Pau Gasol, which is directly supported by the news content mentioning the Olympics. However, the news content actually describes a U.S. women's water polo team winning gold, which directly contradicts the caption's description of a men's basketball game. Because the news content contradicts the caption while the internal check supports the caption, the caption is determined to be out of context. The confidence score is decreased due to the conflict between the internal check's result and the provided news article, but it remains high because the internal check has a high confidence.",
    "validation_summary": "The internal check supports the caption, but the news content directly contradicts it, indicating that the caption is being used out of context. The news is about women's water polo and not men's basketball."
  },
  "inference_time": 4.322817087173462
}