{
  "caption": "Ms Cafferkey thanked staff at the Royal Free including senior matron Breda Athan and consultant Dr Michael Jacob for the care she received",
  "ground_truth": false,
  "internal_check": {
    "visual_entities": [
      "Pauline Cafferkey",
      "Royal Free Hospital",
      "Nursing",
      "Health",
      "Senior Matron",
      "Glasgow",
      "Hospital",
      "NHS Education Scotland",
      "Roche Holding AG",
      "London",
      "senior citizen"
    ],
    "image_evidences": [
      {
        "title": "Ebola nurse Pauline Cafferkey 'has made full recovery' - BBC News",
        "content": "",
        "caption": "Ms Cafferkey thanked staff at the Royal Free, including senior matron Breda Athan and consultant Dr Michael Jacobs (both pictured), for the care she received",
        "domain": "www.bbc.com"
      }
    ],
    "result": {
      "confidence_score": 10,
      "explanation": "The news caption states Ms. Cafferkey thanked staff at the Royal Free, including senior matron Breda Athan and consultant Dr. Michael Jacobs. The provided image evidence from BBC News shows Ms. Cafferkey, Breda Athan, and Dr. Michael Jacobs, directly corroborating the caption. The image's caption on BBC News explicitly states the pictured individuals are Breda Athan and Dr. Michael Jacobs. The domain (www.bbc.com) is a credible news source. Therefore, the image provides strong visual support for the news caption.",
      "verdict": true
    }
  },
  "external_check": {
    "text_evidences": [
      {
        "title": "Ebola nurse Pauline Cafferkey 'has made full recovery' - BBC News",
        "content": "Ebola nurse Pauline Cafferkey 'has made full recovery' - BBC News",
        "caption": "Ms Cafferkey thanked staff at the Royal Free, including senior matron Breda Athan and consultant Dr Michael Jacobs (both pictured), for the care she received",
        "domain": "www.bbc.com"
      },
      {
        "title": "Ebola nurse Pauline Cafferkey 'has made full recovery' - BBC News",
        "content": "_86637020_paulinecafferkey.jpg",
        "caption": "Ms Cafferkey thanked staff at the Royal Free, including senior matron Breda Athan and consultant Dr Michael Jacobs (both pictured), for the care she received",
        "domain": "www.bbc.com"
      },
      {
        "title": "Ebola nurse Pauline Cafferkey 'has made full recovery' - BBC News",
        "content": "_86637020_paulinecafferkey.jpg ...",
        "caption": "Ms Cafferkey thanked staff at the Royal Free, including senior matron Breda Athan and consultant Dr Michael Jacobs (both pictured), for the care she received",
        "domain": "www.bbc.com"
      },
      {
        "title": "Ebola nurse Pauline Cafferkey 'has made full recovery' - BBC News",
        "content": "_86637020_paulinecafferkey.jpg",
        "caption": "Ms Cafferkey thanked staff at the Royal Free, including senior matron Breda Athan and consultant Dr Michael Jacobs (both pictured), for the care she received",
        "domain": "www.bbc.com"
      },
      {
        "title": "Ebola nurse Pauline Cafferkey 'has made full recovery' - BBC News",
        "content": "_86637020_paulinecafferkey.jpg",
        "caption": "Ms Cafferkey thanked staff at the Royal Free, including senior matron Breda Athan and consultant Dr Michael Jacobs (both pictured), for the care she received",
        "domain": "www.bbc.com"
      }
    ],
    "result": {
      "verdict": true,
      "alignment_score": 95,
      "confidence_score": 9,
      "explanation": "The news image and reference images share high visual consistency in terms of subjects, setting, and overall context. The core subjects in the news image—a nurse, a consultant, and a patient—are directly involved in the healthcare scenario depicted in the news caption. Their attire, expressions, and the hospital-like environment align with the context of gratitude expressed by Ms. Cafferkey toward her caregivers at Royal Free Hospital. \n\nWhen assessing the lighting, it is also consistent across the images, suggesting a similar photographic setup. There are no temporal discrepancies noted, as all images depict the same occasion. However, subtle variations in composition or framing can be seen, but they do not detract from the overall message. \n\nNotably, all subjects are visibly smiling, reflecting a positive interaction, which aligns well with the caption detailing Ms. Cafferkey's gratitude. Therefore, despite minor visual differences, the news image effectively represents the context implied by the caption and is not misleading.",
      "key_observations": "- The three main subjects (nurse, consultant, patient) are identical across images, confirming the authenticity of the news image.\n- The setting is consistent, displaying a hospital environment with elements such as a bed and medical equipment visible in the background.\n- Lighting conditions appear uniform, suggesting they were all captured in similar settings and times.\n- Expressions and body language are uniformly positive across the images.\n- Minor differences in framing or angle do exist but do not change the context of the scene."
    }
  },
  "final_result": {
    "OOC": false,
    "confidence_score": 9,
    "explanation": "Both the internal and external checks indicate that the news caption accurately represents the image. The internal check has a confidence score of 10, stating that the caption directly corresponds to the image's content, showing Ms. Cafferkey with Breda Athan and Dr. Michael Jacobs. The external check, with a confidence score of 9 and an alignment score of 95, confirms visual consistency between the news image and reference images, reinforcing the alignment between the caption and the image's content. Therefore, based on the high confidence and alignment scores from both checks, the caption is not out of context.",
    "validation_summary": "Both internal and external validations confirm the caption accurately represents the image; high confidence and alignment scores support this conclusion."
  },
  "inference_time": 10.322611331939697
}