{
  "caption": "Demi Lovato performs at the American Music Awards at the Microsoft Theater on Sunday Nov 22 2015 in Los Angeles",
  "ground_truth": true,
  "internal_check": {
    "visual_entities": [
      "Song",
      "Rolling in the Deep",
      "Musical composition",
      "Melody",
      "Catchy Song",
      "Sheet Music",
      "Earworm",
      "Ticketmaster",
      "Pop music",
      "Concert",
      "Concert tour",
      "Adele",
      "singing"
    ],
    "image_evidences": [],
    "result": {
      "confidence_score": 8,
      "explanation": "The news caption mentions Demi Lovato performing at the American Music Awards. The news content confirms that Demi Lovato performed with Alanis Morissette at the event. Although the detected entities do not explicitly mention Demi Lovato or the American Music Awards, the context of music performance and the mention of related concepts like 'Song', 'Pop music', 'Concert', and 'singing' provide supporting evidence. Therefore, the caption aligns reasonably well with the news content and the general context suggested by the detected entities.",
      "verdict": true
    }
  },
  "external_check": {
    "text_evidences": [],
    "result": null
  },
  "final_result": {
    "OOC": false,
    "confidence_score": 8,
    "explanation": "The internal check, with a confidence score of 8, indicates that the news caption accurately represents the image content. The caption mentions Demi Lovato performing at the American Music Awards, and the news content confirms her performance with Alanis Morissette at the event. The external check result is 'None', indicating a lack of external validation data. Given that the internal check supports the caption's accuracy and there is no conflicting external evidence, the final verdict is that the caption is not out of context. Therefore, no elements of the caption are misrepresented.",
    "validation_summary": "The internal check confirms the caption's accuracy, and the external check provides no conflicting information. The caption is deemed not out of context."
  },
  "inference_time": 4.000194787979126
}