{
  "caption": "Hannover Germany Raindrops collect on a spiderweb in Sehnde",
  "ground_truth": false,
  "internal_check": {
    "visual_entities": [
      "Invertebrate",
      "Spider web",
      "Organism",
      "Spider",
      "Close-up",
      "Moist",
      "Pattern",
      "WebM",
      "Science",
      "Biology",
      "spider web"
    ],
    "image_evidences": [],
    "result": {
      "confidence_score": 10,
      "explanation": "The news caption states 'Hannover Germany Raindrops collect on a spiderweb in Sehnde'. The detected visual entities include 'Spider web', 'Spider', 'Close-up', 'Moist', 'Pattern', 'WebM', 'Science', 'Biology', and 'spider web'. The terms 'Spider web', 'Spider', 'Moist', 'Pattern', 'WebM', and 'spider web' strongly correlate with the image described in the news caption. The 'Moist' entity aligns with 'Raindrops'. Therefore, the caption accurately represents the visual content based on the detected visual entities.",
      "verdict": true
    }
  },
  "external_check": {
    "text_evidences": [],
    "result": null
  },
  "final_result": {
    "OOC": false,
    "confidence_score": 10,
    "explanation": "The internal check result indicates a high confidence score (10) and a verdict of True, stating that the caption accurately represents the visual content. The detected visual entities such as 'Spider web', 'Spider', 'Moist', 'Pattern', 'WebM', and 'spider web' strongly correlate with the image described in the news caption. Additionally, 'Moist' aligns with 'Raindrops'. Since no external check was provided, the conclusion relies solely on the internal check. The available evidence supports that the caption is not out of context.",
    "validation_summary": "The internal check confirms the caption accurately reflects the image content with high confidence. No external check data is available."
  },
  "inference_time": 3.5546481609344482
}