{
  "caption": "Boris Johnson opens News UK s offices next to the Shard home to the Times and Sun",
  "ground_truth": false,
  "internal_check": {
    "visual_entities": [
      "Boris Johnson",
      "The Shard",
      "Entrepreneur",
      "Mayor of London",
      "Business",
      "Business magnate",
      "Mayor",
      "For new Times",
      "Job",
      "Office",
      "Rupert Murdoch",
      "United Kingdom",
      "suit"
    ],
    "image_evidences": [],
    "result": {
      "confidence_score": 9,
      "explanation": "The caption mentions 'Boris Johnson,' 'News UK offices,' and 'Shard,' all of which are detected visual entities. The caption also mentions 'Times and Sun,' which are implicitly related to 'News UK.' The content further supports the context of the caption. The detected entities align well with the caption's description, providing a high degree of confidence.",
      "verdict": true
    }
  },
  "external_check": {
    "text_evidences": [
      {
        "title": "Boris Johnson hopes for new Times as he meets Rupert Murdoch | News UK | The Guardian",
        "content": "Boris Johnson hopes for new Times as he meets Rupert Murdoch ...",
        "caption": "Boris Johnson opens News UKs offices next to the Shard, home to the Times and Sun.",
        "domain": "www.theguardian.com"
      },
      {
        "title": "News Corp signs 30-year lease on its new London headquarters | Media | The Guardian",
        "content": "News Corp signs 30-year lease on its new London headquarters ...",
        "caption": "The new News Corp home: The Place next to The Shard at London Bridge",
        "domain": "www.theguardian.com"
      },
      {
        "title": "Boris Johnson hopes for new Times as he meets Rupert Murdoch | News UK | The Guardian",
        "content": "7fb85d4e-36e7-44c8-bca2- ...",
        "caption": "Boris Johnson opens News UKs offices next to the Shard, home to the Times and Sun.",
        "domain": "www.theguardian.com"
      }
    ],
    "result": {
      "verdict": false,
      "alignment_score": 40,
      "confidence_score": 7,
      "explanation": "The analysis of the provided news image, which shows Boris Johnson, alongside reference images suggests several inconsistencies relating to the news caption, \"Boris Johnson opens News UK s offices next to the Shard home to the Times and Sun.\" \n\nFirstly, the news image depicts Johnson holding a jacket and standing near a plaque, indicating he was involved in an unveiling or similar public engagement. However, the setting appears to not present the Shard, a prominent feature of the London skyline, which serves as the contextual backdrop of the event. The referenced buildings related to the Times and Sun are significantly visible in the provided reference images, particularly the second image portraying the Shard itself. This inconsistency suggests that the news image does not represent the expected scene one would associate with the event described in the caption.\n\nSecondly, while the reference images accurately depict the modern architecture of the Shard and other relevant buildings, the lighting conditions in the news image appear to be more subdued and foggy compared to the bright conditions in the references. This indicates a potential inconsistency in the time of day or environmental conditions at the supposed event.\n\nThe image depicting Johnson dated from 2014 aligns with historical context, suggesting a past event that would not match today’s news unless stated otherwise. The presence of the year would signify a need for clarity in the reporting. Additionally, there are noticeable elements that convey a digital alteration concern in the news image, as the overall composition seems somewhat edited or less polished compared to the crisp aesthetics of the reference material.",
      "key_observations": [
        "News image shows Boris Johnson near a plaque, not outdoors next to the Shard.",
        "Lighting in news image is dull; reference images are much brighter and clearer.",
        "News image dated 2014, suggesting it does not correspond accurately with a current announcement.",
        "Witnesses to other reference images don't present an accurate scale or context to support the news image's claims."
      ]
    }
  },
  "final_result": {
    "OOC": true,
    "confidence_score": 7,
    "explanation": "The internal check suggests that the caption aligns well with the news content because the mentioned entities (Boris Johnson, News UK offices, Shard, Times, and Sun) are either detected visually or implicitly related. It provides a high confidence score of 9 and concludes the caption is accurate. However, the external check, while having a slightly lower confidence score of 7, finds inconsistencies between the news image and reference images. The external check's alignment score is 40, which suggests significant discrepancies. It notes the absence of the Shard in the news image, different lighting conditions, and the image's date of 2014, indicating a past event. Given the inconsistencies highlighted by the external check and the explicit date discrepancy (2014), the caption is likely out of context because it presents an older image as if it were current without specifying the time difference. The image is not a current depiction of the event described.",
    "validation_summary": "Internal check validates the caption, but external check finds inconsistencies in the image, including the absence of the Shard and the image being from 2014. The caption is considered out of context."
  },
  "inference_time": 13.088169813156128
}