{
  "caption": "Despite its proximity to Sirte the Islamic States main area of control Misurata is one of the most stable cities in Libya",
  "ground_truth": true,
  "internal_check": {
    "visual_entities": [
      "The Museum of Libya",
      "Palace",
      "Libyan nationalism",
      "Tripoli",
      "Museum",
      "Historic site",
      "Sole Hero",
      "Majorelle Blue",
      "Travel",
      "Culture",
      "Tourism",
      "Mu'ammar Al-Qadhdhafi",
      "Al-Saadi Gaddafi",
      "Tripoli District",
      "Libya",
      "historic site"
    ],
    "image_evidences": [],
    "result": {
      "confidence_score": 3,
      "explanation": "The news caption discusses the cities of Misurata and Sirte in Libya, focusing on the influence of the Islamic State. The detected visual entities include general references to Libya, Tripoli, and Gaddafi family members, and cultural elements like 'The Museum of Libya' and 'historic site'. These entities do not directly relate to the specific claims made in the caption regarding the stability of Misurata, or the proximity and control exerted by the Islamic State. The entities are too general, and their detection does not confirm or deny the caption's accuracy.",
      "verdict": false
    }
  },
  "external_check": {
    "text_evidences": [
      {
        "title": "Sirte: The final stand for ISIS in Libya? | CNN",
        "content": "Sirte: The final stand for ISIS in Libya? | CNN",
        "caption": "Ricardo Garcia Vilanova for CNN",
        "domain": "www.cnn.com"
      },
      {
        "title": "Why is Libya so lawless? - BBC News",
        "content": "Why is Libya so lawless? - BBC News",
        "caption": "Col Gaddafi was in power for 42 years",
        "domain": "www.bbc.com"
      }
    ],
    "result": {
      "verdict": false,
      "alignment_score": 20,
      "confidence_score": 6,
      "explanation": "The news image depicts a building potentially related to Misurata, yet the reference images provide contrasting contexts that question the overall representation of the caption. The first reference image shows destruction and chaos, which would be more indicative of the conditions surrounding Sirte and not Misurata. While the news image presents a stable city appearance, the contrast with images of destruction in Sirte contradicts the notion of stability. Moreover, the color palette and lighting conditions differ between the images, indicating a potential discrepancy in temporal alignment. The shadowing in the news image appears inconsistent, hinting that it may have been manipulated or selectively presented. Thus, while the news image persists in portraying Misurata, it does not align contextually with the more chaotic and unstable depictions expected based on the reference images identified through the caption.",
      "key_observations": [
        "The news image shows a building, likely in Misurata, suggesting stability.",
        "Reference images primarily showcase destruction in Sirte, contrasting the stability implied for Misurata.",
        "Lighting in the news image appears brighter and more stable compared to the darker and more chaotic conditions in other images.",
        "Overall, the primary context of stability in Misurata is visually contradicted by the more war-torn images of the surrounding areas."
      ]
    }
  },
  "final_result": {
    "OOC": true,
    "confidence_score": 7,
    "explanation": "The internal check has a confidence score of 3 and a verdict of False, indicating a weak link between the caption and the detected visual entities. The external check has a higher confidence score of 6 and a verdict of False, indicating the image does not align with the expected visual context based on reference images. While both checks do not support the caption, the external check raises more concerns due to the contradictory visuals and potential image manipulation, suggesting that the image shown does not represent what would be expected. Because the external check shows contradictory visuals of the image and higher confidence than the internal check, the caption is considered out of context.",
    "validation_summary": "Both internal and external checks suggest the caption is out of context, with external check highlighting contradictory visuals and potential manipulation, leading to a decision that the caption does not accurately represent the image."
  },
  "inference_time": 11.89572811126709
}