{
  "caption": "A Tea Party supporter holds a sign at a rally in Beverly Hills California",
  "ground_truth": true,
  "internal_check": {
    "visual_entities": [
      "2014 Hong Kong protests",
      "Guong Shing Ice Cafe",
      "2019-20 Hong Kong protests",
      "Demonstration",
      "Protest art",
      "Hong Kong Be Water Act",
      "Democracy",
      "Pro-democracy camp",
      "Hong Kong",
      "China",
      "protest"
    ],
    "image_evidences": [
      {
        "title": "Hong Kong protests: UK 'concerned' about situation - BBC News",
        "content": "",
        "caption": "Protesters are angry at Chinese government plans to vet candidates in Hong Kong's 2017 elections.",
        "domain": "www.bbc.com"
      },
      {
        "title": "China media: Hong Kong protests - BBC News",
        "content": "",
        "caption": "Protesters are angry at Beijing's plan to vet candidates in Hong Kong's 2017 elections.",
        "domain": "www.bbc.com"
      }
    ],
    "result": {
      "confidence_score": 2,
      "explanation": "The news caption refers to a Tea Party rally in Beverly Hills, California. The provided image evidences show Hong Kong protests related to elections. The visual entities detected also point to Hong Kong protests. There's no alignment between the news caption's context (Tea Party rally in the US) and the image evidences (Hong Kong protests). Therefore, the images do not support the news caption.",
      "verdict": false
    }
  },
  "external_check": {
    "text_evidences": [
      {
        "title": "US midterms set to become most expensive elections in country's history | US midterm elections 2010 | The Guardian",
        "content": "US midterms set to become most expensive elections in country's ...",
        "caption": "Supporters attend a Tea Party rally in Beverly Hills, California - the movement may have a significant effect on the midterms. Photograph: Robyn Beck/AFP/Getty Images",
        "domain": "www.theguardian.com"
      },
      {
        "title": "Tea Party set to win enough races for wide influence",
        "content": "Tea Party set to win enough races for wide influence",
        "caption": "Marianela Alonzo and her husband Fabian Alonzo at a Tea Party rally in Beverly Hills, Calif., on Sept. 26. With a little more than two weeks till Election Day, 33 Tea Party-backed candidates are in tossup races or running in House districts that are solidly or leaning Republican, and 8 stand a good or better chance of winning Senate seats.",
        "domain": "www.nbcnews.com"
      }
    ],
    "result": {
      "verdict": false,
      "alignment_score": 25,
      "confidence_score": 7,
      "explanation": "The analysis reveals significant discrepancies between the news image and reference images based on the provided caption regarding a \"Tea Party supporter holding a sign at a rally in Beverly Hills, California.\" The news image depicts a young woman holding a sign with a message related to Hong Kong, which is not relevant to the Tea Party theme. Visual elements differ greatly: the news image has a focus on a singular individual in a crowd, while reference images showcase groups of people actively participating in a rally, dressed in attire typical of Tea Party supporters (e.g., themed hats and American flags). The settings also diverge significantly. The backdrop of the news image displays an unidentifiable location, while reference images clearly depict outdoor venues with identifiable elements of a Tea Party rally, including flags and specific signage. The color palette and lighting also differ; reference images are brightly lit, suggesting a clear day, whereas the news image has a muted color scheme, potentially indicating different times or settings (e.g., possibly indoor or shaded areas). Furthermore, the absence of prominent thematic elements of the Tea Party in the news image raises questions about context and relevance, suggesting that it does not accurately represent the described event. Overall, these elements contribute to a low alignment score, demonstrating that the news image is not representative of the event or context described in the caption.",
      "key_observations": [
        "The news image shows a sign related to Hong Kong, which is contextually disconnected from Tea Party themes.",
        "Reference images depict individuals at a Tea Party rally with clear affiliations to the movement (e.g., signs, hats, and flags).",
        "Lighting in the news image is muted and possibly indoors, while reference images show clear daylight suggestive of an outdoor rally.",
        "Subject positioning: The news image features a close-up of a single person, while reference images show larger groups of individuals engaged in the rally."
      ]
    }
  },
  "final_result": {
    "OOC": true,
    "confidence_score": 8,
    "explanation": "Both internal and external checks indicate that the news caption is out of context. The internal check, with a confidence score of 2, highlights that the image shows Hong Kong protests related to elections, whereas the caption describes a Tea Party rally in Beverly Hills, California. The external check, with a higher confidence score of 7 and an alignment score of 25, also confirms this discrepancy, noting that the image shows a sign related to Hong Kong, which is not relevant to a Tea Party rally. Given the consensus between the two checks and the low alignment score from the external check, the image does not support the news caption. Therefore, the news caption is out of context.",
    "validation_summary": "Both internal and external checks confirm that the image does not match the caption. The image shows Hong Kong protests, while the caption refers to a Tea Party rally in Beverly Hills."
  },
  "inference_time": 11.872926950454712
}