{
  "caption": "Sarah Alexander 19 from Cambridge 728 Likes to have a little money on her for a cab ride or at least a pay phone",
  "ground_truth": true,
  "internal_check": {
    "visual_entities": [
      "General Motors",
      "2006 Chevrolet Cobalt",
      "Face",
      "Long hair",
      "Hair coloring",
      "Layered hair",
      "Blond",
      "Hair",
      "Brown hair",
      "blond"
    ],
    "image_evidences": [],
    "result": {
      "confidence_score": 7,
      "explanation": "The news caption refers to Sarah Alexander, 19, from Cambridge. The detected visual entities include 'Face', 'Long hair', 'Hair coloring', 'Layered hair', 'Blond', 'Hair', 'Brown hair', and 'blond'. While the entities do not explicitly confirm the age or location, the presence of a face and hair characteristics aligns with the caption's reference to a person. The caption does not contain elements that directly contradict the visual entities. However, without specific confirmation of the person's identity, age, or location, a high confidence score is not warranted. The detected entities are consistent with a photo of a person, which aligns with the news caption, so the verdict is true.",
      "verdict": true
    }
  },
  "external_check": {
    "text_evidences": [],
    "result": null
  },
  "final_result": {
    "OOC": false,
    "confidence_score": 7,
    "explanation": "The internal check confirms that the news caption accurately represents the image based on the provided news content. The caption refers to Sarah Alexander, 19, from Cambridge, and the internal check reports that visual entities like 'Face', 'Long hair', and 'Hair coloring' are consistent with a photo of a person, aligning with the caption. Since the external check result is 'None,' there is no conflicting information. Therefore, based on the available evidence, the caption is not considered out of context. The confidence score reflects the reliance on the internal check alone, as no external validation was available.",
    "validation_summary": "Internal check confirms caption's accuracy; external check unavailable."
  },
  "inference_time": 4.259248495101929
}