{
  "caption": "Rape victim John Lennon at the temple in Heaton Park Manchester where he fled after being attacked",
  "ground_truth": true,
  "internal_check": {
    "visual_entities": [
      "Dog",
      "Black and white",
      "Photograph",
      "Canidae",
      "Mammal",
      "Monochrome / M",
      "Family",
      "Tree",
      "Recreation",
      "Walking M Farms",
      "Black",
      "Biology",
      "Children's film",
      "photograph"
    ],
    "image_evidences": [],
    "result": {
      "confidence_score": 2,
      "explanation": "The news caption mentions \"Rape victim John Lennon at the temple in Heaton Park Manchester where he fled after being attacked\". The detected visual entities include 'Dog', 'Black and white', 'Photograph', 'Canidae', 'Mammal', 'Monochrome / M', 'Family', 'Tree', 'Recreation', 'Walking M Farms', 'Black', 'Biology', \"Children's film\", 'photograph'. There is no clear indication of a person, location or attack as mentioned in the caption. Therefore, the caption does not align well with the detected visual entities. The confidence score is low because the entities detected are very generic.",
      "verdict": false
    }
  },
  "external_check": {
    "text_evidences": [
      {
        "title": "They save lives, it's that simple: abuse survivors make case for charity funding | Charities | The Guardian",
        "content": "They save lives, it's that simple: abuse survivors make case for ...",
        "caption": "Rape victim John Lennon at the temple in Heaton Park, Manchester, where he fled after being attacked.",
        "domain": "www.theguardian.com"
      },
      {
        "title": "They save lives, it's that simple: abuse survivors make case for charity funding | Charities | The Guardian",
        "content": "5760.jpg?width=1200&height=900 ...",
        "caption": "Rape victim John Lennon at the temple in Heaton Park, Manchester, where he fled after being attacked.",
        "domain": "www.theguardian.com"
      },
      {
        "title": "They save lives, it's that simple: abuse survivors make case for charity funding | Charities | The Guardian",
        "content": "5760.jpg?width=1200&height= ...",
        "caption": "Rape victim John Lennon at the temple in Heaton Park, Manchester, where he fled after being attacked.",
        "domain": "www.theguardian.com"
      },
      {
        "title": "They save lives, it's that simple: abuse survivors make case for charity funding | Charities | The Guardian",
        "content": "5760.jpg?width=1200&quality=85 ...",
        "caption": "Rape victim John Lennon at the temple in Heaton Park, Manchester, where he fled after being attacked.",
        "domain": "www.theguardian.com"
      }
    ],
    "result": {
      "verdict": false,
      "alignment_score": 15,
      "confidence_score": 9,
      "explanation": "The news image presents a scene with a man, likely a victim, in a park setting. However, the reference images retrieved in relation to the caption, which mention 'Rape victim John Lennon at the temple in Heaton Park Manchester,' depict an entirely different context. The reference images show an individual seated on steps of a structure, while the news image presents a family walking in a park, which is inconsistent with the described scene of an attack victim at a temple. \n\nLooking at specific visual elements:\n1. **Subjects & Positioning**: The subjects in the news image (a family) do not match the context of an individual claiming to be a rape victim in Heaton Park. The reference images focus on an individual seated, possibly relating to personal reflection or solitude, contrasting with the multiple figures in the news image.\n2. **Lighting & Environment**: The news image has a gloomy ambiance typical of earlier photography, likely suggesting a different time period or context. The reference images are bright and modern, indicating a more contemporary setting possibly during daylight hours.\n3. **Temporal Consistency**: The styles and attire do not match across the images, raising significant temporal questions about the scene depicted in the news image versus the more modern references. \n4. **Spatial Elements**: The environmental elements differ significantly. The news image shows a wide grassy area and trees, while the references show a distinct architectural element (temple or structure) with steps.  \n5. **Manipulation Signs**: There are no apparent signs of digital manipulation in the news image, yet it starkly differs in context from what the news caption implies.\n\nTherefore, the alignment score remains low due to these discrepancies, suggesting that the news image fails to represent the described event accurately or effectively in the context of the caption provided.",
      "key_observations": [
        "Subjects in the news image do not match the individual indicated in the caption.",
        "News image has a family walking in a park; reference images depict a single individual at a temple.",
        "Lighting and ambiance in the news image appear gloomy versus bright in reference images.",
        "The architecture in reference images is not present in the news image.",
        "Temporal inconsistencies in attire and environmental elements."
      ]
    }
  },
  "final_result": {
    "OOC": true,
    "confidence_score": 9,
    "explanation": "Both the internal and external checks indicate that the caption is out of context. The internal check has a confidence score of 2 and states that the visual entities detected in the image do not align with the caption's description of an attack or a specific location (temple in Heaton Park). The external check has a higher confidence score of 9 and a low alignment score of 15, confirming that the image's context (a family in a park) differs significantly from reference images related to the caption's description of a rape victim at a temple. The external check highlights differences in subjects, setting, and time period, leading to the conclusion that the image does not accurately represent the described event. Given the consistency in the findings and the higher confidence score of the external check, I conclude that the caption is out of context.",
    "validation_summary": "Both internal and external checks agree that the image does not match the caption. The external check has a higher confidence score, further solidifying the conclusion that the caption is out of context."
  },
  "inference_time": 15.68271803855896
}