{
  "caption": "The end of the matter Salman Rushdie arrives at the High Court this morning",
  "ground_truth": true,
  "internal_check": {
    "visual_entities": [
      "Lawyer",
      "Law firm",
      "Court",
      "Al-Sweady Inquiry",
      "Trial",
      "Allegation",
      "Solicitor",
      "Judgment",
      "Plaintiff",
      "Cause of action",
      "Lawsuit",
      "Ministry of Defence",
      "Fiona Onasanya",
      "suit"
    ],
    "image_evidences": [],
    "result": {
      "confidence_score": 7,
      "explanation": "The caption mentions Salman Rushdie arriving at the High Court, and the detected visual entities include 'Court', 'Lawyer', 'Solicitor', 'Trial', and 'Judgment'. This suggests a legal setting involving Rushdie, which aligns with the caption's description. The news content confirms that Rushdie was indeed at the High Court. However, without the actual image, it's impossible to definitively confirm if the image accurately depicts Rushdie's arrival or other details mentioned in the caption. The presence of 'suit' as a detected entity is consistent with someone appearing in court. The confidence score reflects the alignment between the text and the visual entities, but acknowledges the lack of the actual image for direct comparison.",
      "verdict": true
    }
  },
  "external_check": {
    "text_evidences": [
      {
        "title": "Authors apologise for Rushdie lies | Salman Rushdie | The Guardian",
        "content": "Authors apologise for Rushdie lies | Salman Rushdie | The Guardian",
        "caption": "'The end of the matter' ... Salman Rushdie arrives at the High Court this morning. Photograph: Cate Gillon/Getty",
        "domain": "www.theguardian.com"
      }
    ],
    "result": {
      "verdict": false,
      "alignment_score": 30,
      "confidence_score": 5,
      "explanation": "The analysis of the news image and reference images reveals significant discrepancies between them. The news image shows two unidentified individuals walking down a street, without any indication that they are related to Salman Rushdie or the event described in the caption. In contrast, one of the reference images features a distinct close-up of Salman Rushdie himself. This clear difference in subjects creates a lack of visual consistency with the provided context. Additionally, the overall composition and background environments differ considerably; the news image portrays a generic urban setting, while the reference images are centered on Rushdie, likely in a different location. No direct visual elements connect with the event described, leading to a lack of contextual accuracy. The time of day in the news image appears to be overcast, whereas the known reference images may reflect different lighting conditions that indicate a separate time frame. Together, these factors strongly suggest that the news image does not represent the event referenced in the caption, even if it may not be misleading in a broader sense.",
      "key_observations": "- News image features unidentified individuals, not Salman Rushdie; lacks direct relevance to the event. \n- Reference images distinctly showcase Salman Rushdie, confirming expected visual elements that should represent the event.\n- Composition of news image is generic and lacks specific elements indicative of the High Court setting.\n- Different lighting and potential time discrepancies between images, affecting overall alignment.\n- No obvious signs of digital manipulation but clear disconnection from the event contextualized in the caption."
    }
  },
  "final_result": {
    "OOC": true,
    "confidence_score": 8,
    "explanation": "The internal check suggests the caption aligns with potential image content, inferring a legal setting involving Salman Rushdie based on detected visual entities. However, it acknowledges the absence of the actual image. The external check strongly indicates a mismatch: the image shows unidentified individuals, while reference images feature Salman Rushdie. The external check has a higher confidence score and its findings are more decisive. Therefore, prioritizing the external check's conclusion, the caption is out of context because the image does not depict Salman Rushdie or the described event at the High Court. The final confidence score reflects the strong evidence against the caption's accuracy despite some alignment suggested by the internal check.",
    "validation_summary": "Internal check infers potential context alignment based on visual entities but lacks image. External check definitively identifies a mismatch between the image (unidentified individuals) and reference images of Salman Rushdie, indicating an out-of-context caption."
  },
  "inference_time": 9.871325016021729
}