{
  "caption": "The Tories are in need of a boost following a poll that suggests Labour are four points ahead in the general election race",
  "ground_truth": false,
  "internal_check": {
    "visual_entities": [
      "Businessperson",
      "Job",
      "official"
    ],
    "image_evidences": [],
    "result": {
      "confidence_score": 6,
      "explanation": "The news caption discusses the political landscape with the Tories and Labour. The detected entities include 'Businessperson', 'Job', and 'Official'. While a news article about politics might show business people or officials, there's no direct correspondence or specific evidence in the entities to confirm or deny the caption's claim about the Tories and Labour. The connection is weak, but not contradictory. Hence, it is labeled as 'False'.",
      "verdict": false
    }
  },
  "external_check": {
    "text_evidences": [
      {
        "title": "Labour are ahead in the polls, but have they won hearts and minds? These charts suggest not | General elections | The Guardian",
        "content": "Labour are ahead in the polls, but have they won hearts and minds ...",
        "caption": "Polling suggests voters are not as satisfied with Keir Starmer as they were with Tony Blair or David Cameron.",
        "domain": "www.theguardian.com"
      },
      {
        "title": "Key takeaways from the UK's general election | CNN",
        "content": "Key takeaways from the UK's general election | CNN",
        "caption": "Suzanne Plunkett/Reuters",
        "domain": "www.cnn.com"
      },
      {
        "title": "Local elections 2023: What do opinion polls suggest?",
        "content": "Local elections 2023: What do opinion polls suggest?",
        "caption": "Bar chart showing council seats defended by each party in England, Conservatives 3362, Labour 2138, Lib Dems 1221, Independents and others 954, Green Party 240, Residents Associations 112, UKIP 25, Reform UK 4, Liberal Party 2, Yorkshire Party 2",
        "domain": "www.bbc.com"
      },
      {
        "title": "Nigel Farage says he is leader of the opposition after Reform UK poll boost | General election 2024 | The Guardian",
        "content": "Nigel Farage says he is 'leader of the opposition' after Reform UK ...",
        "caption": "Nigel Farage arrives with the party's chair, Richard Tice (right), for an impromptu press conference in Westminster on Friday.",
        "domain": "www.theguardian.com"
      }
    ],
    "result": {
      "verdict": false,
      "alignment_score": 25,
      "confidence_score": 6,
      "explanation": "The news image depicts David Cameron speaking at an event with a group of people in the background, suggesting a political context, likely a speech or debate. The reference images, however, feature various contexts related to different political figures: one image is a stylized graphic of Keir Starmer's face representing statistics or polling data, another captures a lively campaign scene with Starmer speaking to supporters, while the others include an infographic on political seats and a candid shot of Nigel Farage and associates. \n\nThe discrepancies are significant: The news image directly represents a specific event with David Cameron and an audience, while the reference images portray various other political figures and contexts, lacking a shared event across the images. The main subjects (Cameron vs. Starmer, others) differ greatly, and the settings, actions, and visual styles vary significantly. The temporal indicators also suggest different timeframes and circumstances.",
      "key_observations": [
        "Main subject of news image (David Cameron) does not align with any subjects in reference images (mostly Keir Starmer and related political graphics).",
        "Setting in the news image (a speech) contrasts with the reference images that include campaign scenes, graphics, and infographics.",
        "Visual style varies: news image is photographic while several references are graphic or infographic in nature.",
        "The actions depicted in the news image (speaking) do not match the contexts of the other images, which are more about electoral data and broader campaign imagery."
      ]
    }
  },
  "final_result": {
    "OOC": true,
    "confidence_score": 6,
    "explanation": "Both internal and external checks indicate that the news caption is out of context with the image. The internal check links the caption to political entities but finds no direct evidence to confirm the caption's claim. The external check reveals a mismatch between the image of David Cameron speaking at an event and reference images featuring other political figures in different contexts. Given that both checks result in a 'False' verdict with similar confidence scores and support the determination of 'Out of Context', the final verdict leans towards the caption being out of context. The alignment score of 25 from the external check further supports this conclusion. Therefore, the caption doesn't accurately represent the image.",
    "validation_summary": "Both internal and external validations suggest the caption is out of context. Internal check finds weak evidence, while external check highlights mismatched subjects and contexts."
  },
  "inference_time": 9.916967868804932
}