{
  "caption": "Mutual friends Picasso and Lee Miller after the liberation of Paris in 1944 Lee Miller Archives England 2015 All rights reserved",
  "ground_truth": false,
  "internal_check": {
    "visual_entities": [
      "Pablo Picasso",
      "Lee Miller's War: Photographer and Correspondent with the Allies in Europe, 1944-45",
      "Art",
      "The Centre Pompidou",
      "Photography",
      "Photographer",
      "The Legendary Lee Miller: Photographer, 1907-1977",
      "Misogyny",
      "War photography",
      "Fine-art photography",
      "Fashion photography",
      "Lee Miller",
      "Roland Penrose",
      "Antony Penrose",
      "Man Ray",
      "Lee Miller"
    ],
    "image_evidences": [
      {
        "title": "Was Picasso a misogynist? | Art and design | The Guardian",
        "content": "",
        "caption": "Mutual friends?  Picasso and Lee Miller after the liberation of Paris in 1944.  Lee Miller Archives, England 2015. All rights reserved.",
        "domain": "www.theguardian.com"
      },
      {
        "title": "Jones on art | The Guardian",
        "content": "",
        "caption": "Picasso and Lee Miller after the liberation of Paris in 1944.  Lee Miller Archives, England 2015. All rights reserved",
        "domain": "www.theguardian.com"
      },
      {
        "title": "New art show reveals chemistry between Picasso and Lee Miller | Art | The Guardian",
        "content": "",
        "caption": "Lee Miller and Picasso after the liberation of Paris, by Lee Miller, Paris, 1944. Photograph: Lee Miller Archives",
        "domain": "www.theguardian.com"
      }
    ],
    "result": {
      "confidence_score": 10,
      "explanation": "The news caption describes a photograph of Picasso and Lee Miller after the liberation of Paris in 1944. The news content discusses their friendship. The image evidences show photographs of Picasso and Lee Miller after the liberation of Paris in 1944, taken by Lee Miller. The image captions explicitly state the photograph was taken after the liberation of Paris in 1944 and credits Lee Miller Archives. The domains are credible news sources. The detected visual entities, Picasso and Lee Miller, are present in the image evidences and mentioned in the news text and caption. Therefore, the caption aligns with the image evidence.",
      "verdict": true
    }
  },
  "external_check": {
    "text_evidences": [
      {
        "title": "Was Picasso a misogynist? | Art and design | The Guardian",
        "content": "Was Picasso a misogynist? | Art and design | The Guardian",
        "caption": "Mutual friends?  Picasso and Lee Miller after the liberation of Paris in 1944.  Lee Miller Archives, England 2015. All rights reserved.",
        "domain": "www.theguardian.com"
      },
      {
        "title": "New art show reveals chemistry between Picasso and Lee Miller | Art | The Guardian",
        "content": "New art show reveals chemistry between Picasso and Lee Miller ...",
        "caption": "Lee Miller and Picasso after the liberation of Paris, by Lee Miller, Paris, 1944. Photograph: Lee Miller Archives",
        "domain": "www.theguardian.com"
      },
      {
        "title": "When Picasso met Lee Miller | The Independent | The Independent",
        "content": "When Picasso met Lee Miller | The Independent | The Independent",
        "caption": "Lee Miller and Picasso after the liberation of Paris",
        "domain": "www.independent.co.uk"
      },
      {
        "title": "When Picasso met Lee Miller | The Independent | The Independent",
        "content": "When Picasso met Lee Miller | The Independent | The Independent",
        "caption": "Lee Miller and Picasso after the liberation of Paris",
        "domain": "www.independent.co.uk"
      }
    ],
    "result": {
      "verdict": true,
      "alignment_score": 95,
      "confidence_score": 9,
      "explanation": "The news image accurately depicts Picasso and Lee Miller together, sharing a moment in a similar setting to the referenced images. The composition, lighting, and expressions of the subjects align with the historical context of their friendship following the liberation of Paris in 1944. The presence of the sculpture in the background and the indoor setting further corroborate the environment in which they would have been seen during that period. However, small visual differences, such as variations in shading and detail, do not detract from the overall contextual truth of the image. The temporal indicators, including the clothing styles and indoor setting, are consistent with the specified time frame. This image convincingly represents the event described in the caption significant to both subjects, Pablo Picasso and Lee Miller. Therefore, it is categorized as authentic and contextually relevant despite minor visual inconsistencies.",
      "key_observations": [
        "The facial expressions of Picasso and Miller are consistent across all images, showcasing a friendly interaction.",
        "The indoor setting with the sculptural element in the background is present in all referenced images, confirming the context of their meeting.",
        "Clothing styles match the expected fashion of the 1940s, supporting the temporal consistency of the image.",
        "Lighting appears consistent, reflecting an indoor environment likely lit by natural light, typical for that era.",
        "Minor variations in tonal contrast do not impact the authenticity of the image's representation of the historical moment."
      ]
    }
  },
  "final_result": {
    "OOC": false,
    "confidence_score": 10,
    "explanation": "Both internal and external checks confirm that the news caption accurately represents the image. The internal check, with a confidence score of 10, confirms that the caption aligns with the image's content, depicting Picasso and Lee Miller after the liberation of Paris in 1944. The external check, with a confidence score of 9 and an alignment score of 95, corroborates this, confirming the image's authenticity and contextual relevance, showing Picasso and Lee Miller in a setting consistent with the historical context of their friendship after the liberation of Paris. Since both checks align and have high confidence and alignment scores, the caption is not out of context.",
    "validation_summary": "Both internal and external checks confirm the caption accurately represents the image, depicting Picasso and Lee Miller after the liberation of Paris in 1944, with high confidence and alignment scores."
  },
  "inference_time": 14.644476413726807
}