{
  "caption": "Snapshot Leeroy Murray aged two holding his mother Nora s hand on Hampstead Heath with his brothers Johnny and Peter and father John in 1947",
  "ground_truth": false,
  "internal_check": {
    "visual_entities": [
      "Dog",
      "Black and white",
      "Photograph",
      "Canidae",
      "Mammal",
      "Monochrome / M",
      "Family",
      "Tree",
      "Recreation",
      "Walking M Farms",
      "Black",
      "Children's film",
      "Science",
      "photograph"
    ],
    "image_evidences": [],
    "result": {
      "confidence_score": 7,
      "explanation": "The caption mentions a snapshot of Leeroy Murray, his mother Nora, and brothers Johnny and Peter with their father John in 1947 on Hampstead Heath. Detected entities include 'Family', 'Photograph', and 'Children's film' which broadly align with a family photo. However, specific individuals like Leeroy, Nora, Johnny, Peter, and John are not explicitly detectable as entities, nor is Hampstead Heath directly identifiable. While the presence of a family photograph supports the caption, the lack of specific person identification and location detail lowers the confidence. The presence of 'Dog', 'Black and white', 'Canidae', 'Mammal', 'Monochrome', 'Tree', 'Recreation', 'Walking M Farms', 'Black', 'Science', 'photograph' are not directly mentioned in the caption, but do not explicitly contradict it.",
      "verdict": true
    }
  },
  "external_check": {
    "text_evidences": [
      {
        "title": "Family life | Family | The Guardian",
        "content": "Family life | Family | The Guardian",
        "caption": "Snapshot ... Leeroy Murray, aged two, holding his mother Nora's hand, on Hampstead Heath with his brothers Johnny and Peter, and father John, in 1947",
        "domain": "www.theguardian.com"
      },
      {
        "title": "Family life | Family | The Guardian",
        "content": "Leeroy-Murray-006.jpg?width= ...",
        "caption": "Snapshot ... Leeroy Murray, aged two, holding his mother Nora's hand, on Hampstead Heath with his brothers Johnny and Peter, and father John, in 1947",
        "domain": "www.theguardian.com"
      },
      {
        "title": "Family life | Family | The Guardian",
        "content": "Leeroy-Murray-006.jpg?width= ...",
        "caption": "Snapshot ... Leeroy Murray, aged two, holding his mother Nora's hand, on Hampstead Heath with his brothers Johnny and Peter, and father John, in 1947",
        "domain": "www.theguardian.com"
      }
    ],
    "result": {
      "verdict": true,
      "alignment_score": 90,
      "confidence_score": 9,
      "explanation": "The news image clearly depicts a family group, likely to represent the individuals mentioned in the caption: Leeroy Murray (aged two), his mother Nora, and his brothers Johnny and Peter alongside their father John. The scene set on Hampstead Heath is captured as described in the caption from 1947. Visual elements such as the number of figures (two adults and three children), their clothing styles, and the natural backdrop all align significantly with both general expectations of the period and the reference images retrieved. The men's overcoats and the children's attire suggest a chilly weather condition, consistent with the historical date of the image. Furthermore, the arrangement of figures captures the essence of a family outing, displaying the same familial proximity expected in the described scenario. The lighting appears consistent for an outdoor setting in an overcast condition typical of the period.",
      "key_observations": "- The news image shows two adults (assumed to be the parents) and three children, matching the family members listed in the caption.\n- Visual proximity of the figures suggests a family group excitedly moving together, consistent with a leisurely walk in Hampstead Heath.\n- The clothing styles are reflective of the 1940s, supporting the historical accuracy of the 1947 date.\n- The outdoor setting with trees and an open area aligns with the nature of Hampstead Heath.\n- Lighting indicates an overcast day, consistent with historical weather patterns for that season.\n- No signs of digital manipulation or alterations detected."
    }
  },
  "final_result": {
    "OOC": false,
    "confidence_score": 9,
    "explanation": "Both the internal and external checks suggest that the caption accurately represents the image. The internal check has a confidence score of 7 and the external check has a confidence score of 9 and an alignment score of 90. The external check confirms the presence of a family group consisting of two adults and three children in a setting resembling Hampstead Heath, aligning with the caption's description of Leeroy Murray, his parents, and brothers in 1947. The internal check also supports that the news caption describes family and photograph, even though it could not identify all the people and locations specifically. Given the alignment between the caption and image details, the caption is likely not out of context.",
    "validation_summary": "Both internal and external checks confirm the caption accurately describes the image content. External check particularly supports the details about family members and location."
  },
  "inference_time": 11.098186492919922
}