{
  "caption": "The head of the New York City police union said Mayor Bill de Blasio had blood on his hands",
  "ground_truth": true,
  "internal_check": {
    "visual_entities": [
      "Journalist",
      "Event",
      "Statistics",
      "official"
    ],
    "image_evidences": [],
    "result": {
      "confidence_score": 2,
      "explanation": "The news caption states \"The head of the New York City police union said Mayor Bill de Blasio had blood on his hands.\" The detected visual entities are ['Journalist', 'Event', 'Statistics', 'official']. There is no direct visual evidence from the provided entities to confirm the news caption. The entities are abstract and do not provide a visual representation of the event described in the caption. Therefore, the caption does not align with the detected visual entities.",
      "verdict": false
    }
  },
  "external_check": {
    "text_evidences": [
      {
        "title": "New York Mayor Bill de Blasio Booed at Police Graduation Ceremony - ABC News",
        "content": "New York Mayor Bill de Blasio Booed at Police Graduation Ceremony ...",
        "caption": "",
        "domain": "abcnews.go.com"
      }
    ],
    "result": {
      "verdict": false,
      "alignment_score": 25,
      "confidence_score": 6,
      "explanation": "The main news image features a person speaking to the media at an event with an American flag in the background. This image does not represent the scenario implied by the caption, which connects to a statement made by the head of the New York City police union regarding Mayor Bill de Blasio. By comparing this image to reference images that would feature Mayor de Blasio himself, there are several notable discrepancies: \n1. **Subject Mismatch**: The individual in the news image is not Bill de Blasio; rather, it appears to be another person, likely a politician or public figure, suggesting a lack of direct representation of the caption's context.\n2. **Presence of Background Elements**: While the American flag is present in both images, it is associated with different contexts – in the first image, it does not immediately tie back to the subject matter concerning the police union or de Blasio.\n3. **Focus and Setting**: The news image suggests a more political or electoral context as opposed to addressing police and municipal governance, which would be expected when discussing a police union's sentiments towards the mayor's actions.\n4. **Temporal Alignment**: The lighting and settings appear consistent, but this alone does not align with the specific news context of the police union and de Blasio.\n\nOverall, while individual visual elements might cohere, the absence of the actual subject of concern (Bill de Blasio) makes the news image misrepresentative of the context implied in the caption. The images are visually inconsistent, hence the low alignment score.",
      "key_observations": [
        "Subject in news image is not Bill de Blasio, indicating misrepresentation.",
        "Background elements, although present, do not support the context of the police union's comments regarding the mayor.",
        "The focus and setting mismatch the expected political environment related to police governance.",
        "Lighting appears consistent, but does not correlate with the necessary context."
      ]
    }
  },
  "final_result": {
    "OOC": true,
    "confidence_score": 7,
    "explanation": "Both the internal and external checks indicate that the caption is out of context. The internal check, with a confidence score of 2, found no direct visual evidence to support the caption. The external check, which has a higher confidence score of 6 and an alignment score of 25, confirms that the image does not depict the situation described in the caption (i.e., the mayor being accused). The external check highlights a subject mismatch, differences in focus and setting, and inconsistent visual elements. Since both checks align and the external check has a relatively higher confidence score and low alignment score, the caption is considered out of context.",
    "validation_summary": "Both internal and external checks suggest the caption is out of context due to a mismatch between the caption's claim and the image's content. The external check, with a higher confidence, confirms the image doesn't represent the scenario described in the caption."
  },
  "inference_time": 9.095736026763916
}