{
  "caption": "Ed Miliband campaigning in Oldham East and Saddleworth before Christmas",
  "ground_truth": false,
  "internal_check": {
    "visual_entities": [
      "Socialite",
      "Event",
      "Statistics",
      "event"
    ],
    "image_evidences": [],
    "result": {
      "confidence_score": 2,
      "explanation": "The news caption mentions Ed Miliband campaigning. However, none of the detected visual entities ('Socialite', 'Event', 'Statistics', 'event') directly confirm the presence of Ed Miliband or a campaign event. The detected entities are very generic and do not allow for a good alignment with the news caption. Therefore, the caption's claim cannot be verified or supported by the visual entities.",
      "verdict": false
    }
  },
  "external_check": {
    "text_evidences": [
      {
        "title": "Miliband raises the stakes as the battle for Oldham East intensifies | Ed Miliband | The Guardian",
        "content": "Miliband raises the stakes as the battle for Oldham East ...",
        "caption": "Ed Miliband campaigning in Oldham East and Saddleworth before Christmas. Photograph: Anna Gowthorpe/PA",
        "domain": "www.theguardian.com"
      },
      {
        "title": "Miliband raises the stakes as the battle for Oldham East intensifies | Ed Miliband | The Guardian",
        "content": "Oldham-East-and-Saddlewor-007. ...",
        "caption": "Ed Miliband campaigning in Oldham East and Saddleworth before Christmas. Photograph: Anna Gowthorpe/PA",
        "domain": "www.theguardian.com"
      },
      {
        "title": "Miliband raises the stakes as the battle for Oldham East intensifies | Ed Miliband | The Guardian",
        "content": "Oldham-East-and-Saddlewor-007. ...",
        "caption": "Ed Miliband campaigning in Oldham East and Saddleworth before Christmas. Photograph: Anna Gowthorpe/PA",
        "domain": "www.theguardian.com"
      }
    ],
    "result": {
      "verdict": true,
      "alignment_score": 90,
      "confidence_score": 9,
      "explanation": "The news image of Ed Miliband campaigning features distinct visual elements that match those found in the reference images. All images depict Miliband in a similar context, surrounded by supporters in an indoor setting. The atmosphere is consistent, showcasing a public engagement or campaign event. Key elements such as Miliband's attire—a dark suit with a tie—are consistent across all images, as well as the presence of various individuals interacting closely around him, which indicates an engagement with constituents.",
      "key_observations": "- The setting across all images remains consistent, identified as indoors during a campaign event.\n- Miliband's engagement with the crowd is depicted similarly in all images, maintaining his role as a candidate interacting with voters.\n- Lighting is consistent, suggesting the images were taken during similar times of day, likely during a public campaign where artificial lighting is required.\n- While there are slight variations in angle and crop, these do not detract from the overall context of campaigning before Christmas.\n- Temporal indicators such as clothing styles reflect the period around the last general election in the UK, aligning with the timeframe of the events depicted."
    }
  },
  "final_result": {
    "OOC": false,
    "confidence_score": 9,
    "explanation": "The internal and external checks conflict regarding the accuracy of the news caption. The internal check indicates a lack of alignment between the caption and the image content, with a low confidence score of 2. It states that detected visual entities do not confirm the presence of Ed Miliband or a campaign event. However, the external check strongly supports the caption's accuracy, indicated by a high alignment score of 90 and a confidence score of 9. It finds that visual elements in the image match reference images, depicting Miliband in a similar context surrounded by supporters at what appears to be an indoor campaign event. Given the higher confidence score and alignment score of the external check, the caption is deemed accurate. The external check's detailed observations of consistent elements across images outweigh the internal check's inconclusive findings.",
    "validation_summary": "Internal and external checks conflict. External check, with higher confidence and alignment scores, confirms the caption's accuracy, overriding the inconclusive internal check."
  },
  "inference_time": 11.300450801849365
}