{
  "caption": "Family photo in front of a family home neighboring their own in Pike County Ohio as seen on Monday April 25 2016",
  "ground_truth": false,
  "internal_check": {
    "visual_entities": [
      "Recreation",
      "Leisure",
      "Family",
      "Revenge in Our Hearts",
      "Tears",
      "Daughter",
      "House of M",
      "Revenge",
      "Children's film",
      "community"
    ],
    "image_evidences": [],
    "result": {
      "confidence_score": 9,
      "explanation": "The caption describes a 'Family photo in front of a family home neighboring their own in Pike County Ohio'. The detected visual entities include 'Family' and 'House of M' which can be interpreted as a house. Therefore, there is a strong alignment between the caption and the detected visual entities, justifying a high confidence score. The presence of entities like 'Revenge in Our Hearts', 'Tears', and 'Revenge' are not directly related to the caption but do not contradict it, as the caption focuses on the setting and subject of the photograph, not the emotional context.",
      "verdict": true
    }
  },
  "external_check": {
    "text_evidences": [],
    "result": null
  },
  "final_result": {
    "OOC": false,
    "confidence_score": 9,
    "explanation": "The internal check result indicates a high confidence score (9) and a 'True' verdict, suggesting the caption accurately represents the image content. Specifically, the entities 'Family' and 'House of M' (interpreted as a house) align well with the caption's description of a family photo in front of a family home. There is no external check provided to compare against. Therefore, based on the available internal check data, the caption is not out of context.",
    "validation_summary": "The internal check confirms the caption's accuracy with high confidence. No external check data is available."
  },
  "inference_time": 3.795430898666382
}