{
  "caption": "Nick Clegg visited the Scottish Association for Mental Health in Glasgow during his party conference",
  "ground_truth": true,
  "internal_check": {
    "visual_entities": [
      "Nick Clegg",
      "Danny Alexander",
      "Liberal Democrats",
      "Leader of the Liberal Democrats",
      "Chief Secretary to the Treasury of the United Kingdom",
      "Liberal Democrats",
      "Tax cut",
      "Umbrella",
      "Yellow",
      "Electoral district",
      "Poster",
      "Political party",
      "Tax",
      "umbrella"
    ],
    "image_evidences": [],
    "result": {
      "confidence_score": 8,
      "explanation": "The caption mentions Nick Clegg visiting the Scottish Association for Mental Health in Glasgow. The detected visual entities include 'Nick Clegg', suggesting his presence is visually confirmed. The news content supports that Nick Clegg was in Glasgow at his party conference. Although 'Scottish Association for Mental Health' is not directly detected as a visual entity, the presence of 'Nick Clegg' in Glasgow during the timeframe mentioned in the news content increases the likelihood that the caption aligns with the image's content. Therefore, based on available information, the caption is reasonably aligned with the detected visual entities and news content.",
      "verdict": true
    }
  },
  "external_check": {
    "text_evidences": [
      {
        "title": "Clegg bids to end the outrageous discrimination in mental healthcare | Mental health | The Guardian",
        "content": "Clegg bids to end the 'outrageous discrimination' in mental ...",
        "caption": "Nick Clegg during a visit to the Scottish Association for Mental Health in Glasgow.",
        "domain": "www.theguardian.com"
      },
      {
        "title": "Lib Dem Conference: Nick Clegg pledges to end the shortfall in mental health treatment | The Independent | The Independent",
        "content": "Lib Dem Conference: Nick Clegg pledges to end the shortfall in ...",
        "caption": "Deputy Prime Nick Clegg during a visit to the Scottish Association for Mental Health in Glasgow on Tuesday",
        "domain": "www.independent.co.uk"
      },
      {
        "title": "Clegg bids to end the outrageous discrimination in mental healthcare | Mental health | The Guardian",
        "content": "Clegg bids to end the 'outrageous discrimination' in mental ...",
        "caption": "Nick Clegg during a visit to the Scottish Association for Mental Health in Glasgow.",
        "domain": "www.theguardian.com"
      },
      {
        "title": "Clegg bids to end the outrageous discrimination in mental healthcare | Mental health | The Guardian",
        "content": "Clegg bids to end the 'outrageous discrimination' in mental ...",
        "caption": "Nick Clegg during a visit to the Scottish Association for Mental Health in Glasgow.",
        "domain": "www.theguardian.com"
      },
      {
        "title": "Clegg bids to end the outrageous discrimination in mental healthcare | Mental health | The Guardian",
        "content": "Clegg bids to end the 'outrageous discrimination' in mental ...",
        "caption": "Nick Clegg during a visit to the Scottish Association for Mental Health in Glasgow.",
        "domain": "www.theguardian.com"
      }
    ],
    "result": {
      "verdict": false,
      "alignment_score": 25,
      "confidence_score": 7,
      "explanation": "The news image depicts Nick Clegg under an umbrella, which distinctly contrasts with the context of his visit to the Scottish Association for Mental Health in Glasgow during a party conference that is described in the caption. The reference images consistently feature Nick Clegg in front of signage related to mental health initiatives, indicating that he was engaged in discussions or events focused on this topic. The scene in the news image lacks relevant thematic elements such as mental health materials or an event context, deviating significantly from the expectation set by the caption. Additionally, the lighting and outdoor setting in the news image contrasts sharply with the indoor environments seen in the reference images, suggesting a different occasion altogether.\n\nTemporal elements further reinforce this discrepancy, as the news image appears to be taken outdoors, likely in inclement weather, while the environment in the reference images appears more controlled and indoor. This raises concerns about potential misrepresentation of the context described in the caption. Overall, the news image does not adequately represent the event detailed in the caption, leading to a lower score in visual consistency and alignment with the expected context.",
      "key_observations": "- **Subjects**: The news image shows Nick Clegg outdoors with an umbrella, while reference images show him indoors at a mental health event.\n- **Background**: The news image lacks any thematic elements related to mental health compared to visually consistent reference images featuring related signage.\n- **Lighting Conditions**: The outdoor lighting in the news image does not align with the indoor settings of the reference images.\n- **Overall Context**: The news image fails to convey the significance of the mental health event mentioned in the caption, making it potentially misleading."
    }
  },
  "final_result": {
    "OOC": true,
    "confidence_score": 7,
    "explanation": "The internal check suggests the caption aligns with the image content because Nick Clegg's presence in Glasgow during the conference is confirmed. However, its confidence score is 8. The external check, with a slightly lower confidence score of 7, strongly indicates a mismatch. The external check's alignment score is 25, which is low. It highlights that the image shows Nick Clegg outdoors with an umbrella, contrasting with reference images of him at indoor mental health events. The absence of mental health-related elements in the news image's background further supports the discrepancy. Given the conflicting evidence and the specific details provided by the external check regarding visual inconsistencies, I'm prioritizing the external check's conclusion that the caption is out of context. The image does not appear to represent Nick Clegg's visit to the Scottish Association for Mental Health.",
    "validation_summary": "Internal and external checks conflict. Internal check finds alignment based on Nick Clegg's presence, while external check identifies visual discrepancies with reference images of mental health events. External check suggests the caption is out of context."
  },
  "inference_time": 12.652945518493652
}