{
  "caption": "Cate with her mother father and Emma Claire",
  "ground_truth": false,
  "internal_check": {
    "visual_entities": [
      "John Edwards",
      "Family",
      "Daughter",
      "United States Senator",
      "Grandparent",
      "Father",
      "Wife",
      "Crime",
      "Image",
      "Cate Edwards",
      "Elizabeth Edwards",
      "john edwards family"
    ],
    "image_evidences": [],
    "result": {
      "confidence_score": 9,
      "explanation": "The news caption mentions \"Cate with her mother father and Emma Claire\". The detected visual entities include 'Cate Edwards', 'Elizabeth Edwards', 'John Edwards', 'Father', 'Daughter', and 'Family', which strongly aligns with the caption's description of Cate with her parents. While 'Emma Claire' is not directly detected as a separate entity, the presence of 'Family' suggests that other family members, potentially including Emma Claire, are present. The news content also mentions these individuals, thus further supporting the accuracy of the caption given the context.",
      "verdict": true
    }
  },
  "external_check": {
    "text_evidences": [],
    "result": null
  },
  "final_result": {
    "OOC": false,
    "confidence_score": 9,
    "explanation": "The internal check result, with a confidence score of 9, indicates that the news caption accurately represents the image content. The caption mentions 'Cate with her mother father and Emma Claire,' and the internal check found visual entities including 'Cate Edwards,' 'Elizabeth Edwards,' 'John Edwards,' 'Father,' 'Daughter,' and 'Family,' which aligns with the caption. The presence of 'Family' also suggests the inclusion of other family members, potentially including 'Emma Claire.' The news content further supports the accuracy of the caption. Since the external check result is 'None,' we rely solely on the internal check. Therefore, based on the available evidence and a high confidence score, the caption is not out of context.",
    "validation_summary": "The internal check confirms the caption accurately represents the image content with a high confidence score. No external check data is available."
  },
  "inference_time": 5.627524137496948
}