{
  "caption": "Donald Trump speaks at a campaign town hall meeting outside a closed manufacturing facility in Manchester NH on June 30",
  "ground_truth": false,
  "internal_check": {
    "visual_entities": [
      "Recreation",
      "Event",
      "Community",
      "Statistics",
      "crowd"
    ],
    "image_evidences": [],
    "result": {
      "confidence_score": 7,
      "explanation": "The caption mentions Donald Trump speaking at a campaign town hall meeting in Manchester, NH. The detected visual entities include 'crowd,' 'event,' and 'community,' which could align with a town hall meeting. However, the entities 'Recreation' and 'Statistics' do not directly relate to the caption's description of the event or the setting. The caption also specifies the event is taking place \"outside a closed manufacturing facility\", but this detail cannot be verified from the detected entities alone. Without visual information about Donald Trump, it is difficult to definitively assess the correctness. Thus, based on the limited entity detections, it is difficult to conclusively verify the caption, but the detected entities do not outright contradict the claim, so I assign a moderate confidence score.",
      "verdict": true
    }
  },
  "external_check": {
    "text_evidences": [
      {
        "title": "Donald Trump: Americans should 'pay a little bit more' for U.S.-made products to save jobs - Los Angeles Times",
        "content": "Donald Trump: Americans should 'pay a little bit more' for U.S. ...",
        "caption": "Donald Trump speaks at a town-hall-style campaign event Thursday in Manchester, N.H.",
        "domain": "www.latimes.com"
      },
      {
        "title": "Live updates: Ron DeSantis town hall on CNN in Iowa | CNN Politics",
        "content": "Live updates: Ron DeSantis town hall on CNN in Iowa | CNN Politics",
        "caption": "Will Lanzoni/CNN",
        "domain": "www.cnn.com"
      }
    ],
    "result": {
      "verdict": true,
      "alignment_score": 85,
      "confidence_score": 8,
      "explanation": "The analysis compares the news image of Donald Trump speaking at a campaign town hall meeting with reference images retrieved based on the video of the event. The main visual elements expected from the caption include Donald Trump, who is identifiable by his attire and the signature 'Make America Great Again' hat, along with a crowd of attendees at an outdoor manufacturing facility. \n\nIn the news image, Trump is prominently positioned in the foreground, emphasizing his role as the speaker. The backdrop reveals a closed manufacturing facility consistent with the reference images, where the event took place in Manchester, NH on June 30. The presence of a crowd facing Trump is consistent with the nature of a town hall meeting. However, while the crowd's size and placement may vary slightly in reference images, the context remains aligned with a public speaking event. \n\nTemporal indicators such as lighting suggest a sunny day, relevant to the summer time mentioned in the caption. The overall color and brightness align well with the idea of an outdoor event, maintaining visual consistency. \n\nWhile there are some differences in the framing and focus of the images, such as differences in audience size and angles (e.g., some reference images might capture Trump more closely), these do not detract from the authenticity of the news image in relation to the provided caption. Therefore, the news image is considered contextually accurate, as it faithfully represents Trump's campaign town hall appearance. \n\nA few signs of digital manipulation were checked but nothing significant was found that would mislead viewers. The composition remains within acceptable bounds for editorial purposes. \n\nThus, based on visual, temporal, and contextual consistency with the reference images, I conclude the alignment is strong without significant deviations.",
      "key_observations": [
        "Trump is prominently featured in both the news and reference images, consistent with the town hall meeting context.",
        "The setting (a manufacturing facility) aligns across images; the audience's presence further supports the event type.",
        "Lighting and seasonal indicators show a clear summer day, fitting for the June 30 date mentioned in the caption.",
        "Minor differences in the size and arrangement of the crowd do not detract from the overall alignment and context."
      ]
    }
  },
  "final_result": {
    "OOC": false,
    "confidence_score": 8,
    "explanation": "Both the internal and external checks suggest the caption is likely accurate. The internal check had a confidence score of 7 and found that the detected visual entities aligned with a town hall meeting scenario, although it lacked visual confirmation of Donald Trump and the manufacturing facility. The external check, with a confidence score of 8 and alignment score of 85, confirmed that the image accurately depicts Donald Trump at a campaign town hall meeting outside a manufacturing facility in Manchester, NH, on June 30, aligning with reference images and visual elements. Since both checks generally agree and the external check provides stronger supporting evidence, the caption is determined to be not out of context.",
    "validation_summary": "Both internal and external checks suggest the caption is accurate. The external check provides stronger confirmation, indicating that the image aligns with the caption's description of Donald Trump at a town hall meeting."
  },
  "inference_time": 11.429684162139893
}