{
  "caption": "Pope Francis celebrates Mass with bishops priests and seminarians at the Cathedral of St Sebastian in Rio de Janeiro on Saturday",
  "ground_truth": false,
  "internal_check": {
    "visual_entities": [
      "A Big Heart Open to God: A Conversation with Pope Francis",
      "Pope",
      "Papal apartments",
      "Saint Martha House",
      "Wage zu traumen! Mit Zuversicht aus der Krise",
      "Our Journey to Christmas: With Pope Francis",
      "Society of Jesus",
      "Politics",
      "Synod of Bishops in the Catholic Church",
      "Pope John XXIII",
      "Pope Paul VI",
      "pope francis halo"
    ],
    "image_evidences": [],
    "result": {
      "confidence_score": 6,
      "explanation": "The news caption mentions Pope Francis celebrating Mass with bishops, priests, and seminarians at the Cathedral of St Sebastian in Rio de Janeiro. The detected visual entities include \"Pope\", and other entities related to the Pope such as books, papal apartments, and events (Synod of Bishops). While these entities suggest a religious context and the presence of Pope Francis, they do not directly confirm the specific event, location (Cathedral of St Sebastian in Rio de Janeiro), or the presence of bishops, priests, and seminarians. The presence of \"Pope Francis\" entity provides a partial confirmation, but the other details are missing. Therefore, a complete alignment between the caption and the detected visual entities cannot be established with high confidence.",
      "verdict": false
    }
  },
  "external_check": {
    "text_evidences": [],
    "result": null
  },
  "final_result": {
    "OOC": true,
    "confidence_score": 6,
    "explanation": "The internal check result, with a confidence score of 6, indicates a mismatch between the news caption and the image's visual entities. While the internal check confirms the presence of \"Pope Francis\", it fails to validate the specific event details, location (Cathedral of St Sebastian in Rio de Janeiro), and the presence of bishops, priests, and seminarians. The external check provides no additional information. Therefore, based on the available evidence, the caption is deemed out of context. The confidence score mirrors the internal check's confidence due to the absence of external validation.",
    "validation_summary": "The internal check suggests the caption is out of context. The external check has no data. Therefore, the caption is considered out of context based on the internal check alone."
  },
  "inference_time": 3.9496045112609863
}