{
  "caption": "Untitled by Josie Connolly aged 14",
  "ground_truth": false,
  "internal_check": {
    "visual_entities": [
      "Book",
      "Publishing",
      "Design",
      "Edition",
      "Image",
      "Lighting",
      "School",
      "Competition",
      "Fly",
      "Saturday",
      "flame"
    ],
    "image_evidences": [],
    "result": {
      "confidence_score": 7,
      "explanation": "The news content lists \"Untitled by Josie Connolly aged 14 Photograph: Josie Connolly\". The detected visual entities include 'Image' and 'Design', which could plausibly relate to an untitled image or design. However, without seeing the actual image associated with the caption, it is difficult to definitively verify the accuracy. The presence of entities like 'Book', 'Publishing', 'Fly', and 'flame' seem unrelated to the title alone, suggesting they are from other images in the news content. Therefore, while there's no direct contradiction, a complete assessment requires the visual content of Josie Connolly's 'Untitled' work.",
      "verdict": true
    }
  },
  "external_check": {
    "text_evidences": [
      {
        "title": "Lord of the Flies cover designs - the shortlisted pictures | Books | The Guardian",
        "content": "Lord of the Flies cover designs - the shortlisted pictures | Books ...",
        "caption": "Lord of the Flies covers: Josie Connolly",
        "domain": "www.theguardian.com"
      },
      {
        "title": "Lord of the Flies cover designs - the shortlisted pictures | Books | The Guardian",
        "content": "Lord of the Flies cover designs - the shortlisted pictures | Books ...",
        "caption": "Lord of the Flies covers: Josie Connolly",
        "domain": "www.theguardian.com"
      }
    ],
    "result": {
      "verdict": true,
      "alignment_score": 95,
      "confidence_score": 9,
      "explanation": "The news image titled 'Untitled by Josie Connolly aged 14' predominantly features a small flame with miniature figures standing around a bowl or dish pouring light. The visual elements, including the setting, lighting, and subjects, are consistent with the reference images retrieved from web searches associated with the title. In both sets of images, the focus on the flame and the miniature figures is a primary characteristic.  \n\nThe lighting conditions in the news image are consistent with the reference images, where the glow from the flame creates a warm illumination contrasting against a dark background, enhancing the visual impact. The spatial relationships among the figures and the flame remain similar across the images, indicating a consistent composition.  \n\nIn terms of temporal consistency, the lighting suggests a similar time of day and atmosphere, further affirming the contextual relevance. No significant manipulation signs are identified, as the elements appear natural and coherent, fostering an authentic artistic representation. \n\nOverall, the news image aligns well with the imagery expected from the caption, maintaining its thematic integrity despite slight variations in angles or sizes of figures.",
      "key_observations": [
        "The main visual elements of a flame and miniature figures are present in both the news and reference images.",
        "Lighting appears consistent, creating a warm glow that enhances thematic representation.",
        "Spatial relationships among the figures and flame are similar, retaining the artistic integrity of the composition.",
        "No signs of digital manipulation are visible; the images present a natural appearance.",
        "The overall context represented by the news image is consistent with the title 'Untitled,' indicating artistic interpretation."
      ]
    }
  },
  "final_result": {
    "OOC": false,
    "confidence_score": 9,
    "explanation": "Both the internal and external checks suggest that the caption 'Untitled by Josie Connolly aged 14' accurately represents the image. The internal check, with a confidence score of 7, confirms the presence of an image with that title within the news content. The external check, which has a higher confidence score of 9 and an alignment score of 95, further validates this by comparing the actual image to reference images and finding a high degree of consistency in visual elements like a small flame and miniature figures. The thematic integrity and lack of manipulation signs reinforce the accuracy of the caption. Therefore, despite the internal check's caution due to not seeing the actual image, the comprehensive external validation confirms the caption is not out of context.",
    "validation_summary": "Both internal and external checks indicate the caption accurately represents the image, with the external check providing strong validation through visual element analysis."
  },
  "inference_time": 13.337538957595825
}