{
  "caption": "Brazilian and Colombian boxers take part in a joint training session",
  "ground_truth": false,
  "internal_check": {
    "visual_entities": [
      "Contact sport",
      "Exercise",
      "Physical fitness",
      "Combat sport",
      "Competition",
      "Tournament",
      "Sports venue",
      "Indoor games and sports",
      "Indoor sport",
      "Training",
      "Team",
      "sport venue"
    ],
    "image_evidences": [],
    "result": {
      "confidence_score": 7,
      "explanation": "The news caption mentions \"Brazilian and Colombian boxers take part in a joint training session.\" The detected visual entities include 'Contact sport', 'Exercise', 'Physical fitness', 'Combat sport', 'Competition', 'Tournament', 'Sports venue', 'Indoor games and sports', 'Indoor sport', 'Training', 'Team', and 'sport venue'. These entities align well with the caption's context of boxers participating in a training session. The presence of 'Combat sport', 'Training', 'Team', and 'Sports venue' supports the claim. However, without visual confirmation of Brazilian and Colombian flags or distinctive attire, a perfect match is not possible. The confidence score is 7, indicating a reasonable level of certainty based on the available visual entity data.",
      "verdict": true
    }
  },
  "external_check": {
    "text_evidences": [],
    "result": null
  },
  "final_result": {
    "OOC": false,
    "confidence_score": 7,
    "explanation": "The internal check suggests that the visual entities ('Contact sport', 'Exercise', 'Physical fitness', 'Combat sport', 'Competition', 'Tournament', 'Sports venue', 'Indoor games and sports', 'Indoor sport', 'Training', 'Team', and 'sport venue') align with the caption 'Brazilian and Colombian boxers take part in a joint training session'. It confirms the presence of a combat sport, training, a team, and a sports venue. The internal check has a confidence score of 7. There is no external check result. Based on the internal check alone, the caption seems accurate as far as the boxing context goes. However, without visual confirmation of Brazilian and Colombian flags or attire, a perfect match is not possible. Therefore, I am concluding that the caption is not out of context, based on available information.",
    "validation_summary": "Internal check aligns with the caption, suggesting it is not out of context. No external check available."
  },
  "inference_time": 4.148343801498413
}