{
  "caption": "Newark Town Football Club played FC Emmendingen in Belgium",
  "ground_truth": false,
  "internal_check": {
    "visual_entities": [
      "Christmas truce",
      "Team sport",
      "No man's land",
      "Team",
      "Royal Warwickshire Regiment",
      "Trench warfare",
      "Competition",
      "team"
    ],
    "image_evidences": [],
    "result": {
      "confidence_score": 9,
      "explanation": "The news caption mentions \"Newark Town Football Club played FC Emmendingen in Belgium\". The news content confirms this event and specifies that Newark Town FC played against FC Emmendingen near Ypres, Belgium, to recreate the 'Christmas truce' football match from World War One. The detected visual entities include 'Christmas truce', 'Team sport', \"No man's land\", 'Team', 'Royal Warwickshire Regiment', 'Trench warfare', 'Competition', and 'team'. These entities align with the news content's description of a football match commemorating the Christmas truce during World War One. The presence of 'Team sport', 'Team', and 'Competition' directly supports the claim of a football match. The mention of 'Trench warfare' and \"No man's land\" further contextualizes the historical backdrop of the event. Overall, the detected visual entities strongly support the news caption and content.",
      "verdict": true
    }
  },
  "external_check": {
    "text_evidences": [],
    "result": null
  },
  "final_result": {
    "OOC": false,
    "confidence_score": 9,
    "explanation": "The internal check result confirms that the news caption accurately represents the news content. The internal check returned a verdict of True, indicating a match between the caption and the content. The confidence score is 9, indicating high confidence in the assessment. There is no external check result available. Therefore, based on the available information, the caption is not out of context.",
    "validation_summary": "Internal check confirms the caption's accuracy with high confidence. No external check available."
  },
  "inference_time": 3.5557491779327393
}