{
  "caption": "Ezra Pound in Northbridge opened in 2009",
  "ground_truth": true,
  "internal_check": {
    "visual_entities": [
      "Mitsui cuisine M",
      "drink"
    ],
    "image_evidences": [],
    "result": {
      "confidence_score": 2,
      "explanation": "The news caption mentions 'Ezra Pound in Northbridge opened in 2009'. The detected visual entities are 'Mitsui cuisine M' and 'drink'. There is no direct link or relationship between the detected visual entities and the content of the news caption. The entities could be parts of the image but have nothing to do with the caption. Therefore, the caption does not align with the detected visual entities.",
      "verdict": false
    }
  },
  "external_check": {
    "text_evidences": [
      {
        "title": "Perth's best small bars | Culture | The Guardian",
        "content": "Perth's best small bars | Culture | The Guardian",
        "caption": "Ezra Pound opened in 2009",
        "domain": "www.theguardian.com"
      },
      {
        "title": "Perth's best small bars | Culture | The Guardian",
        "content": "Perth's best small bars | Culture | The Guardian",
        "caption": "Ezra Pound opened in 2009",
        "domain": "www.theguardian.com"
      }
    ],
    "result": {
      "verdict": false,
      "alignment_score": 35,
      "confidence_score": 7,
      "explanation": "The news image features a dining area with notable elements such as a man eating at the bar counter, a well-lit environment with casual dining scenes, and patrons in the background, suggesting a lively restaurant setting. Conversely, the reference images depict different environments, primarily focused on bar or pub settings with darker tones, brick walls, and fewer tables in view. These images, while showing similar themes of casual food and drink atmosphere, lack significant visual consistency regarding the specific location, ambiance, and lighting seen in the news image. The reference images have a more rustic, cozy, and somewhat dimly lit atmosphere, which contrasts sharply with the bright and open aspect of the news image, potentially indicating a different establishment or period.",
      "key_observations": "- The news image displays a bright, open dining area, contrasting with the darker, rustic tones of the reference images.\n- Reference images show people congregating around a bar, while the news image features a more restaurant-like setup.\n- Lighting in the news image is significantly brighter and warmer compared to the reference images.\n- The overall composition differs, with the news image focusing on a solitary patron at a bar counter versus groups at tables in the reference images."
    }
  },
  "final_result": {
    "OOC": true,
    "confidence_score": 7,
    "explanation": "The internal check resulted in a 'False' verdict with a confidence score of 2, stating a mismatch between the caption 'Ezra Pound in Northbridge opened in 2009' and the detected visual entities ('Mitsui cuisine M' and 'drink'). It asserts there's no direct link between them. The external check also resulted in a 'False' verdict but with a higher confidence score of 7. It indicated an alignment score of 35, noting differences between the news image (bright dining area) and the reference images (darker bar settings). Since both checks indicate a mismatch and the external check has a significantly higher confidence score, the caption is deemed out of context. The low alignment score further supports this decision. Both checks confirm that the image does not directly correspond to the caption about 'Ezra Pound in Northbridge opening in 2009'.",
    "validation_summary": "Both internal and external checks suggest the caption is out of context, with the external check having a higher confidence score due to the notable visual differences between the news image and reference images."
  },
  "inference_time": 8.510517120361328
}