{
  "caption": "Cardinals Matt Holliday hits a solo home run in the sixth inning against the Braves",
  "ground_truth": false,
  "internal_check": {
    "visual_entities": [
      "Catcher",
      "Baseball",
      "Baseball positions",
      "Bat-and-ball games",
      "Team sport",
      "Protective gear in sports",
      "Player",
      "Softball",
      "Sports venue",
      "Ball",
      "College softball",
      "Team",
      "baseball player"
    ],
    "image_evidences": [],
    "result": {
      "confidence_score": 9,
      "explanation": "The news caption states 'Cardinals Matt Holliday hits a solo home run in the sixth inning against the Braves'. The detected visual entities include 'baseball player', 'player', 'team', 'team sport', 'baseball', 'bat-and-ball games', and 'sports venue', all of which are highly consistent with a baseball game scenario and the possibility of a player hitting a home run. The caption does not include any specific objects or actions that contradict the presence or function of these detected entities. Because the entities are consistent with the caption, I have high confidence in the verdict.",
      "verdict": true
    }
  },
  "external_check": {
    "text_evidences": [
      {
        "title": "Cardinals advance with win against Braves",
        "content": "Cardinals advance with win against Braves",
        "caption": "Cardinals' Matt Holliday hits a solo home run in the sixth inning against the Braves.",
        "domain": "www.usatoday.com"
      }
    ],
    "result": {
      "verdict": true,
      "alignment_score": 90,
      "confidence_score": 9,
      "explanation": "The analysis of the news image and reference images reveals high consistency in terms of visual elements, composition, and the context of the event described by the news caption. In particular, both images depict Matt Holliday in the process of hitting a solo home run during a baseball game against the Atlanta Braves. Key visual elements such as his uniform, demeanor during the swing, and the catcher’s position reflect typical moments from a baseball game. \n\nSimilarities include the uniforms: both images show Holliday wearing the St. Louis Cardinals’ away jersey with the recognizable logo and color scheme, including the red accent on a grey base. The catcher’s setup is also consistent in both images, portraying an authentic baseball scene.\n\nLighting conditions appear to be comparable; both images are taken in a setting that suggests evening conditions, with artificial stadium lighting in the background. The stadium's audience presence and overall environment reflect a typical baseball game atmosphere. \n\nWhile there are some minor visual variations between the two reference images, including the camera angles and close-up positioning, these do not detract from the overall context or the authenticity of the event captured in the news image. Thus, the images can be confidently assessed as representing the same event and moment in time related to Holliday’s home run.\n\nIn conclusion, despite slight differences in visual style and camera perspective, the news image is contextually accurate and aligns well with the referenced images.",
      "key_observations": [
        "Both images depict Matt Holliday hitting a home run during a baseball game.",
        "Holliday's uniform is consistent across both images; he wears the St. Louis Cardinals’ away jersey.",
        "The position of the catcher and their uniform are similar, reinforcing that the images are from a comparable moment in the game.",
        "Lighting appears to be consistent with a stadium atmosphere during evening games, suggesting temporal alignment.",
        "Minor differences in camera angle and distance do not affect the overall context or the event being depicted."
      ]
    }
  },
  "final_result": {
    "OOC": false,
    "confidence_score": 9,
    "explanation": "The internal and external checks both indicate that the caption accurately represents the image. The internal check has a confidence score of 9, based on the alignment of the caption's content with the detected visual entities. The external check also has a confidence score of 9, with an alignment score of 90, based on the comparison of the news image with reference images of the same event. Since both checks align and have high confidence scores, the caption is not considered out of context.",
    "validation_summary": "Both internal and external checks confirm the caption's accuracy with high confidence."
  },
  "inference_time": 9.401893854141235
}