{
  "caption": "Ellie Goulding wanted to meet Cameron in her role as patron for the Marylebone Project which is dedicated to helping homeless women in London",
  "ground_truth": true,
  "internal_check": {
    "visual_entities": [
      "Mamohato Children's Centre",
      "Sentebale",
      "Maseru",
      "It's Thanksgiving",
      "It's Thanksgiving",
      "T-Shirt",
      "Youth",
      "2015",
      "Prince Harry, Duke of Sussex",
      "'Mamohato Bereng Seeiso",
      "Vacation",
      "Lesotho",
      "community"
    ],
    "image_evidences": [],
    "result": {
      "confidence_score": 1,
      "explanation": "The detected visual entities consist of items such as 'Maseru', 'Youth', and 'Prince Harry, Duke of Sussex', which are not related to the news caption about Ellie Goulding and David Cameron discussing homeless women. Therefore, the caption does not align with the detected visual entities.",
      "verdict": false
    }
  },
  "external_check": {
    "text_evidences": [
      {
        "title": "Ellie Goulding 'snubbed' by David Cameron | Ellie Goulding | The Guardian",
        "content": "5341.jpg?width=1200&quality=85 ...",
        "caption": "Ellie Goulding wanted to meet Cameron in her role as patron for the Marylebone Project, which is dedicated to helping homeless women in London.",
        "domain": "www.theguardian.com"
      },
      {
        "title": "Ellie Goulding 'snubbed' by David Cameron | Ellie Goulding | The Guardian",
        "content": "5341.jpg?width=1200&height=630 ...",
        "caption": "Ellie Goulding wanted to meet Cameron in her role as patron for the Marylebone Project, which is dedicated to helping homeless women in London.",
        "domain": "www.theguardian.com"
      },
      {
        "title": "Ellie Goulding 'snubbed' by David Cameron | Ellie Goulding | The Guardian",
        "content": "5341.jpg?width=1200&height=900 ...",
        "caption": "Ellie Goulding wanted to meet Cameron in her role as patron for the Marylebone Project, which is dedicated to helping homeless women in London.",
        "domain": "www.theguardian.com"
      },
      {
        "title": "Ellie Goulding 'snubbed' by David Cameron | Ellie Goulding | The Guardian",
        "content": "Ellie Goulding 'snubbed' by David Cameron | Ellie Goulding | The ...",
        "caption": "Ellie Goulding wanted to meet Cameron in her role as patron for the Marylebone Project, which is dedicated to helping homeless women in London.",
        "domain": "www.theguardian.com"
      },
      {
        "title": "Ellie Goulding 'snubbed' by David Cameron | Ellie Goulding | The Guardian",
        "content": "5341.jpg?width=1200&height= ...",
        "caption": "Ellie Goulding wanted to meet Cameron in her role as patron for the Marylebone Project, which is dedicated to helping homeless women in London.",
        "domain": "www.theguardian.com"
      }
    ],
    "result": {
      "verdict": false,
      "alignment_score": 15,
      "confidence_score": 9,
      "explanation": "The news image features a man pointing with a backdrop of what looks like a children's center, which does not relate to the caption about Ellie Goulding or the Marylebone Project for aiding homeless women. The reference images primarily show Ellie Goulding performing, clearly identifiable due to her hairstyle and clothing that indicates she is on stage. This stark difference indicates a fundamental disconnect between the news image and the context provided by the caption.\n\nIn terms of visual elements, the subjects are entirely different: the news image presents a male figure, while the accompanying reference images depict a female singer. The environments also differ drastically; the news image suggests an outdoor setting, while the reference images suggest indoor performances typical of concerts. Furthermore, the expected scene that would align with the caption would include Ellie Goulding engaged in activities related to supporting homeless women, which is entirely absent from the news image. \n\nTemporal consistency was not evaluated as the core mismatch in subjects and contexts overrides the need to consider lighting or seasonal elements. The lighting in the news image appears bright and in an outdoor setting, which does not match the more intimate and theatrical lighting seen in the reference images featuring Goulding.",
      "key_observations": [
        "Different subjects: The main image features a male figure, while the reference images depict Ellie Goulding.",
        "Mismatch in context: The news image does not reflect the Marylebone Project or any activity related to homeless women, contrasting the intended context from the caption.",
        "Distinct environments: The news image shows an outdoor scene, while reference images illustrate a performance setting.",
        "No visual similarities: Overall composition, clothing, and activity in the images are contrasting."
      ]
    }
  },
  "final_result": {
    "OOC": true,
    "confidence_score": 9,
    "explanation": "Both the internal and external checks indicate that the caption is out of context with the image. The internal check highlights that the visual entities detected in the image (Maseru, Youth, Prince Harry) are unrelated to the caption's content about Ellie Goulding and David Cameron. The external check, which has a high confidence score of 9 and an alignment score of 15, explicitly states that the image features a man pointing, set against what appears to be a children's center, which does not align with the caption describing Ellie Goulding and the Marylebone Project. Reference images confirm that Ellie Goulding is visually distinct, and the settings of the reference images (concerts) differ significantly from the scene in the news image. Given the consensus between the two checks and the high confidence in the external check, the caption is considered out of context.",
    "validation_summary": "Both internal and external checks confirm that the news caption is out of context with the image provided, as the visual elements and subjects do not align with the caption's description of Ellie Goulding and the Marylebone Project."
  },
  "inference_time": 13.769991397857666
}