{
  "caption": "Stray dogs sit outside the Rosa Khutor Extreme Park course a venue for the snowboarding and freestyle competitions of the 2014 Winter Olympics in Sochi Russia Monday Feb 3 2014",
  "ground_truth": true,
  "internal_check": {
    "visual_entities": [
      "Austria",
      "European Union",
      "Politics",
      "Border",
      "European migrant crisis",
      "Italy",
      "Border control",
      "Immigration",
      "Asylum seeker",
      "Border crossing",
      "Refugee",
      "Defence minister",
      "Hans Peter Doskozil",
      "snow"
    ],
    "image_evidences": [
      {
        "title": "Migrant crisis: Austria's Plan B to cap influx of refugees - BBC News",
        "content": "",
        "caption": "Border controls are expected to go up on Austria's crossings with Italy",
        "domain": "www.bbc.com"
      }
    ],
    "result": {
      "confidence_score": 2,
      "explanation": "The news caption describes stray dogs sitting outside the Rosa Khutor Extreme Park course during the 2014 Winter Olympics in Sochi, Russia. The news content discusses various issues related to the Sochi Olympics, including stray dogs. However, the provided image evidence shows border controls on Austria's crossings with Italy related to the migrant crisis. The visual entities detected are also related to the migrant crisis and European politics, and not to the Sochi Olympics or stray dogs. There is no alignment between the news caption/content and the image evidence. The image evidence is completely irrelevant to the news about the Sochi Olympics.",
      "verdict": false
    }
  },
  "external_check": {
    "text_evidences": [],
    "result": null
  },
  "final_result": {
    "OOC": true,
    "confidence_score": 10,
    "explanation": "The internal check result indicates a complete mismatch between the news caption and the image content. The caption describes stray dogs at the Sochi Olympics, while the image evidence is related to border controls and the migrant crisis, with no alignment in visual entities. The confidence score of the internal check is 2, suggesting moderate reliability in its assessment. The external check result is 'None', indicating a lack of external validation data. Given the strong negative result from the internal check and the absence of contradicting evidence from the external check, the caption is determined to be out of context with high confidence. The absence of external data doesn't weaken the conclusion because the internal check provides sufficient evidence of a mismatch.",
    "validation_summary": "Internal check shows a clear mismatch between the Sochi Olympics caption and image content depicting the migrant crisis. No external check data is available. The caption is out of context."
  },
  "inference_time": 4.178299188613892
}