{
  "caption": "Hairraiser You know nothing Kit Harington at Wimbledon",
  "ground_truth": false,
  "internal_check": {
    "visual_entities": [
      "Kit Harington",
      "Game of Thrones",
      "Jon Snow",
      "Hairstyle",
      "HBO",
      "Game of Thrones - Season 6",
      "Television",
      "Actor",
      "7 Days in Hell",
      "Andy Samberg",
      "hairstyle"
    ],
    "image_evidences": [
      {
        "title": "Decoding Kit Harington's Wimbledon locks: celebrity haircuts as spoiler alerts | Game of Thrones | The Guardian",
        "content": "",
        "caption": "Hair-raiser? You know nothing  Kit Harington at Wimbledon.",
        "domain": "www.theguardian.com"
      }
    ],
    "result": {
      "confidence_score": 10,
      "explanation": "The news caption and content discuss Kit Harington's appearance at Wimbledon with long hair, specifically referencing the implications of his hairstyle given his role in \"Game of Thrones.\" The image evidence, sourced from a reputable domain (www.theguardian.com), directly shows Kit Harington at Wimbledon, and the image caption provided in the evidence explicitly mentions \"Kit Harington at Wimbledon\" and alludes to the hair-related discussion (\"\"). The visual entities detected, such as \"Kit Harington,\" \"Game of Thrones,\" and \"hairstyle,\" are all relevant to both the news content and the image. Therefore, the image evidence strongly supports the news caption.",
      "verdict": true
    }
  },
  "external_check": {
    "text_evidences": [
      {
        "title": "Decoding Kit Harington's Wimbledon locks: celebrity haircuts as spoiler alerts | Game of Thrones | The Guardian",
        "content": "Decoding Kit Harington's Wimbledon locks: celebrity haircuts as ...",
        "caption": "Hair-raiser? You know nothing  Kit Harington at Wimbledon.",
        "domain": "www.theguardian.com"
      },
      {
        "title": "Decoding Kit Harington's Wimbledon locks: celebrity haircuts as spoiler alerts | Game of Thrones | The Guardian",
        "content": "Decoding Kit Harington's Wimbledon locks: celebrity haircuts as ...",
        "caption": "Hair-raiser? You know nothing  Kit Harington at Wimbledon.",
        "domain": "www.theguardian.com"
      },
      {
        "title": "Decoding Kit Harington's Wimbledon locks: celebrity haircuts as spoiler alerts | Game of Thrones | The Guardian",
        "content": "Decoding Kit Harington's Wimbledon locks: celebrity haircuts as ...",
        "caption": "Hair-raiser? You know nothing  Kit Harington at Wimbledon.",
        "domain": "www.theguardian.com"
      },
      {
        "title": "Decoding Kit Harington's Wimbledon locks: celebrity haircuts as spoiler alerts | Game of Thrones | The Guardian",
        "content": "Decoding Kit Harington's Wimbledon locks: celebrity haircuts as ...",
        "caption": "Hair-raiser? You know nothing  Kit Harington at Wimbledon.",
        "domain": "www.theguardian.com"
      },
      {
        "title": "Decoding Kit Harington's Wimbledon locks: celebrity haircuts as spoiler alerts | Game of Thrones | The Guardian",
        "content": "Decoding Kit Harington's Wimbledon locks: celebrity haircuts as ...",
        "caption": "Hair-raiser? You know nothing  Kit Harington at Wimbledon.",
        "domain": "www.theguardian.com"
      }
    ],
    "result": {
      "verdict": true,
      "alignment_score": 90,
      "confidence_score": 8,
      "explanation": "The news image aligns closely with reference images, depicting the same individual, Kit Harington, at the Wimbledon event. The core visual elements, such as Harington's outfit, hairstyle, and surroundings, remain consistent across the images. The references indicate this scene took place during a past Wimbledon event, likely in the summer given the attire and lighting. The temporal indicators (outdoor lighting and spectators' clothing) reinforce this seasonal context. While there may be minor variations in cropping and focus between the images, these do not compromise the authenticity of the event being portrayed. Additionally, all images include similar spectators and represent the same moment captured from different angles, validating the context of Harington's presence at Wimbledon. Overall, despite slight visual discrepancies like differing angles or framing, the essence and context of the news caption are accurately represented, confirming it is not misleading.",
      "key_observations": "- Kit Harington is consistently present in all images, seated in an audience at Wimbledon.\n- Similarities in his attire (dark suit, white shirt, patterned tie) across the images show visual consistency.\n- The lighting and seasonal indicators suggest a warm weather setting typical of a summer event like Wimbledon.\n- Minor differences in focus and depth of field do not impact the overall context.\n- Temporal consistency is supported by reference images, confirming the event date of Harington's attendance."
    }
  },
  "final_result": {
    "OOC": false,
    "confidence_score": 9,
    "explanation": "The internal check, with a confidence score of 10, affirms that the news caption accurately represents the image, supported by visual entities and image caption mentions. The external check, with an alignment score of 90 and a confidence score of 8, corroborates this, highlighting the consistency of Kit Harington's presence and attire at Wimbledon across reference images. Both checks align, confirming that the image accurately represents the news caption. Therefore, the caption is not out of context.",
    "validation_summary": "Both internal and external checks confirm the news caption accurately represents the image, depicting Kit Harington at Wimbledon."
  },
  "inference_time": 11.561875820159912
}