{
  "caption": "Tony McCoy steers Jezki to victory over Hurricane Fly inn the Champion Hurdle at Punchestown on Friday",
  "ground_truth": false,
  "internal_check": {
    "visual_entities": [
      "Equestrianism",
      "Horse",
      "Endurance riding",
      "Horse racing",
      "Eventing",
      "Horse harness",
      "Mare",
      "Cross-country riding",
      "Stallion",
      "Bridle",
      "Rein",
      "Racing",
      "Mane",
      "Mammal",
      "Helmet",
      "jockey"
    ],
    "image_evidences": [],
    "result": {
      "confidence_score": 9,
      "explanation": "The caption mentions Tony McCoy riding Jezki to victory in a horse race, specifically the Champion Hurdle at Punchestown. The detected visual entities include 'Equestrianism,' 'Horse,' 'Horse racing,' 'jockey,' 'Bridle,' 'Rein,' which are all consistent with the caption describing a horse race where a jockey (Tony McCoy) is riding a horse (Jezki). The caption does not explicitly conflict with the detected visual elements. The other horse 'Hurricane Fly' and the race details also align with the detected general entities.",
      "verdict": true
    }
  },
  "external_check": {
    "text_evidences": [
      {
        "title": "Jezki beats Hurricane Fly to land Champion Hurdle at Punchestown | Horse racing | The Guardian",
        "content": "Jezki beats Hurricane Fly to land Champion Hurdle at Punchestown ...",
        "caption": "Tony McCoy steers Jezki to victory over Hurricane Fly inn the Champion Hurdle at Punchestown on Friday. Photograph: Alan Crowhurst/Getty Images",
        "domain": "www.theguardian.com"
      },
      {
        "title": "Jezki beats Hurricane Fly to land Champion Hurdle at Punchestown | Horse racing | The Guardian",
        "content": "Jezki beats Hurricane Fly to land Champion Hurdle at Punchestown ...",
        "caption": "Tony McCoy steers Jezki to victory over Hurricane Fly inn the Champion Hurdle at Punchestown on Friday. Photograph: Alan Crowhurst/Getty Images",
        "domain": "www.theguardian.com"
      },
      {
        "title": "Jezki beats Hurricane Fly to land Champion Hurdle at Punchestown | Horse racing | The Guardian",
        "content": "Jezki beats Hurricane Fly to land Champion Hurdle at Punchestown ...",
        "caption": "Tony McCoy steers Jezki to victory over Hurricane Fly inn the Champion Hurdle at Punchestown on Friday. Photograph: Alan Crowhurst/Getty Images",
        "domain": "www.theguardian.com"
      },
      {
        "title": "Jezki beats Hurricane Fly to land Champion Hurdle at Punchestown | Horse racing | The Guardian",
        "content": "Jezki beats Hurricane Fly to land Champion Hurdle at Punchestown ...",
        "caption": "",
        "domain": "www.theguardian.com"
      },
      {
        "title": "Jezki beats Hurricane Fly to land Champion Hurdle at Punchestown | Horse racing | The Guardian",
        "content": "Jezki beats Hurricane Fly to land Champion Hurdle at Punchestown ...",
        "caption": "",
        "domain": "www.theguardian.com"
      }
    ],
    "result": {
      "verdict": true,
      "alignment_score": 90,
      "confidence_score": 9,
      "explanation": "The news image of Tony McCoy guiding Jezki against Hurricane Fly in the Champion Hurdle at Punchestown has several matching visual elements with the reference images obtained from the web search related to the caption. Both images showcase a similar race scenario with McCoy in the green and yellow silks, which is indicative of his racing colors. The horses are closely positioned, and the intensity of the race can be felt in the captured moment, with McCoy displaying a focused expression, which is consistent across reference images. \n\nFrom a temporal standpoint, the weather appears overcast in the news image, aligning with the seasonal conditions often observed at races during this time of year in Ireland. Lighting conditions are also comparable; the slight grayness and shadows on the horses indicate typical race day conditions, which matches with the time of year referenced. The spatial relationships seem consistent – the proximity of the horses and jockeys mirrors what is typically seen during competitive horse races.\n\nDespite minor variations in image quality and angle between the news and reference images, these differences do not detract from the contextual representation of the event in question. Instead, they indicate a shared visual narrative rather than any form of manipulation. The focus remains firmly on the competitive racing aspect, which is the essence of the described event.",
      "key_observations": [
        "Both the news and reference images feature Tony McCoy in his recognizable green and yellow silks, confirming identity and context.",
        "The composition and fighting position of the horses are similarly captured, emphasizing the competitive nature of the race.",
        "Lighting and weather conditions are consistent, indicating an overcast race day typical of Punchestown race days.",
        "Differences observed in image quality do not significantly impact the context or the event being described; all images depict a race scenario.",
        "No signs of digital manipulation were detected, supporting the authenticity of the news image."
      ]
    }
  },
  "final_result": {
    "OOC": false,
    "confidence_score": 9,
    "explanation": "Both the internal and external checks suggest that the caption accurately represents the image. The internal check, with a confidence score of 9, confirms that the visual elements align with the caption. The external check also supports this, indicated by an alignment score of 90 and a confidence score of 9. Given the agreement between these checks and the high confidence/alignment scores, the caption is deemed not out of context. There are no conflicting results, and the available evidence is consistent.",
    "validation_summary": "Both internal and external checks indicate the caption is accurate, supported by high confidence and alignment scores."
  },
  "inference_time": 9.330074787139893
}