{
  "caption": "Ikea Philips GE and Osram are among the companies exaggerating energy performance by up to 25 test results show",
  "ground_truth": true,
  "internal_check": {
    "visual_entities": [
      "United States",
      "China",
      "2002 United States steel tariff",
      "Trade",
      "Economy",
      "Steel",
      "Import",
      "Tariff",
      "Business",
      "Trade war",
      "Simon Tisdall",
      "steel"
    ],
    "image_evidences": [],
    "result": {
      "confidence_score": 1,
      "explanation": "The news caption discusses lightbulb manufacturers like Ikea, Philips, GE, and Osram exaggerating energy performance. The detected visual entities include terms related to 'United States', 'China', '2002 United States steel tariff', 'Trade', 'Economy', 'Steel', 'Import', 'Tariff', 'Business', 'Trade war', 'Simon Tisdall', 'steel'. These entities do not relate to the news caption or content about lightbulbs. Therefore, the caption does not align with the detected visual entities.",
      "verdict": false
    }
  },
  "external_check": {
    "text_evidences": [
      {
        "title": "Big brands 'cheating' consumers with false lightbulb efficiency claims | Energy efficiency | The Guardian",
        "content": "Big brands 'cheating' consumers with false lightbulb efficiency ...",
        "caption": "Ikea, Philips, GE and Osram are among the companies exaggerating energy performance by up to 25%, test results show.",
        "domain": "www.theguardian.com"
      },
      {
        "title": "Big brands 'cheating' consumers with false lightbulb efficiency claims | Energy efficiency | The Guardian",
        "content": "Big brands 'cheating' consumers with false lightbulb efficiency ...",
        "caption": "Ikea, Philips, GE and Osram are among the companies exaggerating energy performance by up to 25%, test results show.",
        "domain": "www.theguardian.com"
      },
      {
        "title": "Big brands 'cheating' consumers with false lightbulb efficiency claims | Energy efficiency | The Guardian",
        "content": "Big brands 'cheating' consumers with false lightbulb efficiency ...",
        "caption": "Ikea, Philips, GE and Osram are among the companies exaggerating energy performance by up to 25%, test results show.",
        "domain": "www.theguardian.com"
      },
      {
        "title": "Big brands 'cheating' consumers with false lightbulb efficiency claims | Energy efficiency | The Guardian",
        "content": "Big brands 'cheating' consumers with false lightbulb efficiency ...",
        "caption": "Ikea, Philips, GE and Osram are among the companies exaggerating energy performance by up to 25%, test results show.",
        "domain": "www.theguardian.com"
      },
      {
        "title": "Big brands 'cheating' consumers with false lightbulb efficiency claims | Energy efficiency | The Guardian",
        "content": "Big brands 'cheating' consumers with false lightbulb efficiency ...",
        "caption": "Ikea, Philips, GE and Osram are among the companies exaggerating energy performance by up to 25%, test results show.",
        "domain": "www.theguardian.com"
      }
    ],
    "result": {
      "verdict": false,
      "alignment_score": 40,
      "confidence_score": 6,
      "explanation": "The analysis indicates that the news image, depicting a hand interacting with a metallic or cylindrical arrangement, deviates significantly from the reference images focusing on light bulbs from companies like Ikea and Osram. The reference images show a clear close-up view of multiple glass or LED bulb units arranged in a structured manner, which is in direct contrast with the core subject of the news image. The lighting conditions, colors, and materials also differ between the sets of images—while the news image primarily conveys a metal-like texture, the reference images depict transparent or glass components predominantly. \n\nIn terms of spatial relationships, the arrangement of the objects (bulbs versus metallic cylinders) does not correlate with the news caption's context, which revolves around energy performance measurement of lighting products. No signs of temporal consistency exist either, as the news image portrays an interaction with materials unrelated to the subject matter in question. While both types of images might exist in a broader context of light performance, their visual specifics fail to connect meaningfully in this instance. Therefore, even though the news image is not technically manipulated, it misrepresents the subject matter discussed in the news caption, which raises concerns regarding its relevance.",
      "key_observations": [
        "The news image shows a hand interacting with cylindrical metallic objects, unlike reference images which display glass or LED light bulbs.",
        "Significant discrepancies in materials: metallic cylinders versus glass bulbs imply differing contexts.",
        "Lighting conditions in reference images are bright with reflections, while the news image has a softer, duller tone, indicating different setups.",
        "Spatial arrangements are inconsistent; the news image suggests a tactile interaction that isn’t present in the bulb images.",
        "No evidence of digital manipulation was detected, but the disconnect in subject matter raises questions about relevance."
      ]
    }
  },
  "final_result": {
    "OOC": true,
    "confidence_score": 7,
    "explanation": "Both the internal and external checks indicate that the image does not align with the news caption. The internal check reveals that the visual entities identified in the image (related to 'United States', 'China', 'steel tariff', etc.) are unrelated to the caption's topic of lightbulb energy performance. The external check confirms this by noting that the image depicts a hand interacting with metallic objects, whereas the news caption concerns lightbulbs from companies like Ikea and Osram. Although the external check's confidence score is relatively low (6), the agreement between both checks, coupled with the internal check's perfect confidence score (10), strengthens the conclusion that the image is out of context. The external alignment score of 40 further supports the conclusion that the image and caption lack a strong connection.",
    "validation_summary": "Both internal and external checks indicate a mismatch between the image and the news caption. The internal check highlights unrelated visual entities, while the external check points to a discrepancy in the depicted objects (metallic cylinders vs. lightbulbs)."
  },
  "inference_time": 12.778045415878296
}