{
  "caption": "Donald Trump and Hillary Clinton file photos",
  "ground_truth": true,
  "internal_check": {
    "visual_entities": [
      "The Oval Office",
      "Resolute desk",
      "President of the United States",
      "HMS Resolute",
      "Diet Coke button",
      "Desk",
      "Seal of the President of the United States",
      "John F. Kennedy Jr.",
      "Rutherford B. Hayes",
      "John F. Kennedy",
      "resolute desk"
    ],
    "image_evidences": [],
    "result": {
      "confidence_score": 1,
      "explanation": "The detected visual entities are related to 'The Oval Office', 'President of the United States', and other related objects. However, the news caption refers to 'Donald Trump and Hillary Clinton'. The detected visual entities do not directly correspond to the individuals mentioned in the caption. Therefore, the caption does not accurately represent the visual content based on the detected visual entities.",
      "verdict": false
    }
  },
  "external_check": {
    "text_evidences": [
      {
        "title": "Election 2024: What Trump's debates with Clinton might tell us about Tuesday | AP News",
        "content": "Election 2024: What Trump's debates with Clinton might tell us ...",
        "caption": "FILE - Democratic presidential nominee Hillary Clinton, right, speaks as Republican presidential nominee Donald Trump listens during the second presidential debate in St. Louis, Oct. 9, 2016. (Rick T. Wilking/Pool via AP, File)",
        "domain": "apnews.com"
      },
      {
        "title": "Hillary Clinton offers debate advice for Biden on how to handle Trump - ABC News",
        "content": "Hillary Clinton offers debate advice for Biden on how to handle ...",
        "caption": "",
        "domain": "abcnews.go.com"
      },
      {
        "title": "Election 2024: What Trump's debates with Clinton might tell us about Tuesday | AP News",
        "content": "Election 2024: What Trump's debates with Clinton might tell us ...",
        "caption": "",
        "domain": "apnews.com"
      },
      {
        "title": "Hillary Clinton offers debate advice for Biden on how to handle Trump - ABC News",
        "content": "Hillary Clinton offers debate advice for Biden on how to handle ...",
        "caption": "",
        "domain": "abcnews.go.com"
      }
    ],
    "result": {
      "verdict": false,
      "alignment_score": 10,
      "confidence_score": 6,
      "explanation": "The news image and the reference images derived from the query for Donald Trump and Hillary Clinton show fundamental inconsistencies. The primary issue lies in the subjects depicted in both images. The news image features John F. Kennedy at a desk, which has no relation to the caption, while the reference images clearly illustrate the debate setting between Donald Trump and Hillary Clinton. This discrepancy fundamentally undermines the validity of the news image in representing the specified context. Additionally, the setting, lighting, and overall atmospheres are vastly different. The reference images showcase a debate context with an audience, while the news image reflects a historical and unrelated moment. No elements within the news image correspond visually or contextually to the expected subjects described in the caption. Therefore, while the news image may not be misleading in its own context, it does not accurately represent the event or subjects cited in the caption.",
      "key_observations": [
        "News image features John F. Kennedy instead of Donald Trump and Hillary Clinton.",
        "Reference images depict a debate setting while the news image shows a completely different context.",
        "Lighting and atmosphere differ significantly between the news image and reference images.",
        "No shared visual elements from the subjects or settings, indicating a lack of alignment with the caption."
      ]
    }
  },
  "final_result": {
    "OOC": true,
    "confidence_score": 8,
    "explanation": "Both internal and external checks indicate that the caption 'Donald Trump and Hillary Clinton file photos' does not accurately represent the image. The internal check, with a confidence score of 1, states that the detected visual entities (related to 'The Oval Office' and 'President of the United States') do not correspond to Donald Trump or Hillary Clinton. The external check, with a confidence score of 6 and alignment score of 10, confirms this by noting that the news image features John F. Kennedy, a completely different subject than the caption suggests. While the internal check has a lower confidence score, the external check's higher confidence and alignment score strengthens the conclusion that the caption is out of context. Therefore, the caption is misleading as it does not depict the individuals it claims to.",
    "validation_summary": "Both internal and external checks conclude that the caption is out of context. The image features John F. Kennedy, while the caption refers to Donald Trump and Hillary Clinton. The external check has a higher confidence and alignment score, reinforcing the conclusion."
  },
  "inference_time": 10.00557565689087
}