{
  "caption": "The summit of the 9718ft Zugspitze mountain in Germany which had only 75 inches of snow a few weeks ago now has 150 inches",
  "ground_truth": false,
  "internal_check": {
    "visual_entities": [
      "Alps",
      "Mountaineering",
      "Mountain",
      "Mountain range",
      "Summit",
      "Uranium-235",
      "Nunatak",
      "Snow",
      "Glacier",
      "Bank",
      "Massif",
      "Uranium-236",
      "Piste",
      "zugspitze"
    ],
    "image_evidences": [
      {
        "title": "Weird weather around the world sees in 2012 | UK weather | The Guardian",
        "content": "",
        "caption": "The summit of the 9,718ft Zugspitze mountain in Germany which had only 7.5 inches of snow a few weeks ago, now has 150 inches. Photograph: Oliver Lang/AFP/Getty Images",
        "domain": "www.theguardian.com"
      }
    ],
    "result": {
      "confidence_score": 10,
      "explanation": "The news caption states that the summit of the Zugspitze mountain in Germany has experienced a significant increase in snow depth, from 7.5 inches to 150 inches. The provided image evidence from 'www.theguardian.com' titled 'Weird weather around the world sees in 2012' and captioned with the same information supports this claim. The image shows a snow-covered mountain, consistent with the description of the Zugspitze summit. The domain 'www.theguardian.com' is a reputable news source, increasing the credibility of the image and caption. The detected visual entities like 'Mountain', 'Snow', 'Summit', and 'zugspitze' are all present and relevant in the image. There are no apparent contradictions or manipulations in the image. Therefore, the image evidence strongly supports the news caption.",
      "verdict": true
    }
  },
  "external_check": {
    "text_evidences": [],
    "result": null
  },
  "final_result": {
    "OOC": false,
    "confidence_score": 10,
    "explanation": "The internal check, with a confidence score of 10, confirms that the news caption accurately represents the image content. The caption describes the snow depth on the Zugspitze mountain, and the internal check found supporting image evidence from a reputable source ('www.theguardian.com') with a matching caption. The visual entities detected (Mountain, Snow, Summit, zugspitze) are relevant and consistent with the image. The external check result is 'None,' indicating a lack of external validation data, so the conclusion relies solely on the internal check. Since the internal check strongly supports the caption's accuracy, the caption is not out of context.",
    "validation_summary": "Internal check confirms caption accuracy based on image content; external check unavailable. Caption is not out of context."
  },
  "inference_time": 4.711156129837036
}