{
  "caption": "The 543km pipeline links BG gas fields in Queensland to a liquefied natural gas export facility at Gladstone on Australia s east coast",
  "ground_truth": true,
  "internal_check": {
    "visual_entities": [
      "Backbencher",
      "Politics",
      "Minister",
      "Stock photography",
      "Minister of State for Housing",
      "David Cameron",
      "Jeremy Corbyn",
      "Yvette Cooper",
      "performing arts center"
    ],
    "image_evidences": [
      {
        "title": "Even Labour is failing those in housing need | Dawn Foster | The Guardian",
        "content": "",
        "caption": "Watching the housing and planning bill being debated revealed how little connection the green leather seats of the Commons have to the lives of ordinary people.",
        "domain": "www.theguardian.com"
      }
    ],
    "result": {
      "confidence_score": 1,
      "explanation": "The news caption discusses a gas pipeline in Queensland, Australia, and its sale. The provided image evidence is completely unrelated. It shows a political discussion about housing and planning in the UK Parliament. The visual entities detected (e.g., 'Backbencher', 'Politics', 'David Cameron') further confirm that the image is irrelevant to the news about the Australian gas pipeline. Therefore, the image does not support the news caption.",
      "verdict": false
    }
  },
  "external_check": {
    "text_evidences": [],
    "result": null
  },
  "final_result": {
    "OOC": true,
    "confidence_score": 10,
    "explanation": "The internal check result indicates a complete mismatch between the news caption about an Australian gas pipeline and the image, which depicts a political discussion in the UK Parliament. The internal check has a high confidence score of 1, which suggests a strong certainty about the mismatch. There is no external check result available. Therefore, based on the high confidence internal check, the caption is out of context.",
    "validation_summary": "Internal check confirms the image is unrelated to the news caption with high confidence; external check is unavailable. The caption is considered out of context."
  },
  "inference_time": 3.4544591903686523
}