{
  "caption": "Nepalese police talk with a resident in Kathmandu",
  "ground_truth": true,
  "internal_check": {
    "visual_entities": [
      "NW",
      "White Teeth",
      "Building Stories",
      "Author",
      "Children's literature",
      "Novelist",
      "Fiction",
      "Novel",
      "Diverse Children's Books",
      "Young adult fiction",
      "Writer",
      "Debut novel",
      "Book",
      "Publishing",
      "Zadie Smith",
      "vehicle"
    ],
    "image_evidences": [
      {
        "title": "NW by Zadie Smith  review | Fiction | The Guardian",
        "content": "",
        "caption": "A novel about escape: Zadie Smiths NW follows the fortunes of four thirtysomethings who grew up on the same London council estate. Photograph: Ken Towner/Associated Newspapers",
        "domain": "www.theguardian.com"
      }
    ],
    "result": {
      "confidence_score": 2,
      "explanation": "The news caption refers to Nepalese police talking with a resident in Kathmandu following an earthquake. The provided image evidence is of a book cover titled 'NW' by Zadie Smith from The Guardian. The image shows no relation to the news content. The visual entities detected, such as 'Zadie Smith' and 'Debut novel', are related to the book and author, not to the earthquake in Nepal or police activity. Therefore, the image evidence does not support the news caption.",
      "verdict": false
    }
  },
  "external_check": {
    "text_evidences": [
      {
        "title": "Nepal police step up patrols to prevent thefts in earthquake zone | Nepal earthquake 2015 | The Guardian",
        "content": "Nepal police step up patrols to prevent thefts in earthquake zone ...",
        "caption": "Nepalese police talk with a resident in Kathmandu.",
        "domain": "www.theguardian.com"
      }
    ],
    "result": {
      "verdict": false,
      "alignment_score": 15,
      "confidence_score": 2,
      "explanation": "The news image depicts a scene of children playing with bicycles and a prominent chair in a residential area, contrasting sharply with the reference images that include Nepalese police officers conversing with a civilian under umbrellas. In analyzing key visual elements, the expected subjects based on the caption include police officers interacting with civilians in Kathmandu. None of these elements are present in the news image, revealing a fundamental disconnect in context. While the environments differ, the reference images reflect a more serious and structured interaction between law enforcement and the public. Regarding temporal consistency, the lighting in the news image suggests a bright outdoor setting, likely a different time of day or season compared to the more subdued and possibly rainy environment in the reference images. The spatial relationships and positioning of subjects are also entirely different; the news image focuses on playful interaction, while the reference images show a formal engagement between police and a citizen. There are no apparent signs of digital manipulation, but the overall thematic and situational discrepancies indicate that the news image fails to accurately represent the context described by the caption.",
      "key_observations": [
        "The news image shows children and a chair in a park-like setting, not police officers or a resident.",
        "Reference images depict police officers interacting with an adult, highlighting a serious engagement, which is absent in the news image.",
        "The lighting contrasts significantly; the news image is bright and outdoor, while reference images depict a darker, potentially rainy environment.",
        "No evidence of digital manipulation, but the thematic disconnect is significant."
      ]
    }
  },
  "final_result": {
    "OOC": true,
    "confidence_score": 9,
    "explanation": "The internal check resulted in a 'False' verdict with a confidence score of 2, indicating the news caption doesn't align with the Guardian book cover image. The external check also resulted in a 'False' verdict, but with a confidence score of 2 and an alignment score of 15, highlighting a disconnect between the news image (children playing in a park) and reference images of Nepalese police interacting with a resident. Despite the low confidence scores individually, the agreement between the internal and external checks that the image does not match the caption, and the significant thematic disconnect highlighted in the external check, strengthens the overall conclusion. The image shows a scene unrelated to the caption's description of police interaction in Kathmandu after an earthquake. Therefore, the caption is out of context.",
    "validation_summary": "Both internal and external checks indicate that the image is out of context with the news caption. While the confidence scores for both checks were low initially, the agreement between them, coupled with the external check's thematic analysis, supports a high confidence conclusion."
  },
  "inference_time": 15.787311553955078
}