{
  "caption": "Mississippi forward Aaron Jones reacts after a play during the game against Mississippi State at Tad Smith Coliseum The Rebels defeated the Bulldogs 8263",
  "ground_truth": false,
  "internal_check": {
    "visual_entities": [
      "Basketball moves",
      "Basketball",
      "Shoe",
      "Team sport",
      "Sports venue",
      "Tournament",
      "Team",
      "Product",
      "Basketball player",
      "basketball player"
    ],
    "image_evidences": [],
    "result": {
      "confidence_score": 8,
      "explanation": "The news caption refers to \"Mississippi forward Aaron Jones\" and a game between \"Mississippi\" and \"Mississippi State\" at \"Tad Smith Coliseum\". The detected visual entities include \"Basketball player\", \"Basketball\", \"Team sport\", and \"Sports venue\", which align with the context of the caption. The caption describes a basketball game, and the visual entities confirm the presence of basketball players and related elements, thus supporting the caption's claim. The presence of \"Tournament\" and \"Team\" further support the context. Therefore, the caption is reasonably aligned with the detected visual entities. There's no direct contradiction.",
      "verdict": true
    }
  },
  "external_check": {
    "text_evidences": [],
    "result": null
  },
  "final_result": {
    "OOC": false,
    "confidence_score": 8,
    "explanation": "The internal check result indicates a high confidence score (8) and a verdict of True, meaning the caption is considered accurate based on the image content and detected visual entities. There is no external check provided. Therefore, based on the available information, the caption is not out of context. The internal check's explanation details the alignment between the caption's description of a basketball game involving Mississippi and Mississippi State and the visual entities such as 'Basketball player,' 'Basketball,' and 'Sports venue.'",
    "validation_summary": "The internal check confirms the caption accurately represents the image content. No external validation data is available."
  },
  "inference_time": 3.5952646732330322
}