{
  "caption": "Sen Bernie Sanders and his wife Jane acknowledge the crowd as he arrives for his caucus night rally in Des Moines on Feb 1 2016",
  "ground_truth": true,
  "internal_check": {
    "visual_entities": [
      "Millennials",
      "Politics",
      "United States",
      "Generation Z",
      "History of the socialist movement in the United States",
      "socialismo millennial"
    ],
    "image_evidences": [],
    "result": {
      "confidence_score": 7,
      "explanation": "The news caption mentions Bernie Sanders and a rally in Des Moines. The detected entities include \"Politics\" and \"United States\", which generally align with the context of a political rally. However, the caption also mentions \"Sen Bernie Sanders and his wife Jane acknowledge the crowd\", which implies the presence of people. The detected entities do not explicitly include people or crowds, leading to some uncertainty. Furthermore, \"Millennials\", \"Generation Z\", \"History of the socialist movement in the United States\", and \"socialismo millennial\" are detected entities, while they could implicitly relevant to Bernie Sanders, the connection is not direct and weakens the support for the caption. Overall, there's a partial match, but missing specific people/crowd elements reduces confidence.",
      "verdict": true
    }
  },
  "external_check": {
    "text_evidences": [
      {
        "title": "Iowa Entrance Poll Results: Why Clinton and Sanders Are So Close",
        "content": "Iowa Entrance Poll Results: Why Clinton and Sanders Are So Close",
        "caption": "Democratic presidential candidate, Sen. Bernie Sanders, I-Vt,  and his wave Jane acknowledge the crowd as he arrives for his caucus night rally in Des Moines, Iowa, Monday, Feb. 2, 2016.",
        "domain": "www.nbcnews.com"
      },
      {
        "title": "Iowa Caucuses: Race Between Clinton and Sanders Too Close to Project - ABC News",
        "content": "Iowa Caucuses: Race Between Clinton and Sanders Too Close to ...",
        "caption": "",
        "domain": "abcnews.go.com"
      },
      {
        "title": "Iowa Caucuses: Race Between Clinton and Sanders Too Close to Project - ABC News",
        "content": "Iowa Caucuses: Race Between Clinton and Sanders Too Close to ...",
        "caption": "",
        "domain": "abcnews.go.com"
      }
    ],
    "result": {
      "verdict": false,
      "alignment_score": 40,
      "confidence_score": 5,
      "explanation": "The news image shows a close-up of an audience during Senator Bernie Sanders' caucus night rally in Des Moines on February 1, 2016. The members of the audience appear excited, holding signs that read \"A Future to Believe In\". In contrast, the reference images depict Senator Bernie Sanders and his wife, Jane, on stage addressing the crowd, which aligns with the rally setting but does not match the dynamic of the news image portraying the audience reaction. This reflects a different focus; the reference images showcase the speakers while the news image reveals audience engagement. \n\nTemporal consistency exists in terms of the event date; however, the lighting in the news image suggests it was taken indoors under artificial lighting, thus affecting its tone compared to the potentially more vibrant lighting in the reference images. Additionally, while both sets feature the same event (rally context), the news image emphasizes attendees while the references are centered on the speakers and their interactions. Overall, while the news image reflects the excitement of the rally, it does not depict the main subjects mentioned in the caption, leading to a lower score for visual alignment.",
      "key_observations": [
        "The news image features a crowd reaction, while most reference images show the speakers (Bernie and Jane Sanders).",
        "Signage in the audience matches the campaign branding observed in reference images, showing consistency in rally theme.",
        "The lighting conditions differ between images; the news image seems to use artificial light, while reference images may have daylight or different settings.",
        "Temporal alignment is correct, as all images pertain to the caucus night on February 1, 2016."
      ]
    }
  },
  "final_result": {
    "OOC": true,
    "confidence_score": 7,
    "explanation": "The internal check suggests a partial match between the caption and image content but notes missing elements, resulting in a confidence score of 7. The external check, with a lower confidence score of 5 and an alignment score of 40, indicates a mismatch: the news image focuses on the audience, while reference images feature Bernie and Jane Sanders on stage. While both relate to the same event, the subjects differ. Given the discrepancy, the caption is considered out of context. Prioritizing the higher confidence of the internal check initially, the caption seemed potentially acceptable but conflicted with the external check results. The significant difference in visual focus reported by the external check ultimately suggests the caption misrepresents the image's content.",
    "validation_summary": "The internal check indicates a partial match; the external check reveals a mismatch in subject focus between the news image (audience) and reference images (Sanders). The caption is therefore considered out of context."
  },
  "inference_time": 11.522529125213623
}