{
  "caption": "Brown channeled his inner Michael Jackson in a performance for NBC s Today show in June 2008",
  "ground_truth": true,
  "internal_check": {
    "visual_entities": [
      "Singer-songwriter",
      "Rapper",
      "Musician",
      "Product",
      "Artist",
      "Songwriter",
      "music artist"
    ],
    "image_evidences": [],
    "result": {
      "confidence_score": 7,
      "explanation": "The news caption mentions Chris Brown performing on NBC's Today show, which implies the presence of a musician or artist, aligning with the detected visual entities such as 'Singer-songwriter', 'Rapper', 'Musician', 'Artist', 'Songwriter', 'music artist'. The article details a situation involving Chris Brown and Los Angeles police, which doesn't directly contradict the visual entities but doesn't offer supporting elements either. The reference to Michael Jackson in the caption introduces an element not directly supported or contradicted by the detected visual entities alone, thus requiring external information. Therefore, the caption and detected entities have reasonable alignment but require external context to fully verify.",
      "verdict": true
    }
  },
  "external_check": {
    "text_evidences": [],
    "result": null
  },
  "final_result": {
    "OOC": false,
    "confidence_score": 7,
    "explanation": "The internal check indicates a 'True' verdict with a confidence score of 7. This assessment is based on the alignment between the news caption mentioning Chris Brown's performance and the detected visual entities, such as 'Singer-songwriter', 'Rapper', 'Musician', 'Artist', 'Songwriter', 'music artist'. Although the article details an incident with the police, it doesn't directly contradict the caption's context. The reference to Michael Jackson necessitates external context. Since the internal check suggests the caption has reasonable alignment with the image, and there's no external check to contradict this, the final verdict leans towards the caption not being out of context. Therefore, it is determined that the caption is not OOC.",
    "validation_summary": "The internal check suggests that the news caption aligns with the image, though the reference to Michael Jackson requires external verification, which is unavailable. Therefore the caption is not OOC."
  },
  "inference_time": 5.762163877487183
}