{
  "caption": "US President Barack Obama speaks at Temple EmanuEl November 6 2013 in Dallas Texas AFPGetty Images",
  "ground_truth": true,
  "internal_check": {
    "visual_entities": [
      "United States",
      "Politics",
      "President of the United States",
      "Israel",
      "i24 News",
      "speech"
    ],
    "image_evidences": [
      {
        "title": "'I, too, am a Jew': Obama warns of growing anti-Semitism",
        "content": "",
        "caption": "",
        "domain": "www.usatoday.com"
      }
    ],
    "result": {
      "confidence_score": 7,
      "explanation": "The news caption mentions President Obama speaking at Temple Emanu-El in Dallas, Texas, on November 6, 2013. The provided image evidence shows Obama, but the associated title and caption focus on anti-Semitism and do not mention the specific location (Temple Emanu-El in Dallas) or the date (November 6, 2013). While the detected visual entities include 'United States', 'Politics', and 'President of the United States', which are consistent with the image, the lack of specific contextual alignment (location, date) with the news caption makes a definitive 'True' verdict uncertain. The image domain, www.usatoday.com, is a reputable source. The image might show Obama at a different event where he addressed anti-Semitism. Without more information, it is difficult to definitively confirm that the image directly supports the specific claim in the news caption.",
      "verdict": false
    }
  },
  "external_check": {
    "text_evidences": [
      {
        "title": "Obama pitches health care in Texas, chides local naysayers",
        "content": "Obama pitches health care in Texas, chides local naysayers",
        "caption": "President Barack Obama speaks at Temple Emanu-El on Nov. 6, in Dallas, Texas. Obama spoke about the Affordable Care Act amid technical problems which have hurt the rollout of the healthcare marketplace.",
        "domain": "www.nbcnews.com"
      },
      {
        "title": "Obama pitches health care in Texas, chides local naysayers",
        "content": "8C9616395-131106-obama-health- ...",
        "caption": "President Barack Obama speaks at Temple Emanu-El on Nov. 6, in Dallas, Texas. Obama spoke about the Affordable Care Act amid technical problems which have hurt the rollout of the healthcare marketplace.",
        "domain": "www.nbcnews.com"
      },
      {
        "title": "Obama pitches health care in Texas, chides local naysayers",
        "content": "8C9616395-131106-obama-health- ...",
        "caption": "President Barack Obama speaks at Temple Emanu-El on Nov. 6, in Dallas, Texas. Obama spoke about the Affordable Care Act amid technical problems which have hurt the rollout of the healthcare marketplace.",
        "domain": "www.nbcnews.com"
      },
      {
        "title": "Obama pitches health care in Texas, chides local naysayers",
        "content": "8C9616395-131106-obama-health- ...",
        "caption": "President Barack Obama speaks at Temple Emanu-El on Nov. 6, in Dallas, Texas. Obama spoke about the Affordable Care Act amid technical problems which have hurt the rollout of the healthcare marketplace.",
        "domain": "www.nbcnews.com"
      },
      {
        "title": "Obama pitches health care in Texas, chides local naysayers",
        "content": "8C9616395-131106-obama-health- ...",
        "caption": "President Barack Obama speaks at Temple Emanu-El on Nov. 6, in Dallas, Texas. Obama spoke about the Affordable Care Act amid technical problems which have hurt the rollout of the healthcare marketplace.",
        "domain": "www.nbcnews.com"
      }
    ],
    "result": {
      "verdict": false,
      "alignment_score": 20,
      "confidence_score": 7,
      "explanation": "The news image depicting Barack Obama at Temple Emanu-El in Dallas on November 6, 2013, contrasts significantly with the reference images primarily associated with his speeches on health care. The visual elements diverge notably in context and environment, suggesting a discrepancy. \n\n1. **Visual Elements**: The news image displays Obama gesturing behind a podium with a blue background and flags, characteristic of a formal event setting. The reference images feature him in a more informal environment, addressing a crowd with a large banner that reads 'Health Care,' indicating a different contextual event. The backgrounds of the reference images are primarily indoor with attentive crowds, while the news image hints at a more formal event stage. \n\n2. **Temporal Indicators**: The lighting in the news image suggests indoor event lighting, while the reference images are consistent with indoor lighting but in a more casual and approachable setup. Both contexts are from the same period, but the scenes differ in mood and purpose.\n\n3. **Spatial Relationships**: The scale and positioning of people in the reference images emphasize crowd interaction, creating a dynamic atmosphere versus the relatively isolated appearance of Obama in the news image. The framing in the news image implies a more formal address as opposed to an interactive public speech in the reference images.\n\n4. **Digital Manipulation**: No evident signs of manipulation in either the news image or the reference images were identified. They appear to be straightforward photographs without artifacts.\n\nDespite the news image featuring Obama during a public speaking engagement, the lack of contextual alignment—specifically, the absence of crowd interaction and informal settings from the reference images—indicates a potential misrepresentation of the event described. While the image itself may not be deceptive, it does not accurately illustrate the specific event noted in the caption, leading to a lower alignment score.",
      "key_observations": [
        "News image shows Obama behind a podium with a blue background and flags, indicating a formal event.",
        "Reference images depict Obama speaking to a crowd with a banner, indicating an informal public gathering.",
        "Lighting in the news image corresponds to formal settings; reference images show a casual ambiance.",
        "Spatial arrangement favors a formal speech in the news image compared to the crowd-focused framing in reference images."
      ]
    }
  },
  "final_result": {
    "OOC": true,
    "confidence_score": 7,
    "explanation": "Both internal and external checks suggest the caption is out of context. The internal check found the image's theme (anti-Semitism) doesn't directly align with the caption's description of Obama at Temple Emanu-El on a specific date. The external check, comparing the image to reference images of Obama's health care speeches, highlights discrepancies in setting and context, reinforcing the mismatch. While both checks have a confidence score of 7, their agreement strengthens the conclusion that the caption doesn't accurately represent the image's content. The external check's alignment score of 20 further indicates a significant divergence. Therefore, the caption is deemed out of context.",
    "validation_summary": "Both internal and external checks indicate the caption is out of context due to mismatched details and context, despite similar confidence scores."
  },
  "inference_time": 14.792209148406982
}