{
  "caption": "Tom and EmmaJane Peirson at home in Halifax with their daughters Keira5 and Megan 4",
  "ground_truth": true,
  "internal_check": {
    "visual_entities": [
      "Infant",
      "Product",
      "Flower",
      "Hair",
      "Fashion accessory",
      "infant"
    ],
    "image_evidences": [],
    "result": {
      "confidence_score": 7,
      "explanation": "The caption mentions 'Tom and EmmaJane Peirson at home in Halifax with their daughters Keira5 and Megan 4'. The detected visual entities include 'Infant', and 'infant', which aligns with the mention of daughters. The news content confirms the names and ages of the daughters. The presence of 'Hair' and 'Fashion accessory' as detected objects doesn't contradict the caption, as these are common in a family setting. However, without specific individuals identified, it is difficult to verify the number of people and their specific roles in the family. The entities detected support the caption, although a full verification is impossible due to the generic nature of the entities.",
      "verdict": true
    }
  },
  "external_check": {
    "text_evidences": [
      {
        "title": "Help to Buy, or just another property bubble? | Help-to-buy scheme | The Guardian",
        "content": "Help to Buy, or just another property bubble? | Help-to-buy scheme ...",
        "caption": "Tom and Emma-Jane Peirson at home in Halifax with their daughters Keira,5, and Megan, 4. Photograph: Christopher Thomond",
        "domain": "www.theguardian.com"
      },
      {
        "title": "Help to Buy, or just another property bubble? | Help-to-buy scheme | The Guardian",
        "content": "Help to Buy, or just another property bubble? | Help-to-buy scheme ...",
        "caption": "Stephen Teagle.jpg",
        "domain": "www.theguardian.com"
      },
      {
        "title": "Help to Buy, or just another property bubble? | Help-to-buy scheme | The Guardian",
        "content": "Help to Buy, or just another property bubble? | Help-to-buy scheme ...",
        "caption": "Kim Rebecchi",
        "domain": "www.theguardian.com"
      },
      {
        "title": "Help to Buy, or just another property bubble? | Help-to-buy scheme | The Guardian",
        "content": "Help to Buy, or just another property bubble? | Help-to-buy scheme ...",
        "caption": "Duncan Stott",
        "domain": "www.theguardian.com"
      },
      {
        "title": "Help to Buy, or just another property bubble? | Help-to-buy scheme | The Guardian",
        "content": "Help to Buy, or just another property bubble? | Help-to-buy scheme ...",
        "caption": "Some experts fear that Help to Buy will simply create another property bubble. Photograph: Getty Images",
        "domain": "www.theguardian.com"
      }
    ],
    "result": {
      "verdict": false,
      "alignment_score": 20,
      "confidence_score": 6,
      "explanation": "The news image depicts children (two girls and a baby) with daffodils in the background, while the reference images retrieved show a family setting with two adults, likely representing Tom and EmmaJane Peirson, and their daughters, Keira and Megan. The news image lacks direct representation of the adults mentioned in the caption, thus failing to connect contextually. The overall scene in the reference images portrays a family portrait outside their home, contrasting significantly with the focus on the children in the news image. Additionally, the lighting conditions differ, suggesting a mismatch in time and context; the reference images are likely taken at a different time of day or season. The children in the news image do not display any identifying characteristics to align them with Keira and Megan, raising further questions about accuracy. Overall, despite the presence of children, the lack of adult figures and the context implied by the caption indicates that the news image may not accurately represent the described scenario.",
      "key_observations": [
        "News image features three children but lacks adult figures, essential to the caption.",
        "Daffodils in the background suggest a springtime setting which does not align with the evening portrayal in reference images.",
        "Reference images distinctly show a family group, indicating a structured context that the news image does not convey.",
        "Visual elements (clothing, expressions) do not match those expected of family members in the scenario described, especially regarding ages and relationships."
      ]
    }
  },
  "final_result": {
    "OOC": true,
    "confidence_score": 7,
    "explanation": "The internal check suggests the caption aligns with the image content due to the presence of children, though it notes limitations in verifying specific details. However, the external check, with a slightly lower but comparable confidence score, indicates a mismatch. It notes the absence of adults in the news image, which is crucial given the caption's mention of 'Tom and EmmaJane Peirson'. The external check also points to contextual discrepancies, such as the presence of daffodils suggesting a different setting than implied by reference images. Given the conflict and focusing on concrete details, the absence of the named adults is a critical discrepancy. Therefore, the caption is considered out of context. While the internal check confirms the presence of children, it's insufficient to validate the entire caption's accuracy, especially considering the external check's findings.",
    "validation_summary": "Internal check finds partial alignment, confirming children's presence. External check identifies key discrepancies: absence of adults and mismatched context. The absence of adults, named in the caption, is a significant deviation."
  },
  "inference_time": 10.402915954589844
}