{
  "caption": "Anelka and Marc Overmarsat Arsenal",
  "ground_truth": false,
  "internal_check": {
    "visual_entities": [
      "Nicolas Anelka",
      "Arsenal F.C.",
      "Football player",
      "Shanghai Shenhua F.C.",
      "Eredivisie",
      "Mark Goldbridge That's Football",
      "Player",
      "Changing room",
      "Transfer",
      "NewsNow",
      "Controversy",
      "Poster",
      "football player"
    ],
    "image_evidences": [],
    "result": {
      "confidence_score": 7,
      "explanation": "The news content discusses Nicolas Anelka and Marc Overmars' time at Arsenal. While 'Nicolas Anelka' and 'Arsenal F.C.' are detected visual entities, the specific presence or identification of Marc Overmars in the images associated with the article cannot be confirmed solely based on the provided detected entities. The visual entities do include related concepts like 'football player', 'player', and club related to the content. Therefore, based on the presence of related visual entities, the caption is deemed to have partial agreement, and the verdict is true, with a confidence score of 7.",
      "verdict": true
    }
  },
  "external_check": {
    "text_evidences": [
      {
        "title": "Nicolas Anelka is no stranger to controversy as his past shows | Nicolas Anelka | The Guardian",
        "content": "Nicolas Anelka is no stranger to controversy as his past shows ...",
        "caption": "Anelka and Marc Overmarsat Arsenal. Photograph: Phil Cole/Getty Images",
        "domain": "www.theguardian.com"
      },
      {
        "title": "Nicolas Anelka is no stranger to controversy as his past shows | Nicolas Anelka | The Guardian",
        "content": "Nicolas Anelka is no stranger to controversy as his past shows ...",
        "caption": "The enigmatic Nicolas Anelka has courted controversy wherever he has been. Photograph: John Gichigi/Allsport/Getty",
        "domain": "www.theguardian.com"
      },
      {
        "title": "Nicolas Anelka is no stranger to controversy as his past shows | Nicolas Anelka | The Guardian",
        "content": "Nicolas-Anelka-008.jpg?width= ...",
        "caption": "The enigmatic Nicolas Anelka has courted controversy wherever he has been. Photograph: John Gichigi/Allsport/Getty",
        "domain": "www.theguardian.com"
      },
      {
        "title": "Nicolas Anelka is no stranger to controversy as his past shows | Nicolas Anelka | The Guardian",
        "content": "Nicolas-Anelka-008.jpg?width= ...",
        "caption": "The enigmatic Nicolas Anelka has courted controversy wherever he has been. Photograph: John Gichigi/Allsport/Getty",
        "domain": "www.theguardian.com"
      }
    ],
    "result": {
      "verdict": true,
      "alignment_score": 90,
      "confidence_score": 8,
      "explanation": "The news image depicts two football players, Anelka and Marc Overmars, in Arsenal kits, which aligns well with the caption. Both players are pictured celebrating, indicating a moment from a match or significant event, consistent with their time playing for Arsenal in the late 1990s and early 2000s. The uniforms worn by both players match historical references from Arsenal's kit designs during that era, further supporting the authenticity of the context. The lighting appears natural, without any stark shadows that would indicate manipulation or odd camera angles. Moreover, the spatial relationship between the players is consistent with how teammates would naturally interact during celebratory moments. The image is in a format that suggests it hasn't been edited to misrepresent the context. \n\nThe reference images retrieved during the search also depict similar scenes of both players in successful expressions while wearing their Arsenal kits, thus confirming visual consistency in expressions and backgrounds. The general excitement and camaraderie between them are unmistakable, confirming that the image indeed captures a celebratory event, thereby maintaining contextual relevance despite minor differences in the specifics of the framing or angle. \n\nOverall, this news image represents what would be expected based on the caption regarding the players and their atmosphere during that period effectively, leading to a high alignment score. There were no significant discrepancies or signs of manipulation noted in the news image that would suggest a misleading representation of the event described in the caption.",
      "key_observations": [
        "Both players in the news image are wearing Arsenal kits, consistent with their roles as Arsenal footballers.",
        "Facial expressions match typical celebratory scenarios seen in sports; no discrepancies in emotional tone.",
        "Lighting appears natural and is consistent with sports photography from the late 90s to early 2000s.",
        "No visible artifacts or signs of manipulation in the image indicate a genuine and accurate representation of the moment."
      ]
    }
  },
  "final_result": {
    "OOC": false,
    "confidence_score": 8,
    "explanation": "The internal check has a confidence score of 7 and the external check has a confidence score of 8. Both checks indicate the caption is accurate. The external check alignment score is 90. Therefore, the caption is not out of context.",
    "validation_summary": "Both internal and external checks suggest the caption accurately represents the image."
  },
  "inference_time": 12.174415111541748
}