{
  "caption": "In Kiambu north of Nairobi supporters of Uhuru Kenyatta celebrate upon learning of his victory in Kenya s presidential elections",
  "ground_truth": true,
  "internal_check": {
    "visual_entities": [
      "Name",
      "Team sport",
      "Family name",
      "Race track",
      "Given name",
      "Competition",
      "Product",
      "Recreation",
      "Family",
      "BBC Online",
      "Racing",
      "crowd"
    ],
    "image_evidences": [],
    "result": {
      "confidence_score": 7,
      "explanation": "The caption mentions supporters of Uhuru Kenyatta celebrating his victory in Kenya's presidential elections in Kiambu, north of Nairobi. The detected entities include 'crowd,' which could potentially align with the 'supporters' part of the caption. However, without specific visual evidence confirming the location (Kiambu), the celebration, or connection to Uhuru Kenyatta, the caption's accuracy is only partially supported by the detected entities. The presence of 'Race track', 'Racing', 'Team sport', 'Competition', and 'Recreation' is not directly relevant and adds some uncertainty, but does not automatically negate the claim.",
      "verdict": true
    }
  },
  "external_check": {
    "text_evidences": [],
    "result": null
  },
  "final_result": {
    "OOC": false,
    "confidence_score": 7,
    "explanation": "The internal check suggests the caption is likely accurate. The caption describes supporters of Uhuru Kenyatta celebrating his election victory in Kiambu, north of Nairobi. The internal check found entities such as 'crowd' which align with 'supporters'. While the internal check mentions the absence of visual confirmation of the location and celebration, it does not outright negate the caption. There is no external check available. Therefore, based on the available information from the internal check, the caption is considered not out of context. The confidence score reflects the partial uncertainty due to the lack of explicit confirmation of all elements in the caption.",
    "validation_summary": "The internal check suggests the caption is likely accurate, but lacks full confirmation. No external check was available."
  },
  "inference_time": 4.0456671714782715
}