{
  "caption": "Healthcare workers wear protective gear before entering into an Ebola treatment centre in Freetown Sierra Leone",
  "ground_truth": false,
  "internal_check": {
    "visual_entities": [
      "Sierra Leone",
      "World Health Organization",
      "Doctors Without Borders",
      "Health",
      "Guinea-Liberia border",
      "This Is Sierra Leone",
      "People",
      "Therapy",
      "2014",
      "Curfew",
      "orange"
    ],
    "image_evidences": [],
    "result": {
      "confidence_score": 9,
      "explanation": "The caption mentions 'healthcare workers' and 'Ebola treatment centre in Freetown Sierra Leone'. The detected visual entities include 'Sierra Leone', 'World Health Organization', 'Doctors Without Borders', and 'Health'. The presence of 'Sierra Leone' confirms the location. The mention of 'World Health Organization', 'Doctors Without Borders', and 'Health' suggests the context of healthcare, supporting the claim of 'healthcare workers' and an 'Ebola treatment centre'. The news content corroborates the Ebola outbreak situation in Sierra Leone. Therefore, the caption accurately represents the visual content based on the detected visual entities.",
      "verdict": true
    }
  },
  "external_check": {
    "text_evidences": [
      {
        "title": "Life on the Ebola frontline: 'Fear is overpowering even the health workers' | Global development | The Guardian",
        "content": "Life on the Ebola frontline: 'Fear is overpowering even the health ...",
        "caption": "A health worker dons protective gear before entering an Ebola treatment centre in Freetown, Sierra Leone.",
        "domain": "www.theguardian.com"
      },
      {
        "title": "Ebola kills Sierra Leone's most senior doctor | Ebola | The Guardian",
        "content": "Ebola kills Sierra Leone's most senior doctor | Ebola | The Guardian",
        "caption": "A healthcare worker dons protective gear before entering an Ebola treatment centre in Freetown",
        "domain": "www.theguardian.com"
      },
      {
        "title": "New Ebola Outbreak Emerges in Congo as Toll Ticks Up in West Africa - ABC News",
        "content": "New Ebola Outbreak Emerges in Congo as Toll Ticks Up in West ...",
        "caption": "In this photo taken Saturday, Aug. 9, 2014,  a health worker wearing protective clothing and equipment, await patients to screen against the deadly Ebola virus at the Kenema Government Hospital situated in the Eastern Province in Kenema, 300 kilometers, (186 miles) from the capital city of Freetown, Sierra Leone.\n",
        "domain": "abcnews.go.com"
      }
    ],
    "result": {
      "verdict": false,
      "alignment_score": 65,
      "confidence_score": 7,
      "explanation": "The news image depicts two healthcare workers in an Ebola treatment center, highlighting their protective gear as they prepare to enter a high-risk environment. The reference images retrieved show various healthcare personnel in similar protective clothing, but there are significant differences in the specific gear worn, which may indicate different contexts or time periods. \n\nKey visual elements expected based on the news caption include:\n1. Protective gear typical of Ebola treatment, such as suits, masks, gowns, and gloves.\n2. The environment is expected to be a tented center typical for treating Ebola patients, with visual indicators like blue tarpaulins or similar backgrounds. \n3. Interaction among healthcare workers preparing for patient interaction.\n\nUpon comparison:\n- The news image shows two workers in orange-colored protective gear, while one of the reference images features workers in yellow and green suits. \n- The lighting in the news image appears more vibrant, while some reference images show a more subdued, potentially indoor light setting, indicating a different ambient setting.\n\nTemporal indicators are inconsistent; if the protective gear varies widely across different images, it might suggest they were taken at different times or locations during the Ebola outbreak response. \n\nWhen examining spatial relationships and position, the news image focuses on a closer shot of two workers, lacking some of the broader views visible in reference images that depict more personnel. \n\nIn terms of manipulation, there are no noticeable artifacts that would indicate digital alteration; however, the significant differences in the portrayed gear and setting raise concerns about the specificity of the news image to the Ebola context described.\nDespite these discrepancies, the context of healthcare workers preparing for work in an Ebola treatment center is maintained, leading to a nuanced judgment about potential misleading implications. \nOverall, the varying colors and styles of protective gear suggest a different operational period or location, contributing to the conclusion that while the context aligns, there are notable differences that impact overall alignment with the caption.",
      "key_observations": [
        "News image features healthcare workers in orange protective gear, while references feature varied colors (yellow, green).",
        "Lighting differs; news image has vibrant lighting versus the subdued tones in some references.",
        "Spatial focus in the news image shows a close-up, unlike broader shots in references, which include more personnel and different arrangements.",
        "No visible digital manipulation artifacts; however, significant visual differences in gear suggest varying contexts."
      ]
    }
  },
  "final_result": {
    "OOC": false,
    "confidence_score": 8,
    "explanation": "The internal check, with a confidence score of 9, indicates the caption accurately represents the image, supported by visual entities and corroborated news content regarding the Ebola outbreak in Sierra Leone. The external check, although showing an alignment score of 65 and a confidence score of 7, reveals inconsistencies in the protective gear and lighting compared to reference images, suggesting different operational periods or locations. However, it also acknowledges the maintained context of healthcare workers preparing for work in an Ebola treatment center. Considering the higher confidence score of the internal check and the external check's acknowledgement of maintained context, I conclude that the caption is not out of context. The discrepancies in protective gear, as noted by the external check, do not invalidate the overall accuracy of the caption.",
    "validation_summary": "Internal check supports the caption's accuracy with high confidence. External check reveals inconsistencies in protective gear and lighting, but maintains the context of Ebola treatment, leading to the overall conclusion that the caption is not out of context."
  },
  "inference_time": 10.85485553741455
}