{
  "caption": "Nicole Kidman and husband pose for photographers outside Odeon Leicester Square one of the cinemas that could be sold off Terra Firma",
  "ground_truth": false,
  "internal_check": {
    "visual_entities": [
      "Carpet",
      "Fashion",
      "Dos Gardenias Stein Square Neck Bralette Bikini Top",
      "Model",
      "Audience",
      "Event",
      "Performance M",
      "Statistics",
      "fashion model"
    ],
    "image_evidences": [],
    "result": {
      "confidence_score": 8,
      "explanation": "The caption mentions \"Nicole Kidman and husband pose for photographers outside Odeon Leicester Square.\" The detected visual entities include 'Audience', 'Event', and 'Fashion', which are consistent with a red carpet event. While the specific individuals and location ('Nicole Kidman', 'husband', 'Odeon Leicester Square') are not explicitly detected, the detected entities support the general context of the caption.",
      "verdict": true
    }
  },
  "external_check": {
    "text_evidences": [
      {
        "title": "Odeon and UCI cinema chains could be sold | Film industry | The Guardian",
        "content": "Odeon and UCI cinema chains could be sold | Film industry | The ...",
        "caption": "Nicole Kidman and husband pose for photographers outside Odeon Leicester Square, one of the cinemas that could be sold off Terra Firma. Photograph: David Levene",
        "domain": "www.theguardian.com"
      },
      {
        "title": "Odeon and UCI cinema chains could be sold | Film industry | The Guardian",
        "content": "Odeon and UCI cinema chains could be sold | Film industry | The ...",
        "caption": "Nicole Kidman and husband pose for photographers outside Odeon Leicester Square, one of the cinemas that could be sold off Terra Firma. Photograph: David Levene",
        "domain": "www.theguardian.com"
      },
      {
        "title": "Odeon and UCI cinema chains could be sold | Film industry | The Guardian",
        "content": "Nicole-Kidman-and-husband-007. ...",
        "caption": "Nicole Kidman and husband pose for photographers outside Odeon Leicester Square, one of the cinemas that could be sold off Terra Firma. Photograph: David Levene",
        "domain": "www.theguardian.com"
      }
    ],
    "result": {
      "verdict": true,
      "alignment_score": 85,
      "confidence_score": 8,
      "explanation": "The news image depicts Nicole Kidman and her husband walking on a red carpet, accompanied by photographers and a large crowd, which aligns with the provided caption of their appearance outside the Odeon Leicester Square. The visual elements largely match those found in the reference images. In all images, they are similarly dressed, Kidman in a light-colored dress and her husband in a dark suit, and both images capture the ambiance typical of a film event, immediately suggesting a consistent context. \n\nThe lighting in the images indicates a similar time of day and setting—dusk or evening, with soft, overhead lighting reminiscent of such red carpet events. The angle of capture is also consistent across the images, showing them from the same perspective as they approach the cameras. \n\nHowever, there are subtle variations in the background elements and the level of crowd detail, likely due to different photographs taken at the same event or slight cropping in the reference images. These variations do not significantly impact the overall context or significance of the image regarding the event that the caption describes. \n\nThere are no apparent signs of digital manipulation in the news image or the reference images, maintaining authenticity in their presentation.",
      "key_observations": [
        "Both the news image and reference images feature Nicole Kidman and her husband on a similarly lit red carpet event.",
        "Kidman's attire and hairstyle are consistent across images, supporting that they were taken at the same event.",
        "Similar crowd presence and positioning indicate a shared context, appropriate for the described scenario outside a cinema."
      ]
    }
  },
  "final_result": {
    "OOC": false,
    "confidence_score": 8,
    "explanation": "Both the internal and external checks indicate that the caption accurately represents the image. The internal check, with a confidence score of 8, confirms the presence of visual elements consistent with a red carpet event, aligning with the caption's description of Nicole Kidman and her husband posing for photographers outside Odeon Leicester Square. The external check, also with a confidence score of 8 and an alignment score of 85, further corroborates this by confirming that the image does indeed depict Nicole Kidman and her husband on a red carpet with photographers, matching reference images of similar events. Given the agreement between both checks and their relatively high confidence scores, the caption is deemed not out of context.",
    "validation_summary": "Both internal and external checks confirm that the caption accurately represents the image content, showing Nicole Kidman and her husband at a red carpet event outside Odeon Leicester Square. Therefore, the caption is not out of context."
  },
  "inference_time": 10.612603187561035
}