{
  "caption": "Vice President Joe Biden addresses a memorial honoring three Baton Rouge law enforcement officers killed in a July 17 shootout in Baton Rouge July 25",
  "ground_truth": false,
  "internal_check": {
    "visual_entities": [
      "Public speaking",
      "Speech",
      "Display device",
      "Banner",
      "Public",
      "Computer Monitor",
      "convention"
    ],
    "image_evidences": [],
    "result": {
      "confidence_score": 7,
      "explanation": "The news caption mentions Vice President Joe Biden addressing a memorial, which aligns with the detected visual entities such as 'Public speaking', 'Speech', and 'Public'. However, the caption specifies the memorial is for three Baton Rouge law enforcement officers, and there's no direct visual evidence within the detected entities to confirm this specific detail (e.g., police officers, badges, memorial specific imagery). While the presence of 'Banner' and 'Display device' could relate to the memorial service, they are general terms. The lack of specific visual confirmation of the mentioned officers lowers the confidence. Therefore, while there is a reasonable alignment, there's not enough specific visual evidence to give a very high confidence score.",
      "verdict": true
    }
  },
  "external_check": {
    "text_evidences": [
      {
        "title": "Deadly attacks in Dallas and Baton Rouge echo a more dangerous time for police - Los Angeles Times",
        "content": "Deadly attacks in Dallas and Baton Rouge echo a more dangerous ...",
        "caption": "Baton Rouge",
        "domain": "www.latimes.com"
      }
    ],
    "result": {
      "verdict": false,
      "alignment_score": 45,
      "confidence_score": 7,
      "explanation": "The analysis of the news image in relation to reference images reveals notable differences in both context and content. The news image depicts Vice President Joe Biden addressing a memorial service prominently featuring flags and memorial symbols linked to law enforcement officers. It conveys a formal setting conducive to the context described in the caption. However, the primary reference image reveals a different scene—an informal memorial with balloons and flowers where a police officer stands by a separate commemorative area. This contrast suggests that while both images relate to the same tragic event, they are visually and contextually distinct. There is a lack of visual elements typical of memorial addresses, such as gathered crowds or formal presentations in the second image. Furthermore, the temporal elements align with the same period but reflect differing representations of the memorial occasions.",
      "key_observations": "- The news image features Vice President Joe Biden speaking at a formal event; the reference image shows a casual memorial with a police officer and flowers. \n- The setting in the news image includes flags and formal symbols, while the reference images include balloons and informal displays. \n- Both images share the memorial context, but one illustrates a spoken tribute (news image), while the other captures a different commemorative scene (reference image). \n- Temporal consistency is present as both images represent events surrounding the same incident on similar dates, but contextually, they depict different forms of recognition."
    }
  },
  "final_result": {
    "OOC": false,
    "confidence_score": 7,
    "explanation": "The internal check suggests the caption is likely accurate but lacks specific visual confirmation of the officers, resulting in a confidence score of 7. The external check, while noting differences in memorial types (formal vs. informal), acknowledges that both images relate to the same event. The relatively low alignment score (45) and confidence score (7) in the external check, combined with its disagreement with the internal check, suggests the external check findings are not strong enough to override the internal check. Prioritizing the higher confidence score of the internal check and considering that both checks generally point to the same event, the caption is deemed not out of context. Therefore, the final verdict is that the caption is not out of context.",
    "validation_summary": "Internal check indicates accuracy with moderate confidence. External check shows differences in image context but relates to the same event, and ultimately does not outweigh the internal check."
  },
  "inference_time": 12.027155876159668
}