{
  "caption": "Andy Murray serves to Jerzy Janowicz during their semifinal match",
  "ground_truth": false,
  "internal_check": {
    "visual_entities": [
      "Baseball field",
      "Tournament",
      "Baseball",
      "Tennis",
      "Team sport",
      "Player",
      "Competition",
      "Lawn",
      "Ball",
      "Team",
      "player"
    ],
    "image_evidences": [],
    "result": {
      "confidence_score": 9,
      "explanation": "The news caption describes \"Andy Murray serves to Jerzy Janowicz during their semifinal match\". The news content also explicitly mentions this match. The detected visual entities include 'Tennis', 'Player', 'Team sport', 'Competition', 'Ball', and 'player', all of which are consistent with a tennis match scenario involving Andy Murray and Jerzy Janowicz. Therefore, the caption accurately reflects the visual content based on the detected entities and the provided context.",
      "verdict": true
    }
  },
  "external_check": {
    "text_evidences": [
      {
        "title": "Britain's Andy Murray gets another shot at Wimbledon history - Los Angeles Times",
        "content": "Britain's Andy Murray gets another shot at Wimbledon history - Los ...",
        "caption": "Andy Murray of Britain reacts after clinching a semifinal victory over Jerzy Janowicz of Poland on Friday at Wimbledon.",
        "domain": "www.latimes.com"
      },
      {
        "title": "Andy Murray into Wimbledon final after beating Jerzy Janowicz  as it happened | Wimbledon 2013 | The Guardian",
        "content": "Andy Murray into Wimbledon final after beating Jerzy Janowicz  as ...",
        "caption": "Careful the wind doesn't change. Photograph: Glyn Kirk/AFP/Getty Images",
        "domain": "www.theguardian.com"
      }
    ],
    "result": {
      "verdict": false,
      "alignment_score": 45,
      "confidence_score": 6,
      "explanation": "The news image depicts a player in a serving position against a tennis backdrop, while the reference images primarily focus on Andy Murray celebrating or in different actions during matches, some with Jerzy Janowicz. Key visual discrepancies include the identity of the player in the news image, which isn’t definitively Andy Murray. Additionally, the serving image seems to be taken outdoors with a different background context than the indoor or stadium environments highlighted in the reference images. Lighting conditions also vary significantly; while the news image shows more of a late-day sun with long shadows, the reference images appear to be under different lighting setups. Overall, while the scene of a match is present, the visual elements do not align well enough to conclude a strong representation of the match as described, given the differences in players and possibly in match context.",
      "key_observations": "- The player in the news image is not distinctly identifiable as Andy Murray.\n- The news image shows an outdoor scene with specific lighting that does not correlate with the results of the search which are primarily indoors.\n- Reference images depict celebrations rather than active gameplay in a serving position.\n- Scale and background environments differ significantly between the images."
    }
  },
  "final_result": {
    "OOC": true,
    "confidence_score": 7,
    "explanation": "The internal check suggests the caption accurately reflects the image content, with a high confidence score of 9, based on detected entities ('Tennis', 'Player', etc.) and the news content mentioning the match. However, the external check contradicts this, indicating the image may not align well with reference images of Andy Murray or the specific match, resulting in a low alignment score of 45 and a confidence score of 6. Key discrepancies noted by the external check include that the player in the image isn't clearly identifiable as Andy Murray and the setting appears outdoors, contrasting with indoor reference images. Since the external check raises concerns about the player's identity and setting despite the internal check's positive assessment based on entity recognition and caption-article agreement, and due to the higher weighting I place on identity confirmation, I conclude the caption is likely out of context. The final confidence score is moderate due to conflicting evidence.",
    "validation_summary": "Internal check says caption is accurate, but external check raises doubts about the player's identity (not clearly Andy Murray) and setting. Given the uncertainty in identity the image is considered OOC."
  },
  "inference_time": 10.070254802703857
}