{
  "caption": "Shadow chancellor Ed Balls with sixth formers during a visit to Conyers school StocktononTees on Wednesday",
  "ground_truth": false,
  "internal_check": {
    "visual_entities": [
      "Edward Miliband",
      "Labour Party",
      "United Kingdom",
      "New Labour",
      "Shadow Chancellor of the Exchequer",
      "Business",
      "Businessperson",
      "Public Relations",
      "Communication",
      "Party conference",
      "Ed Balls",
      "businessperson"
    ],
    "image_evidences": [],
    "result": {
      "confidence_score": 7,
      "explanation": "The news caption mentions \"Shadow chancellor Ed Balls with sixth formers during a visit to Conyers school StocktononTees on Wednesday\". The detected visual entities include \"Ed Balls\". The news content also references Ed Balls and his political activities. The caption suggests a setting with Ed Balls interacting with students. While the entities confirm the presence of Ed Balls, the entities do not confirm the presence of sixth formers or the location. Without explicit detection of these elements, a direct match is only partially confirmed. Thus, the caption only partially aligns with the detected visual entities, warranting a confidence score of 7.",
      "verdict": true
    }
  },
  "external_check": {
    "text_evidences": [
      {
        "title": "Ed Balls: Tories have promised 25bn in unfunded spending commitments | General election 2015 | The Guardian",
        "content": "Ed Balls: Tories have promised 25bn in unfunded spending ...",
        "caption": "Shadow chancellor Ed Balls with sixth formers during a visit to Conyers school, Stockton-on-Tees, on Wednesday.",
        "domain": "www.theguardian.com"
      },
      {
        "title": "Ed Balls: Tories have promised 25bn in unfunded spending commitments | General election 2015 | The Guardian",
        "content": "Ed Balls: Tories have promised 25bn in unfunded spending ...",
        "caption": "Shadow chancellor Ed Balls with sixth formers during a visit to Conyers school, Stockton-on-Tees, on Wednesday.",
        "domain": "www.theguardian.com"
      },
      {
        "title": "Ed Balls: Tories have promised 25bn in unfunded spending commitments | General election 2015 | The Guardian",
        "content": "Ed Balls: Tories have promised 25bn in unfunded spending ...",
        "caption": "Shadow chancellor Ed Balls with sixth formers during a visit to Conyers school, Stockton-on-Tees, on Wednesday.",
        "domain": "www.theguardian.com"
      }
    ],
    "result": {
      "verdict": true,
      "alignment_score": 85,
      "confidence_score": 8,
      "explanation": "The news image features Ed Balls, the shadow chancellor, in a school environment, which aligns with the caption about his visit to Conyers School. The settings are consistent, showing him amidst students, with similar indoor elements visible in the background. The expressions shared by those present, including Ed Balls, are also similar across reference images, capturing a moment of engagement and interaction. Temporal consistency appears valid as the clothing and demeanor suggest a routine school visit without any indicators of a time discrepancy. Variations in lighting and perspectives across reference images do not detract from the overall context and essence of the event.\nNo signs of digital manipulation are evident, and the visual differences do not imply misleading content. Overall, while some visual differences are noted, they do not significantly affect the representation of the core event described in the caption.",
      "key_observations": [
        "Ed Balls is present in all images, verifying his participation in the event.",
        "The setting within a school and the surrounding individuals are contextually aligned in both the news and reference images.",
        "Facial expressions and engagement with students provide visual consistency following the context of a school visit.",
        "Lighting conditions appear natural, consistent with an indoor setting.",
        "No signs of alteration or manipulation are detected that would suggest misrepresentation."
      ]
    }
  },
  "final_result": {
    "OOC": false,
    "confidence_score": 8,
    "explanation": "The internal check suggests the caption is partially accurate, with a confidence score of 7, as it confirms the presence of Ed Balls but doesn't fully verify the presence of sixth formers or the location (Conyers school). The external check, with a higher confidence score of 8 and an alignment score of 85, affirms that the image aligns with the caption, showing Ed Balls in a school environment interacting with students. Considering the higher confidence and alignment scores of the external check, and its corroboration of the school setting and interaction with students, the caption is deemed not out of context. Therefore, the final verdict is that the caption is not out of context, with a confidence score of 8.",
    "validation_summary": "The external check, having higher confidence and alignment scores, overrides the partially accurate internal check, affirming that the caption accurately represents the image content, depicting Ed Balls in a school setting with students."
  },
  "inference_time": 9.70683765411377
}