{
  "caption": "Justin Rose celebrates his victory against Phil Mickelson on the 18th green Sunday at the Ryder Cup",
  "ground_truth": true,
  "internal_check": {
    "visual_entities": [
      "Foursomes",
      "Golf",
      "Golf equipment",
      "Match play",
      "Four-ball golf",
      "Individual sport",
      "Outdoor recreation",
      "Recreation",
      "Capital asset pricing model",
      "Individual",
      "Golfer",
      "Professional golfer",
      "golfer"
    ],
    "image_evidences": [],
    "result": {
      "confidence_score": 7,
      "explanation": "The caption mentions Justin Rose celebrating his victory against Phil Mickelson at the Ryder Cup. The detected visual entities include 'Golfer', 'Professional golfer', and 'Individual sport', which align with the caption's context of a golf match involving individual players. The entities 'Golf equipment' and 'Golf' further support the setting. However, without specific visual confirmation of Justin Rose, Phil Mickelson, or explicit Ryder Cup branding, a definitive 'True' verdict is not possible. The presence of generic golfer-related entities lends moderate support to the caption, hence the confidence score of 7.",
      "verdict": true
    }
  },
  "external_check": {
    "text_evidences": [],
    "result": null
  },
  "final_result": {
    "OOC": false,
    "confidence_score": 7,
    "explanation": "The internal check result indicates that the caption aligns with the image content, as the detected visual entities ('Golfer', 'Professional golfer', 'Individual sport', 'Golf equipment', and 'Golf') are consistent with a golf match. Although specific visual confirmation of Justin Rose, Phil Mickelson, or Ryder Cup branding is absent, the general context supports the caption. No external check was provided. Therefore, based on the available internal check, the caption is not considered out of context. The confidence score is 7 due to the lack of specific visual confirmations and the absence of an external check.",
    "validation_summary": "The internal check suggests the caption is not out of context, but lacks definitive visual confirmation. No external check data is available."
  },
  "inference_time": 4.082005023956299
}