{
  "caption": "Hillary Clinton met students taking part in a job skills program called YouthBuild in Las Vegas on the day before the Nevada caucuses",
  "ground_truth": false,
  "internal_check": {
    "visual_entities": [
      "Team sport",
      "Community",
      "Competition",
      "Product",
      "Recreation",
      "Team",
      "community"
    ],
    "image_evidences": [],
    "result": {
      "confidence_score": 2,
      "explanation": "The detected visual entities (['Team sport', 'Community', 'Competition', 'Product', 'Recreation', 'Team', 'community']) do not provide any specific confirmation or contradiction regarding the news caption stating 'Hillary Clinton met students taking part in a job skills program called YouthBuild in Las Vegas on the day before the Nevada caucuses'. The visual entities are too generic to verify the presence of Hillary Clinton, students, a job skills program, or a specific location. Therefore, I have low confidence in assessing whether the news caption accurately represents the visual content based on the provided visual entities.",
      "verdict": false
    }
  },
  "external_check": {
    "text_evidences": [],
    "result": null
  },
  "final_result": {
    "OOC": true,
    "confidence_score": 2,
    "explanation": "The internal check result indicates low confidence (score of 2) in determining if the caption accurately represents the image. The detected visual entities are too generic to confirm or deny the caption's claims about Hillary Clinton, students, a job skills program, or a specific location. There is no external check provided. Consequently, there's no basis to confirm the caption's accuracy relative to the image. Due to the low confidence and lack of corroborating evidence, the caption is considered out of context. The primary limitation is the lack of specific visual information to validate the caption's details.",
    "validation_summary": "Low confidence internal check and absence of external validation lead to the determination that the caption is out of context."
  },
  "inference_time": 3.6294641494750977
}