{
  "caption": "Japanese fans will have even more reason to look forward to hosting the next World Cup in 2019",
  "ground_truth": false,
  "internal_check": {
    "visual_entities": [
      "Motoaki Takeshita",
      "Japan national rugby union team",
      "Japan",
      "Rugby World Cup",
      "Japanese people",
      "Nippon Professional Baseball",
      "Fan",
      "Rugby union",
      "Cheering",
      "Rugby football",
      "Product",
      "Japanese Language",
      "crowd"
    ],
    "image_evidences": [
      {
        "title": "Rugby World Cup: Joy and disbelief in Japan after win against South Africa - BBC News",
        "content": "",
        "caption": "Japanese fans will have even more reason to look forward to hosting the next World Cup in 2019",
        "domain": "www.bbc.com"
      }
    ],
    "result": {
      "confidence_score": 9,
      "explanation": "The news caption discusses Japanese fans looking forward to hosting the 2019 World Cup, referencing their team's surprising victory against South Africa. The provided image evidence from BBC News shows Japanese fans celebrating, which aligns with the news content describing disbelief and joy after the victory. The visual entities detected, such as 'Japanese people', 'Fan', 'Cheering', 'Rugby World Cup', 'Japan national rugby union team' are all visually supported by the image. The image domain, BBC News, is a credible source. The caption associated with the image evidence supports the news caption. The context aligns, as the article discusses the same event and sentiment described in the news content. The image is used in its original context to depict the reaction to the Japan-South Africa rugby match. No manipulation is detected.",
      "verdict": true
    }
  },
  "external_check": {
    "text_evidences": [
      {
        "title": "Juan Soto's record-breaking Mets deal has baseball world abuzz : NPR",
        "content": "Juan Soto's record-breaking Mets deal has baseball world abuzz : NPR",
        "caption": "In his sole year as a New York Yankee, Juan Soto hit 41 home runs in the regular season and added four more in the playoffs. Now, he's headed across town to play for the Mets.",
        "domain": "www.npr.org"
      }
    ],
    "result": {
      "verdict": false,
      "alignment_score": 10,
      "confidence_score": 9,
      "explanation": "The news image depicts a crowd of enthusiastic fans, predominantly wearing Japanese national colors and accessories, indicating a sporting event. The fans are engaged, showcasing elements such as face paint and flags. This environment suggests an atmosphere of celebration and support for a national team. Conversely, the reference image portrays a player from the New York Yankees celebrating an achievement on the baseball field in a stadium, amidst a different audience, implying a distinct sporting context. The main subjects are from competing sports cultures—Japanese fans versus an American baseball player—creating a mismatch in both subject relevance and setting/context. Additionally, the temporal context could differ, as the scenarios likely showcase different events, which would not have occurred simultaneously. Given these factors, the substantial differences mean the news image does not consistently represent the same subject or event as the reference images.",
      "key_observations": [
        "Main subjects differ: fans in the news image vs. player in reference.",
        "Cultural context is different: Japanese sporting event vs. American baseball game.",
        "Lack of visual similarity in action or situation.",
        "Different settings: a crowd versus an individual on the field."
      ]
    }
  },
  "final_result": {
    "OOC": true,
    "confidence_score": 9,
    "explanation": "The internal check suggests the caption aligns with the image content, showing Japanese fans celebrating a rugby victory and anticipating the 2019 World Cup. However, the external check strongly indicates a mismatch, as the reference image depicts an American baseball player, a contextually different sport and culture. Given the high alignment and confidence scores of the external check (alignment_score: 10, confidence_score: 9) and the contradictory nature of the reference image, the caption is deemed out of context. Although the internal check has a high confidence score, the external check presents a contrasting image with a clear mismatch in sporting context and cultural representation, overriding the initial assessment. Therefore, the image is deemed to be used out-of-context. There is no indication of any manipulation.",
    "validation_summary": "Internal check says caption aligns with image, but external check reveals a clear mismatch due to a different sporting and cultural context (baseball player vs. rugby fans). External check overrides internal check's conclusion."
  },
  "inference_time": 12.757185935974121
}