{
  "caption": "There are fears how photos of Bin Laden dead would be received in the Middle East",
  "ground_truth": false,
  "internal_check": {
    "visual_entities": [
      "Osama bin Laden",
      "Killing of Osama bin Laden",
      "Death",
      "Book editor",
      "BBC News",
      "Cadaver",
      "Image",
      "Mark Mardell",
      "newspaper"
    ],
    "image_evidences": [],
    "result": {
      "confidence_score": 7,
      "explanation": "The news caption discusses \"photos of Bin Laden dead\" and their potential reception. The detected visual entities include \"Osama bin Laden,\" \"Killing of Osama bin Laden,\" and \"Cadaver,\" which are consistent with the caption's topic. However, without the actual image, I cannot definitively confirm if the visual content directly depicts a photo of Bin Laden's corpse or related elements. My confidence is moderate because the entities align thematically but lack specific visual confirmation.",
      "verdict": true
    }
  },
  "external_check": {
    "text_evidences": [
      {
        "title": "Bin Laden letters reveal al-Qaida's fears of drone strikes and infiltration | Osama bin Laden | The Guardian",
        "content": "Bin Laden letters reveal al-Qaida's fears of drone strikes and ...",
        "caption": "Policemen standing guard near the partially demolished compound where Osama bin Laden was killed.",
        "domain": "www.theguardian.com"
      },
      {
        "title": "SEAL who says he killed Bin Laden fears retribution | CNN Politics",
        "content": "SEAL who says he killed Bin Laden fears retribution | CNN Politics",
        "caption": "@mchooyah/Twitter",
        "domain": "www.cnn.com"
      },
      {
        "title": "Osama bin Laden death: Kenya celebrates but fears retaliation | Kenya | The Guardian",
        "content": "Osama bin Laden death: Kenya celebrates but fears retaliation ...",
        "caption": "Douglas Sidialo, who lost his sight in al-Qaida's 1998 bombing at the US embassy in Nairobi, prays at a memorial to the victims. Photograph: Khalil Senosi/AP",
        "domain": "www.theguardian.com"
      }
    ],
    "result": {
      "verdict": false,
      "alignment_score": 40,
      "confidence_score": 5,
      "explanation": "The news image, featuring various newspaper headlines with Osama Bin Laden's image prominently displayed, focuses on the media's response to his death rather than any direct imagery related to his death itself. The reference images retrieved from web searches depict scenes that are either related to the aftermath of military actions (deconstruction) or focus on individuals responding to the events surrounding Bin Laden, not strictly the capture or death event. There is a consistent theme of discussing Bin Laden's impact and reaction from the public and press across the news image and several reference images, yet the specific contextual intensity of fears regarding the release of his dead photos is not captured visually in the news image. The visual elements differ significantly, as the news image centers around newspaper clippings instead of any direct imagery of Bin Laden, thereby undermining its relevance to the caption which expresses concerns over photographic representation of his death in the Middle East.",
      "key_observations": "- The news image showcases media representation (newspapers), lacking direct references to Bin Laden's death itself.\n- Reference images primarily display aftermath contexts, emphasizing destruction or public sentiment, which contrasts with the news image's portrayal of headlines.\n- Temporal and spatial elements differ: the news image has a cluttered newspaper layout whereas reference images depict various settings distinct from media environments, indicating differing relevance to the news caption.\n- Variations in lighting and composition further support the disconnect between the imagery.\n- No evident photo manipulation is detected in the news image."
    }
  },
  "final_result": {
    "OOC": true,
    "confidence_score": 7,
    "explanation": "The internal check suggests the caption is likely accurate, but with only moderate confidence (7/10) because it lacks the actual image. The external check, however, strongly indicates the caption is out of context (OOC=True) due to the news image featuring newspaper headlines about the media's response to Bin Laden's death, instead of depicting photos of Bin Laden's corpse or the event itself, which the caption focuses on. Although the internal check's confidence is higher, the external check's assessment is more pertinent as it directly compares the image's content against reference images and the caption. Therefore, prioritizing the external check result given its direct relevance to the image's content, I conclude that the caption is out of context.",
    "validation_summary": "The internal check tentatively aligns with the caption, but the external check definitively indicates a mismatch between the caption's focus on Bin Laden's photos and the image's content displaying newspaper headlines."
  },
  "inference_time": 11.1479811668396
}