{
  "caption": "Louis Smith and Sam Oldham both in the centre train at Huntingdon",
  "ground_truth": false,
  "internal_check": {
    "visual_entities": [
      "Sam Oldham",
      "Louis Smith",
      "Team sport",
      "Competition",
      "Athlete",
      "Championship",
      "Combat sport",
      "Sports venue",
      "Team",
      "Freestyle wrestling",
      "Contact sport",
      "team sport"
    ],
    "image_evidences": [
      {
        "title": "Louis Smith and Sam Oldham's Huntingdon gym plans expansion - BBC News",
        "content": "",
        "caption": "Louis Smith and Sam Oldham, both in the centre, train at Huntingdon",
        "domain": "www.bbc.com"
      }
    ],
    "result": {
      "confidence_score": 10,
      "explanation": "The news caption states that Louis Smith and Sam Oldham train at Huntingdon. The provided image evidence from BBC News, with the title \"Louis Smith and Sam Oldham's Huntingdon gym plans expansion,\" and caption \"Louis Smith and Sam Oldham, both in the centre, train at Huntingdon,\" directly supports this claim. The visual entities detected, including 'Sam Oldham,' 'Louis Smith,' 'Athlete,' and 'Team sport,' align with the image of the two athletes training. The domain 'www.bbc.com' is a credible news source. Therefore, the image provides reasonable visual support for the news caption.",
      "verdict": true
    }
  },
  "external_check": {
    "text_evidences": [
      {
        "title": "Louis Smith v Max Whitlock, Rio's hottest rivalry | Gymnastics | The Guardian",
        "content": "Louis Smith v Max Whitlock, Rio's hottest rivalry | Gymnastics ...",
        "caption": "Max Whitlock and Louis Smith Photograph: Murdo Macleod/The Guardian",
        "domain": "www.theguardian.com"
      },
      {
        "title": "Louis Smith v Max Whitlock, Rio's hottest rivalry | Gymnastics | The Guardian",
        "content": "Louis Smith v Max Whitlock, Rio's hottest rivalry | Gymnastics ...",
        "caption": "Max Whitlock and Louis Smith Photograph: Murdo Macleod/The Guardian",
        "domain": "www.theguardian.com"
      }
    ],
    "result": {
      "verdict": false,
      "alignment_score": 20,
      "confidence_score": 3,
      "explanation": "The news image features Louis Smith and Sam Oldham celebrating together, indicative of a successful moment in gymnastics, contrasted with the reference images which focus on two Asian men posing without context related to gymnastics or celebration. The news image is vibrant and captures a moment of joy, while the reference images depict individuals in a modeling context and do not convey an athletic environment. There is a complete lack of coherence regarding events or timing: the news image represents a competitive or celebratory moment in sports, whereas reference images appear staged and unrelated to any competitive sporting context. The lighting in the news image features warmer tones appropriate for a celebratory indoor setting, while the reference images have harsh, commercial lighting suggesting a photo shoot. Such discrepancies flag the reference images as potentially misleading, as they do not represent the context of the caption or the events involving the discussed individuals. Overall, while visually appealing, the reference images do not align with the events or the context described in the news caption, leading to doubts about their relevance.",
      "key_observations": "- News image shows a joyous celebration with clear sporting context.\n- Reference images are of staged poses not related to gymnastics.\n- Complete mismatch in themes: celebration vs. modeling.\n- Lighting and setting differ significantly.\n- Temporal indicators point to distinct contexts, raising concerns about the accuracy of the references."
    }
  },
  "final_result": {
    "OOC": false,
    "confidence_score": 8,
    "explanation": "The internal check result indicates a high confidence (10) that the caption accurately represents the image, based on the visual elements and source credibility. The external check, however, suggests a mismatch between the news image and reference images, leading to a low alignment score (20) and low confidence (3). Since the internal check has a significantly higher confidence score and directly assesses the caption's accuracy in relation to the image content (Louis Smith and Sam Oldham training at Huntingdon), it is prioritized. Therefore, based on the available evidence and prioritizing the internal check due to its higher confidence, the caption is not considered out of context.",
    "validation_summary": "Internal check confirms the caption accurately represents the image with high confidence, while the external check shows a mismatch with external reference images, but with low confidence. Prioritizing the higher confidence internal check, the caption is deemed not out of context."
  },
  "inference_time": 10.370702981948853
}