{
  "caption": "President Obama earlier this month at a campaign event in Roanoke",
  "ground_truth": true,
  "internal_check": {
    "visual_entities": [
      "Public speaking",
      "Business school",
      "Energy",
      "Speech",
      "Business",
      "Court",
      "Entrepreneur",
      "Tourism",
      "School",
      "Public",
      "Science",
      "Thermochemistry",
      "Chemistry",
      "public speaking"
    ],
    "image_evidences": [],
    "result": {
      "confidence_score": 7,
      "explanation": "The news caption mentions President Obama at a campaign event. The detected visual entities include 'Public speaking', 'Speech', and 'Public', which align with the concept of a campaign event. The news content further supports this by describing campaign politics and Obama's remarks. However, without the actual image, it's impossible to definitively confirm that the image accurately portrays President Obama at a campaign event. Therefore, the verdict is based on the alignment of the detected entities with the caption and supporting news content, although it could be strengthened with visual information.",
      "verdict": true
    }
  },
  "external_check": {
    "text_evidences": [],
    "result": null
  },
  "final_result": {
    "OOC": false,
    "confidence_score": 7,
    "explanation": "The internal check suggests that the news caption accurately represents the image content based on the alignment of detected entities like 'Public speaking', 'Speech', and 'Public' with the concept of a campaign event, and the supporting news content. The internal check has a confidence score of 7. The external check result is 'None', meaning there's no external validation data available. Because there is no contradictory external data and the internal check indicates the caption is not out of context, the final verdict is that the caption is not out of context. The confidence score remains 7, reflecting reliance solely on the internal check.",
    "validation_summary": "Internal check suggests the caption is accurate; external check provides no data. Caption is deemed not out of context based on internal validation alone."
  },
  "inference_time": 3.991844415664673
}