{
  "caption": "Heavy rain brings traffic to a halt in Llandaff North in Cardiff",
  "ground_truth": false,
  "internal_check": {
    "visual_entities": [
      "Car",
      "Luxury car",
      "Family car",
      "Subcompact sport utility vehicle",
      "Compact car",
      "Sport utility vehicle",
      "Motor vehicle",
      "Crossover",
      "Bayerische Motoren Werke AG",
      "Sedan",
      "Parking",
      "family car"
    ],
    "image_evidences": [],
    "result": {
      "confidence_score": 7,
      "explanation": "The news caption mentions \"Heavy rain brings traffic to a halt in Llandaff North in Cardiff.\" The detected visual entities include various types of cars ('Car', 'Luxury car', 'Family car', 'Subcompact sport utility vehicle', 'Compact car', 'Sport utility vehicle', 'Motor vehicle', 'Crossover', 'Bayerische Motoren Werke AG', 'Sedan'). The presence of cars aligns with the \"traffic\" aspect of the caption. The news content describes torrential downpours and flooding in Cardiff, which provides context for the traffic being halted. However, there is no explicit visual evidence in the detected entities to confirm \"heavy rain\" or that the traffic is specifically in \"Llandaff North\". Therefore, the caption partially aligns with the visual entities and the news content, but it is not fully confirmed due to missing location and weather elements in the detected entities.",
      "verdict": true
    }
  },
  "external_check": {
    "text_evidences": [
      {
        "title": "South Wales Metro: The train service that is mimicking London's Tube",
        "content": "South Wales Metro: The train service that is mimicking London's Tube",
        "caption": "The new Transport for Wales valley lines map showing the new routes",
        "domain": "www.bbc.com"
      }
    ],
    "result": {
      "verdict": true,
      "alignment_score": 85,
      "confidence_score": 8,
      "explanation": "The news image depicts two cars navigating through flooded streets, effectively illustrating the impact of heavy rain as described in the caption. Both vehicles are partially submerged, which aligns with the expectation of significant rainfall causing traffic disruptions in Llandaff North, Cardiff. The wet pavement and reflections in the water reinforce the idea of ongoing rainfall. The overall urban environment featuring shops and buildings further supports the context of the caption. While the images may have slight variations in angles or perspectives due to different photographers, they visually convey a consistent scenario of flooding caused by heavy rain. Temporal indicators such as overcast skies and the setting of the scene also match well with the expected weather conditions during heavy rain events. Although there may be minor discrepancies in framing or composition with reference images, they do not detract from the contextual relevance. Therefore, the news image is validated as an accurate representation of the situation described.",
      "key_observations": "- The image shows cars splashing through water, aligning with the reported heavy rain. \n- Overcast skies and wet conditions are consistent with heavy rainfall. \n- The urban setting matches descriptions expected in Llandaff North. \n- There are no obvious signs of digital manipulation or artifacts. \n- Minor differences in angles or perspectives do not affect overall context relevance."
    }
  },
  "final_result": {
    "OOC": false,
    "confidence_score": 8,
    "explanation": "The internal check, with a confidence score of 7, indicates partial alignment between the caption and the detected visual entities. It notes that the presence of cars aligns with the 'traffic' aspect of the caption and the news content describes flooding which supports the traffic halt, but it could not confirm heavy rain and the location in Llandaff North through the visual entities alone. The external check, with a confidence score of 8 and an alignment score of 85, validates the caption, citing the presence of cars in flooded streets indicative of heavy rain and traffic disruption in Llandaff North, Cardiff. Since the external check has a higher confidence score and confirms the elements that the internal check couldn't fully verify, the caption is deemed to be accurately representing the image. Therefore, the caption is not considered out of context.",
    "validation_summary": "The external check confirms the caption's accuracy with higher confidence, overriding the internal check's partial confirmation. The image shows cars in flooded streets, validating the caption's description of heavy rain causing traffic disruption."
  },
  "inference_time": 9.46313214302063
}