{
  "caption": "Beckham lets fly with a bottle of Bud as the celebrations begin",
  "ground_truth": true,
  "internal_check": {
    "visual_entities": [
      "David Beckham",
      "Victoria Beckham",
      "Brooklyn Beckham",
      "Zinedine Zidane",
      "Bend It Like Beckham",
      "Actor",
      "Gay icon",
      "Net worth",
      "Celebrity",
      "audience"
    ],
    "image_evidences": [
      {
        "title": "Build it like Beckham: how Lego helps football star with stress | David Beckham | The Guardian",
        "content": "",
        "caption": "David Beckham watches the Miami Heat v New York Knicks basketball game at Madison Square Garden. NY. The former footballer has been extoling the virtues of living in London again. Photograph: Rich Schultz/Getty Images",
        "domain": "www.theguardian.com"
      }
    ],
    "result": {
      "confidence_score": 2,
      "explanation": "The news caption mentions Beckham celebrating with a bottle of Bud. The provided image evidence shows David Beckham at a basketball game, which does not align with the caption's description of a celebration involving a bottle of Bud. The visual entities detected are mostly related to Beckham but do not support the specific claim in the caption. Therefore, the image evidence does not provide visual support for the news caption.",
      "verdict": false
    }
  },
  "external_check": {
    "text_evidences": [
      {
        "title": "Mike Trout powers Angels past Marlins, joins select fraternity - Los Angeles Times",
        "content": "Mike Trout powers Angels past Marlins, joins select fraternity ...",
        "caption": "Angels second baseman Gordon Beckham celebrates with center fielder Mike Trout following the team's 6-1 win over the Miami Marlins on Wednesday.",
        "domain": "www.latimes.com"
      }
    ],
    "result": {
      "verdict": false,
      "alignment_score": 10,
      "confidence_score": 8,
      "explanation": "The news image features David Beckham at a basketball game, appearing to enjoy the event. This is visually detached from the provided reference images related to baseball celebrations involving players with the surname Beckham. While the news caption implies a moment of celebration connected to Beckham, the only clear visual connection in the news image is Beckham's presence. Comparing elements from the news image with the reference images, the subjects and environments differ significantly—one being a basketball setting, and the others showing baseball players celebrating. Furthermore, there are no visible temporal indicators within the news image that would align it with the celebratory context suggested in the caption. Lighting and camera angles also vary notably, reinforcing the discrepancy. Lastly, there are no signs of digital manipulation in either set of images, but their divergence indicates that the news image does not represent the celebration context effectively.",
      "key_observations": "- News image prominently features David Beckham at a basketball game, while reference images show baseball players.\n- No elements of celebration associated with the caption are visible in the news image.\n- Temporal indicators (lighting, setting) are inconsistent between images.\n- Clear misalignment in subject matter with the baseball-focused reference images."
    }
  },
  "final_result": {
    "OOC": true,
    "confidence_score": 9,
    "explanation": "Both the internal and external checks indicate that the caption is out of context. The internal check (confidence score 2) states that the image shows David Beckham at a basketball game, not a celebration involving a bottle of Bud as mentioned in the caption. The external check (confidence score 8, alignment score 10) reinforces this, noting the image's basketball setting is inconsistent with reference images of baseball celebrations and the caption's celebratory context. Although the internal check's confidence is lower, its finding aligns with the external check's stronger assertion. Given the consistent negative results and the external check's high confidence and alignment scores, the caption is deemed out of context.",
    "validation_summary": "Both internal and external checks confirm the image does not depict the celebration described in the caption, leading to a conclusion of out-of-context usage."
  },
  "inference_time": 10.864501714706421
}