{
  "caption": "Volunteers gather at the Lake Arthur Community center to fill sand bags in Youngsville La",
  "ground_truth": true,
  "internal_check": {
    "visual_entities": [
      "Labourer",
      "Construction worker",
      "Soil",
      "Construction",
      "laborer"
    ],
    "image_evidences": [],
    "result": {
      "confidence_score": 8,
      "explanation": "The caption mentions volunteers filling sand bags, which aligns with the detected entities of 'Labourer', 'Construction worker', and related terms suggesting people working with materials like 'Soil'. The news content supports the context of volunteers preparing for flooding in Louisiana. Therefore, the caption reasonably aligns with the detected visual entities and the broader news context.",
      "verdict": true
    }
  },
  "external_check": {
    "text_evidences": [
      {
        "title": "Thousands of people rescued from Louisiana flooding",
        "content": "Thousands of people rescued from Louisiana flooding",
        "caption": "Dylan Heinan piles sandbags as volunteers continue to fill sand bags to stop flood waters from rising in the town of Lake Arthur, La.",
        "domain": "www.usatoday.com"
      },
      {
        "title": "Thousands of people rescued from Louisiana flooding",
        "content": "636070645132531577-XXX-tda. ...",
        "caption": "Dylan Heinan piles sandbags as volunteers continue to fill sand bags to stop flood waters from rising in the town of Lake Arthur, La.",
        "domain": "www.usatoday.com"
      }
    ],
    "result": {
      "verdict": false,
      "alignment_score": 30,
      "confidence_score": 7,
      "explanation": "The news image depicts volunteers gathering at a location that appears to be related to a sandbagging effort, as suggested by the caption about volunteers at a community center. However, the context and elements observed in the news image differ significantly from those in the reference images derived from the caption. First, the clothing of individuals in the news image suggests cold weather, which doesn't align with the apparent warmth and clear skies present in the reference images, indicating a tropical or warm setting. Additionally, the composition shows individuals shoveling sand, while the reference images display clearer organized activity around filling and throwing sandbags, which allows for a better evaluation of the overall effort in response to flooding. The presence of vehicles and the general setup of the area in the news image does not visually match the organized community mobilization seen in reference images. The lighting and environment feel excessively uncoordinated, with unclear spatial relationships pointing to an unrelated or misrepresented event.",
      "key_observations": "- **Visual Element Consistency**: Individuals in the news image are wearing heavy clothing (raincoats), while reference images depict casual summer clothing. \n- **Contextual Differences**: The news image suggests a cold environment, contrasting sharply with the warm, dry conditions seen in references.\n- **Activity Representation**: Reference images clearly show organized sandbagging, while the news image lacks this clarity and focus on similar activities.\n- **Temporal Indicators**: Different times of day/evening suggested by lighting; reference images indicate clear daytime scenes. \n- **General Composition**: Reference images showcase a more community-focused effort, while the news image feels isolated and lacks group cohesion."
    }
  },
  "final_result": {
    "OOC": true,
    "confidence_score": 7,
    "explanation": "The internal check suggests the caption aligns with the image content based on detected entities and the news context, with a confidence score of 8. However, the external check indicates a mismatch between the image and reference images, highlighting differences in clothing (cold weather vs. warm weather attire), contextual settings (cold vs. warm environment), activity representation (unclear vs. organized sandbagging), temporal indicators (different times of day), and general composition (isolated vs. community-focused effort), with a confidence score of 7. Despite the slightly higher confidence of the internal check, the external check provides substantial evidence of discrepancies, leading to the conclusion that the caption is out of context. The conflicting evidence and similar confidence scores necessitate a more cautious approach, prioritizing the external check due to its specific visual analysis. The alignment score of 30 further reinforces this conclusion.",
    "validation_summary": "The internal check supports the caption, but the external check identifies significant visual and contextual discrepancies, leading to an out-of-context determination."
  },
  "inference_time": 13.354308366775513
}