{
  "caption": "Andy Murray returns a shot against Rafael Nadal The French Open is the only major in which Murray has never reached the final",
  "ground_truth": true,
  "internal_check": {
    "visual_entities": [
      "TEB",
      "Bank",
      "Tennis",
      "Racket",
      "Leisure",
      "Turk Ekonomi Bankasi",
      "Mitrovica",
      "Sports venue",
      "Kosovo",
      "player"
    ],
    "image_evidences": [],
    "result": {
      "confidence_score": 7,
      "explanation": "The news caption mentions Andy Murray and Rafael Nadal playing tennis, and the detected visual entities include 'Tennis', 'Racket', 'Sports venue', and 'player'. This suggests a tennis match is taking place, which aligns with the caption. However, without an image, it's impossible to verify that the players are indeed Andy Murray and Rafael Nadal. The caption also mentions the French Open, which is a tennis tournament. The news article describes Serena Williams playing in the French Open. Therefore, the entities reasonably align with the caption's context.",
      "verdict": true
    }
  },
  "external_check": {
    "text_evidences": [
      {
        "title": "French Open 2014: Andy Murray no match for Rafael Nadal at Roland Garros | The Independent | The Independent",
        "content": "French Open 2014: Andy Murray no match for Rafael Nadal at Roland ...",
        "caption": "Andy Murray in action at the French Open",
        "domain": "www.independent.co.uk"
      },
      {
        "title": "Rafael Nadal routs Andy Murray, to face Novak Djokovic for French Open title - Los Angeles Times",
        "content": "Rafael Nadal routs Andy Murray, to face Novak Djokovic for French ...",
        "caption": "Rafael Nadal prepares to hit an overhead shot against Andy Murray in a straight-set victory in the semifinals of the French Open on Friday.",
        "domain": "www.latimes.com"
      },
      {
        "title": "French Open 2018: Rafael Nadal favourite, no Andy Murray or Roger ...",
        "content": "French Open 2018: Rafael Nadal favourite, no Andy Murray or Roger ...",
        "caption": "",
        "domain": "www.bbc.com"
      },
      {
        "title": "Rafael Nadal has positive start at Australian Open - Los Angeles Times",
        "content": "Rafael Nadal has positive start at Australian Open - Los Angeles Times",
        "caption": "Rafael Nadal returns a shot during his first-round win over Mikhail Youzhny at the Australian Open on Monday.",
        "domain": "www.latimes.com"
      }
    ],
    "result": {
      "verdict": true,
      "alignment_score": 85,
      "confidence_score": 8,
      "explanation": "The news image features Andy Murray returning a shot during a tennis match, presumably at the French Open, which aligns well with the provided caption context. In the news image, we see a focused and intense expression on Murray as he prepares to make contact with a bright yellow tennis ball. The background includes green colors, characteristic of a clay court which is typical of the French Open venue, supporting the context claimed in the caption. \n\nWhen compared to the reference images retrieved using the caption, some visual matches can be highlighted. For instance, the colors and structure of the court in the news image match the environment typically seen at Roland Garros, particularly seen in pictures where Murray is playing at the French Open. The appropriate accessory, his tennis racket, and the attire colors match appropriately for similar competitive moments documented in the reference images. \n\nHowever, there are differences in the specifics of their visual elements and the presence of Rafael Nadal. The reference images depict Murray in different clothing and playing styles in various contexts, where Nadal is also presented prominently in some. The news image does not show Nadal, which could be a key element of the interaction referred to in the caption.",
      "key_observations": [
        "Murray is captured in action during a tennis match, relevant to the context of the caption.",
        "The court's green backdrop aligns with the French Open's clay surface.",
        "Murray's attire is appropriate for competitive play, although different from those in reference images.",
        "Nadal is not depicted in the news image, suggesting an incomplete visual context for the stated interaction.",
        "Expressions and dynamics in the news image coordinate with the intense nature of professional tennis as suggested by the caption."
      ]
    }
  },
  "final_result": {
    "OOC": false,
    "confidence_score": 8,
    "explanation": "The internal check resulted in a 'True' verdict with a confidence score of 7, suggesting that the entities align with the caption's context, although it couldn't verify the players without an image. The external check provided a 'True' verdict with an alignment score of 85 and a confidence score of 8, indicating that the image of Andy Murray playing tennis at the French Open aligns well with the caption. While the external check notes the absence of Rafael Nadal in the image, the caption refers to a shot against Nadal, not necessarily both being in the same frame. Given that both checks align in their 'True' verdicts, and the external check confirms Murray's presence and the French Open context, I conclude that the caption is not out of context. The slightly higher confidence and alignment scores from the external check strengthen this conclusion.",
    "validation_summary": "Both internal and external checks suggest the caption is not out of context, with the external check confirming Andy Murray and the French Open context. Nadal's absence in the image is noted but not contradictory."
  },
  "inference_time": 11.372191190719604
}