{
  "caption": "Asil Nadir steps off the plane with his wife Nur at Luton airport",
  "ground_truth": false,
  "internal_check": {
    "visual_entities": [
      "United Kingdom",
      "Polly Peck",
      "Airline",
      "Businessperson",
      "Turkey",
      "Onur Air",
      "FTSE 100 Index",
      "The Guardian",
      "Aviation",
      "Asil Nadir",
      "Hamit Cankut Bagana",
      "airline"
    ],
    "image_evidences": [],
    "result": {
      "confidence_score": 8,
      "explanation": "The caption mentions 'Asil Nadir steps off the plane with his wife Nur at Luton airport'. The detected visual entities include 'Asil Nadir', 'United Kingdom' (where Luton airport is located), and 'airline'. The news content corroborates this by mentioning Asil Nadir landed at Luton airport. Therefore, the caption aligns with the detected visual entities and the news content.",
      "verdict": true
    }
  },
  "external_check": {
    "text_evidences": [
      {
        "title": "Asil Nadir arrives in UK to face fraud charges | Asil Nadir | The Guardian",
        "content": "Asil Nadir arrives in UK to face fraud charges | Asil Nadir | The ...",
        "caption": "Asil Nadir steps off the plane with his wife, Nur, at Luton airport. Photograph: Toby Melville/Reuters",
        "domain": "www.theguardian.com"
      },
      {
        "title": "Asil Nadir arrives in UK to face fraud charges | Asil Nadir | The Guardian",
        "content": "Asil Nadir arrives in UK to face fraud charges | Asil Nadir | The ...",
        "caption": "Asil Nadir steps off the plane with his wife, Nur, at Luton airport. Photograph: Toby Melville/Reuters",
        "domain": "www.theguardian.com"
      }
    ],
    "result": {
      "verdict": true,
      "alignment_score": 95,
      "confidence_score": 9,
      "explanation": "The provided news image depicts Asil Nadir and his wife, both exiting a plane, consistent with the specified caption stating they were at Luton airport. Upon comparing with the reference images retrieved from the search, there’s a strong visual consistency regarding the subjects’ appearances, the aircraft design, and the setting of an airport environment. The individuals in the news image bear a striking resemblance to the ones seen in the referenced images, specifically in their attire and poses, which feature the woman waving and the man beside her carrying documents, thus adhering closely to the intended scenario of their arrival at the airport.\n\nThe temporal consistency is high; all images appear to be taken under similar lighting conditions, indicating that they could be from the same event or closely timed moments. There are no significant discrepancies in lighting or seasonal elements, reinforcing the overall reliability of the visual context. \n\nIn terms of spatial relationships, the positioning of the individuals alongside the aircraft door aligns well, which signifies their boarding or alighting from the plane. No unnatural editing or alterations were detected across the images; they appear authentic without signs of manipulation. \n\nDespite minor differences in camera angle or cropping among the reference images, these do not detract from the captivation effect of the news image and its context. Overall, the news image effectively represents the narrative of Asil Nadir’s arrival with his wife at Luton airport as described, even with minor visual variances. Thus, the image can be deemed accurate in representing the caption.",
      "key_observations": [
        "The subjects (Asil Nadir and his wife) are visually consistent across the image comparisons.",
        "The aircraft design is matching in all images, supporting the airport context.",
        "No discrepancies in lighting conditions, all images appear taken in similar overcast light.",
        "Individuals' positioning and body language match expected behavior for arriving passengers.",
        "No apparent signs of digital manipulation are detected in any of the images, maintaining authenticity."
      ]
    }
  },
  "final_result": {
    "OOC": false,
    "confidence_score": 9,
    "explanation": "Both the internal and external checks indicate that the caption accurately represents the image. The internal check has a confidence score of 8 and the external check has a confidence score of 9 and an alignment score of 95. Both checks confirm that the caption 'Asil Nadir steps off the plane with his wife Nur at Luton airport' is consistent with the visual elements and the news content. Since both checks align and have high confidence scores, I conclude that the caption is not out of context.",
    "validation_summary": "Both internal and external checks confirm the caption's accuracy, with high confidence and alignment scores."
  },
  "inference_time": 8.588801145553589
}