{
  "caption": "Roy Hodgson questions the booking for Danny Welbeck in the match against Moldova on Friday",
  "ground_truth": true,
  "internal_check": {
    "visual_entities": [
      "World Cup",
      "England national football team",
      "Arsenal F.C.",
      "Liverpool F.C.",
      "Midfielder",
      "Football player",
      "Player",
      "Team sport",
      "Steven Gerrard",
      "Frank Lampard",
      "Jack Wilshere",
      "t shirt"
    ],
    "image_evidences": [
      {
        "title": "Gary Lineker: why not let the players choose the new England captain? | Wayne Rooney | The Guardian",
        "content": "",
        "caption": "Joe Hart, left, and Wayne Rooney are the two men in the spotlight as Roy Hodgson picks the new England captain. Photograph: Scott Heavey/Getty Images",
        "domain": "www.theguardian.com"
      }
    ],
    "result": {
      "confidence_score": 2,
      "explanation": "The provided image evidence does not support the news caption. The news caption discusses Roy Hodgson's frustration with a yellow card given to Danny Welbeck in a match against Moldova. However, the image shows Joe Hart and Wayne Rooney with a caption about Roy Hodgson picking a new England captain. This image does not relate to the specific event (Welbeck's booking) described in the news caption. Furthermore, the visual entities detected are generic (e.g., 'Football player', 'Team sport') and do not offer specific support for the news content.",
      "verdict": false
    }
  },
  "external_check": {
    "text_evidences": [
      {
        "title": "Roy Hodgson fury at yellow card that 'overshadowed' confident win | England | The Guardian",
        "content": "Roy Hodgson fury at yellow card that 'overshadowed' confident win ...",
        "caption": "Roy Hodgson questions the booking for Danny Welbeck in the match against Moldova on Friday. Photograph: Darren Staples/Reuters",
        "domain": "www.theguardian.com"
      },
      {
        "title": "Analysis: Five conundrums for England manager Roy Hodgson, including where to play Jack Wilshere and where does Daniel Sturridge fit in | The Independent | The Independent",
        "content": "Analysis: Five conundrums for England manager Roy Hodgson ...",
        "caption": "Roy Hodgson must make decisions on how  he uses Jack Wilshere, as well as some of his other players",
        "domain": "www.independent.co.uk"
      },
      {
        "title": "Moldova v England: Dominic Fifield answered your questions | Football | The Guardian",
        "content": "Moldova v England: Dominic Fifield answered your questions ...",
        "caption": "Roy Hodgson's England begin their qualification campaign for the 2014 World Cup tonight in Moldova. Photograph: Neil Hall/Reuters",
        "domain": "www.theguardian.com"
      },
      {
        "title": "We've not exactly been lucky have we? Roy Hodgson confirms Rickie Lambert will start against Moldova after Daniel Sturridge is ruled out of World Cup qualifier | The Independent | The Independent",
        "content": "We've not exactly been lucky have we? Roy Hodgson confirms Rickie ...",
        "caption": "Daniel Sturridge and Rickie Lambert",
        "domain": "www.independent.co.uk"
      },
      {
        "title": "Roy Hodgson fury at yellow card that 'overshadowed' confident win | England | The Guardian",
        "content": "Roy Hodgson fury at yellow card that 'overshadowed' confident win ...",
        "caption": "Roy Hodgson questions the booking for Danny Welbeck in the match against Moldova on Friday. Photograph: Darren Staples/Reuters",
        "domain": "www.theguardian.com"
      }
    ],
    "result": {
      "verdict": false,
      "alignment_score": 30,
      "confidence_score": 7,
      "explanation": "The news image depicts players walking, while the reference images involve scenarios directly related to Roy Hodgson questioning a booking for Danny Welbeck during a match, illustrating more contextual engagement with the match events. The news image seems to omit the key aspects of the situation described in the caption, such as the gestures, expressions, or setting that suggests an active dialogue or event surrounding the booking. The reference images importantly showcase Hodgson gesturing, suggesting a live interaction during the match, which is absent in the news image. Furthermore, the lighting and composition in the news image appear misaligned with the expected scenario, showcasing players in a less dynamic moment compared to the animated context with Hodgson. Various elements serve critical roles in establishing the scene's authenticity — spatial relationships are less evident in the news image, and it does not display the immediacy of the match situation that would align with the context painted by the caption.",
      "key_observations": "- News image lacks direct interaction related to the booking incident.\n- Reference images show Hodgson actively gesturing or engaging, while news image shows players walking.\n- Composition and lighting in news image do not suggest a match situation.\n- Overall, news image seems disconnected from the core event addressed in the caption."
    }
  },
  "final_result": {
    "OOC": true,
    "confidence_score": 8,
    "explanation": "Both internal and external checks indicate that the news caption is out of context with the image. The internal check has a confidence score of 2 and the external check a confidence score of 7. Although the internal check has a lower confidence, the combined results indicate a mismatch. The internal check states that the image shows Joe Hart and Wayne Rooney, which does not align with the caption about Roy Hodgson and Danny Welbeck. The external check supports this by highlighting that the image lacks elements related to the booking incident described in the caption and shows players walking instead of Hodgson's active engagement, which is present in the reference images. Therefore, the image does not depict the event described in the caption, confirming that the caption is out of context.",
    "validation_summary": "Both internal and external checks confirm the caption is out of context. The image does not match the event described in the caption."
  },
  "inference_time": 10.065805673599243
}