{
  "caption": "UKIP was featured in a list headed The Rise of Racist Groups alongside the English Defence League British National Party National Front and Neo Nazis",
  "ground_truth": false,
  "internal_check": {
    "visual_entities": [
      "Bridge Learning Campus Secondary",
      "School",
      "Meter",
      "Font",
      "Lecture",
      "Far-right politics",
      "BBC News",
      "Nazism",
      "Apology",
      "Hartcliffe",
      "Bristol",
      ""
    ],
    "image_evidences": [],
    "result": {
      "confidence_score": 7,
      "explanation": "The news caption mentions UKIP being listed alongside other groups like the English Defence League, British National Party, National Front, and Neo Nazis. The detected visual entities include 'Far-right politics' and 'Nazism', which are related to the mentioned groups. The entities 'School', 'Lecture', 'Apology', 'Hartcliffe', and 'Bristol' also appear, referencing the location and context of the news story. While the image isn't directly available, the entities align with the information in the caption and news content, supporting the caption's claim. However, without the image, it is difficult to ascertain the truth with certainty.",
      "verdict": true
    }
  },
  "external_check": {
    "text_evidences": [],
    "result": null
  },
  "final_result": {
    "OOC": false,
    "confidence_score": 7,
    "explanation": "The internal check, with a confidence score of 7, indicates the caption accurately reflects the image content based on detected visual entities like 'Far-right politics,' 'Nazism,' 'School,' 'Lecture,' 'Apology,' 'Hartcliffe,' and 'Bristol,' which align with the caption's claim about UKIP being listed alongside other groups. The external check result is 'None', indicating a lack of external validation data. Therefore, based on the available internal check data, the caption is not out of context. The absence of external validation limits the certainty of the assessment.",
    "validation_summary": "The internal check suggests the caption is not out of context, but the lack of external validation data limits confidence."
  },
  "inference_time": 4.000223636627197
}