{
  "caption": "Clinton in Philadelphia last night",
  "ground_truth": false,
  "internal_check": {
    "visual_entities": [
      "Presidency of Donald Trump",
      "Philadelphia",
      "2016",
      "Product",
      "Interaction",
      "Audience",
      "Dinosaur",
      "Red",
      "Event",
      "Cape",
      "Time",
      "Tom Hanks",
      "Statistics",
      "interaction"
    ],
    "image_evidences": [],
    "result": {
      "confidence_score": 2,
      "explanation": "The news caption mentions \"Clinton in Philadelphia last night\". However, the detected visual entities only include 'Philadelphia'. Without an image to analyze, it is impossible to determine whether Clinton is actually present in the image or whether the event occurred 'last night'. The presence of 'Philadelphia' aligns with the caption, but it does not confirm the entire caption. Therefore the caption does not align with the visual entities.",
      "verdict": false
    }
  },
  "external_check": {
    "text_evidences": [],
    "result": null
  },
  "final_result": {
    "OOC": true,
    "confidence_score": 7,
    "explanation": "The internal check reports a mismatch between the caption and the visual entities detected in the image, indicating the caption is potentially out of context. The caption mentions \"Clinton in Philadelphia last night,\" but the detected visual entities only include \"Philadelphia.\" The absence of Clinton in the detected entities raises doubts about the caption's accuracy. The internal check has a confidence score of 2. There is no external check result. Given that the only available check suggests a mismatch, the caption is likely out of context. Therefore, I am flagging this as OOC=True with a confidence score of 7, which reflects the fact that there is only one data point and its confidence score is low.",
    "validation_summary": "Internal check suggests a mismatch between the caption and image content. External check is unavailable. Caption likely out of context."
  },
  "inference_time": 4.595968723297119
}