{
  "caption": "Phil Mickelson looks down the second fairway on the Monterey Peninsula Course The defending champ shot a 1under 69",
  "ground_truth": false,
  "internal_check": {
    "visual_entities": [
      "Facial hair",
      "Golf",
      "Headgear",
      "Match play",
      "Recreation",
      "Hair",
      "Capital asset pricing model",
      "Face",
      "Professional golfer",
      "Golfer",
      "cap"
    ],
    "image_evidences": [],
    "result": {
      "confidence_score": 9,
      "explanation": "The news caption describes Phil Mickelson looking down the second fairway on the Monterey Peninsula Course, and mentions he shot a 1-under 69. The detected visual entities include 'Facial hair', 'Golf', 'Hair', 'Face', 'Professional golfer', 'Golfer', and 'cap'. The presence of 'Golf', 'Professional golfer', 'Golfer', and 'cap' directly align with the caption's description of a golfer on a golf course. While the caption mentions Mickelson specifically, the detected entities don't explicitly identify him by name, but the other entities support the caption's depiction of a golfer in a golfing environment. The content further supports that Mickelson was present at the Pebble Beach National Pro-Am. Therefore, the caption accurately represents the visual content suggested by the detected entities.",
      "verdict": true
    }
  },
  "external_check": {
    "text_evidences": [],
    "result": null
  },
  "final_result": {
    "OOC": false,
    "confidence_score": 9,
    "explanation": "The internal check, with a confidence score of 9, indicates the caption accurately represents the image based on detected visual entities and the news content. It confirms that the caption's description of a golfer aligns with the visual elements and the presence of Mickelson at the event. There is no external check result provided, so the assessment relies solely on the internal check. The internal check's high confidence and positive verdict support the conclusion that the caption is not out of context.",
    "validation_summary": "The internal check confirms the caption accurately represents the image. No external check was performed."
  },
  "inference_time": 3.998370885848999
}