{
  "caption": "Vladimir Putin responds to questions at his annual press conference in Moscow on 18 December",
  "ground_truth": true,
  "internal_check": {
    "visual_entities": [
      "Belgium",
      "Businessperson",
      "Public Relations",
      "United Nations",
      "Person accused of a crime",
      "Death",
      "Ted Cruz",
      "Mohamed Abrini",
      "Ban Ki-moon",
      "suit"
    ],
    "image_evidences": [],
    "result": {
      "confidence_score": 7,
      "explanation": "The news caption states that Vladimir Putin is responding to questions at his annual press conference in Moscow on December 18. The detected entities include 'Businessperson' and 'suit', which are consistent with a formal press conference setting and the presence of a person like Vladimir Putin. However, the detected entities do not explicitly confirm that it's Putin or that it is his press conference, thus lowering the confidence. Also, other entities seem irrelevant.",
      "verdict": true
    }
  },
  "external_check": {
    "text_evidences": [
      {
        "title": "Putin boasts of Ukraine gains, denies fall of Assad in Syria dented Russia at annual news conference | PBS News",
        "content": "Putin boasts of Ukraine gains, denies fall of Assad in Syria ...",
        "caption": "Russian President Putin holds his annual press conference",
        "domain": "www.pbs.org"
      }
    ],
    "result": {
      "verdict": false,
      "alignment_score": 45,
      "confidence_score": 7,
      "explanation": "The news image depicts Vladimir Putin at his annual press conference, surrounded by an audience, which is typical for such events held in Moscow. However, it shows considerable differences from the reference images, which portray him in a different setting. The first reference image shows him in an intimate setting, focused closely on him at a table, while another reference emphasizes a more public environment. Additionally, the first news image has a darker background with numerous individuals present but lacks the formal desk setup visible in the reference images. The absence of the characteristic blue background and table seen in the reference images raises questions about visual consistency. Other inconsistencies include the angles of the shots; the news image appears wider and captures more of the audience, making it less formal than the focused, individual-centric shots in the references. Temporal indicators also fluctuate, as the lighting in the reference images suggests a different ambiance compared to the less illuminated news picture. Displayed elements such as the position of Putin and the audience's engagement further signify a difference in setting and composition. Overall, although visually distinct, the news image still captures the spirit of Putin addressing an audience, although the setting's integrity is questionable, leading to a determination of potential misleading content.",
      "key_observations": [
        "News image shows Putin in a wider, audience-filled setting, unlike the focused environment in reference images.",
        "Lighting differences suggest varied contexts, impacting overall perception.",
        "Presence of a table and specific setting absent in the news image, altering expected formal context.",
        "Audience positioning and engagement differ from the more intimate portrayals in reference images."
      ]
    }
  },
  "final_result": {
    "OOC": true,
    "confidence_score": 7,
    "explanation": "The internal check indicates that the entities detected in the image are consistent with the caption, though it does not explicitly confirm that it is Putin's press conference, resulting in a confidence score of 7 and a 'True' verdict. The external check also has a confidence score of 7 but a 'False' verdict, highlighting differences between the news image and reference images, indicating potential misleading content with an alignment score of 45. Given the conflict between the two checks, the relatively low alignment score, and the indications of visual inconsistencies with expected representations of Putin's press conference, the caption is determined to be out of context. The low confidence score reflects the ambiguity and the need for further investigation.",
    "validation_summary": "Internal check suggests the caption aligns with image content, but the external check reveals inconsistencies with reference images, indicating potential out-of-context usage. The low alignment score indicates that the image is not fully representative of the typical Putin press conference."
  },
  "inference_time": 9.228031396865845
}