{
  "caption": "The man was found on fire on the canal towpath on Bolton Road in Blackburn",
  "ground_truth": false,
  "internal_check": {
    "visual_entities": [
      "Canal",
      "River",
      "Watercourse",
      "Water resources",
      "Wetland",
      "Towpath",
      "Bayou",
      "Reservoir",
      "Floodplain",
      "Water",
      "Lough",
      "Detective",
      "Pond",
      "Fire",
      "river"
    ],
    "image_evidences": [
      {
        "title": "Blackburn towpath man's fire death investigated - BBC News",
        "content": "",
        "caption": "The man was found on fire on a canal towpath on Bolton Road in Blackburn",
        "domain": "www.bbc.com"
      }
    ],
    "result": {
      "confidence_score": 9,
      "explanation": "The news caption and content describe a man found on fire on a canal towpath on Bolton Road in Blackburn. The image evidence from BBC News shows a scene described as related to the man's fire death investigation, aligning with the news caption. The visual entities detected, such as 'Canal,' 'Towpath,' and 'Fire,' are consistent with the description in the news. The image's context is relevant, sourced from a reputable news organization (BBC). The image supports the claim that the event occurred on a canal towpath in Blackburn, as mentioned in the news. Therefore, the caption reasonably aligns with the visual evidence.",
      "verdict": true
    }
  },
  "external_check": {
    "text_evidences": [
      {
        "title": "Manchester Pusher: Does a serial killer haunt the city's canals?",
        "content": "Manchester Pusher: Does a serial killer haunt the city's canals?",
        "caption": "The Rochdale Canal next to Canal Street in Manchester. Four bodies have been recovered from the water here in the past decade",
        "domain": "www.bbc.com"
      },
      {
        "title": "Manchester Pusher: Does a serial killer haunt the city's canals?",
        "content": "Manchester Pusher: Does a serial killer haunt the city's canals?",
        "caption": "The Rochdale Canal next to Canal Street in Manchester. Four bodies have been recovered from the water here in the past decade",
        "domain": "www.bbc.com"
      }
    ],
    "result": {
      "verdict": false,
      "alignment_score": 20,
      "confidence_score": 7,
      "explanation": "The news image depicts a tranquil canal scene with a flat water surface and trees along the banks, suggesting a peaceful, possibly rural setting. In contrast, the reference images focus on a busy canal lock area, showcasing a more urban environment with boats and people actively engaging with the lock mechanisms. The reference images have distinct architectural elements and infrastructure associated with a canal system, portraying a very different atmosphere compared to the serene nature of the news image. This inconsistency in subject matter — one being peaceful nature and the other being a bustling urban facility — indicates that the news image does not match the primary context of the reference images. The temporal aspect also varies; the color and lighting in the news image suggest a cloudy or overcast day, while the reference images appear brighter, indicating a more active time of day with more daylight. Given these observations, the differences between the news image and reference images are substantial enough to warrant a \"False\" assessment for alignment.",
      "key_observations": [
        "Main subject of the news image is a canal surrounded by nature, while reference images depict a working canal lock with boats and urban scenery.",
        "Setting varies: the news image is rural and peaceful; reference images are urban and bustling.",
        "News image captures a calm moment, while reference images indicate human activity and engagement with the canal system.",
        "Visual style differs significantly; the news image is predominantly grey and subdued, while reference images feature more vibrant colors and architectural details."
      ]
    }
  },
  "final_result": {
    "OOC": true,
    "confidence_score": 7,
    "explanation": "The internal check suggests that the news caption aligns with the image content (confidence_score: 9, verdict: True). It confirms that the image shows a scene related to the fire death investigation on the canal towpath. The external check, however, indicates a mismatch (alignment_score: 20, confidence_score: 7, verdict: False). It contrasts the tranquil canal scene in the news image with reference images of a busy, urban canal lock. Given the conflicting results and prioritizing the negative external check because it indicates observable visual differences that contradict the caption, the caption is determined to be out of context. The lower alignment score (20) further supports this decision. The final confidence score is derived from the external check's confidence score as it has more observable discrepancies.",
    "validation_summary": "Internal check says caption is accurate; external check finds image doesn't match reference images of similar events. External check is prioritized due to visual discrepancies."
  },
  "inference_time": 10.642804145812988
}