{
  "caption": "The she s Just a Girl going through a divorce breakup Gwen Stefani and Gavin Rossdale",
  "ground_truth": true,
  "internal_check": {
    "visual_entities": [
      "Gwen Stefani",
      "Sherlock Holmes",
      "Guy Ritchie",
      "Hollaback Girl",
      "Actor",
      "Image",
      "Rich Girl",
      "Iron Man",
      "Sherlock Holmes",
      "Robert Downey Jr.",
      "Jude Law",
      "Gavin Rossdale",
      "little black dress"
    ],
    "image_evidences": [
      {
        "title": "Guy Ritchie's Sherlock Holmes has its world premiere in London | Film | The Guardian",
        "content": "",
        "caption": "Sherlock Holmes: Gavin Rossdale and Gwen Stefani at the world premiere of Sherlock Holmes",
        "domain": "www.theguardian.com"
      }
    ],
    "result": {
      "confidence_score": 9,
      "explanation": "The news caption mentions Gwen Stefani and Gavin Rossdale's divorce. The provided image evidence from the Guardian shows Gwen Stefani and Gavin Rossdale at the premiere of Sherlock Holmes. While the image doesn't directly show the divorce, it does confirm the relationship between Gwen Stefani and Gavin Rossdale. The Guardian is a reputable source, increasing the reliability of the image. The image supports the entity recognition of both Gwen Stefani and Gavin Rossdale. The image context supports that they were a couple, which the news caption implies that they are no longer together, thus visually supporting the claim of their breakup.",
      "verdict": true
    }
  },
  "external_check": {
    "text_evidences": [],
    "result": null
  },
  "final_result": {
    "OOC": false,
    "confidence_score": 9,
    "explanation": "The internal check has a confidence score of 9 and determines the caption is not out of context. The caption references Gwen Stefani and Gavin Rossdale's divorce, and the image, while not showing the divorce directly, confirms their past relationship, lending support to the caption's implication of their breakup. No external check was provided. Therefore, based on the available evidence, the caption is deemed not out of context.",
    "validation_summary": "The internal check confirms the caption's relevance to the image, indicating that the caption is not out of context. No external check available."
  },
  "inference_time": 3.861873149871826
}