{
  "caption": "Jeremy Clarkson filming in Moscow",
  "ground_truth": true,
  "internal_check": {
    "visual_entities": [
      "Jeremy Clarkson",
      "Top Gear",
      "Car",
      "Television presenter",
      "Sports car",
      "Broadcaster",
      "Television producer",
      "Auto show",
      "Television",
      "Top Gear Live",
      "James May",
      "jeremy clarkson owned cars"
    ],
    "image_evidences": [],
    "result": {
      "confidence_score": 7,
      "explanation": "The news caption mentions \"Jeremy Clarkson filming in Moscow\". The detected visual entities include \"Jeremy Clarkson\". The news content discusses Jeremy Clarkson and Top Gear's global presence, including in Iran. While the entities confirm Clarkson's presence and connection to Top Gear, it does not provide specific visual confirmation that the filming is taking place in Moscow. Thus, the caption is partially supported by the visual entities. The absence of definitive location confirmation lowers the confidence score.",
      "verdict": false
    }
  },
  "external_check": {
    "text_evidences": [],
    "result": null
  },
  "final_result": {
    "OOC": true,
    "confidence_score": 7,
    "explanation": "The internal check, with a confidence score of 7, indicates that while the news content mentions Jeremy Clarkson and Top Gear's global presence, it doesn't specifically confirm the filming is taking place in Moscow. The absence of definitive location confirmation leads to the conclusion that the caption is potentially out of context. The external check result is 'None', indicating a lack of external validation data. Therefore, based solely on the internal check result, the caption is considered out of context.",
    "validation_summary": "Internal check suggests the caption is out of context due to lack of location confirmation. External check provides no additional data."
  },
  "inference_time": 3.595338821411133
}