{
  "caption": "Democratic presidential candidate Hillary Rodham Clinton with Virginia Gov Terry McAuliffe at a June fundraiser in Fairfax",
  "ground_truth": true,
  "internal_check": {
    "visual_entities": [
      "White House FBI files controversy",
      "White House travel office controversy",
      "Politics",
      "Clinton Foundation",
      "United States Department of State",
      "President of the United States",
      "Bill Clinton",
      "blond"
    ],
    "image_evidences": [],
    "result": {
      "confidence_score": 7,
      "explanation": "The caption mentions Hillary Rodham Clinton and Terry McAuliffe at a fundraiser. While the detected entities include 'Politics,' 'Clinton Foundation,' and 'United States Department of State' which relate to Hillary Clinton's political career, there is no direct evidence to confirm the presence of Hillary Clinton and Terry McAuliffe, or a fundraiser specifically. Therefore, based solely on the provided entities, a direct confirmation is not possible. However, the 'Politics' entity does partially align with the caption's context of a political fundraiser involving a political figure.",
      "verdict": false
    }
  },
  "external_check": {
    "text_evidences": [],
    "result": null
  },
  "final_result": {
    "OOC": true,
    "confidence_score": 7,
    "explanation": "The internal check, with a confidence score of 7, indicates that while 'Politics' aligns with the caption's context, it cannot directly confirm the presence of Hillary Clinton, Terry McAuliffe, or a fundraiser specifically. The external check provided no data. Thus, based solely on the internal check's findings and the absence of external verification, the caption is considered out of context due to the lack of direct evidence supporting the depicted scenario.",
    "validation_summary": "The internal check suggests the caption is out of context. No external check data is available for comparison."
  },
  "inference_time": 3.84368634223938
}