{
  "caption": "Israelis from the Ethiopian community protest in Haifa",
  "ground_truth": false,
  "internal_check": {
    "visual_entities": [
      "Ethiopian Jews in Israel",
      "Israel",
      "Ethiopia",
      "Jewish people",
      "Beta Israel",
      "Ten Lost Tribes",
      "Falash Mura",
      "History of the Jews in Ethiopia",
      "Twelve Tribes of Israel",
      "Jewish state",
      "Beta Abraham",
      "Israeli Jews",
      "discrimination in israel"
    ],
    "image_evidences": [
      {
        "title": "The plight of Ethiopian Jews in Israel - BBC News",
        "content": "",
        "caption": "Israelis from the Ethiopian community protest in Haifa",
        "domain": "www.bbc.com"
      }
    ],
    "result": {
      "confidence_score": 10,
      "explanation": "The news caption states that Israelis from the Ethiopian community are protesting in Haifa. The image evidence shows a protest with the caption \"Israelis from the Ethiopian community protest in Haifa\" and comes from BBC News, a credible news source. Therefore, the image evidence supports the news caption. The visual entities detected also align with the content of the news and the image, further validating the information.",
      "verdict": true
    }
  },
  "external_check": {
    "text_evidences": [
      {
        "title": "Clashes as Ethiopian Israelis protest over police shooting",
        "content": "Clashes as Ethiopian Israelis protest over police shooting",
        "caption": "",
        "domain": "www.bbc.com"
      },
      {
        "title": "Israels Ethiopian community denounces racism ahead of election | Racism News | Al Jazeera",
        "content": "Israel's Ethiopian community denounces racism ahead of election ...",
        "caption": "Community members hold regular protests across Israel to demand justice for Teka and other members of the community they say have been killed unjustly [Raja'y al-Khatib /Al Jazeera]",
        "domain": "www.aljazeera.com"
      }
    ],
    "result": {
      "verdict": true,
      "alignment_score": 75,
      "confidence_score": 8,
      "explanation": "The news image of the protest involving Israelis from the Ethiopian community presents a scene that aligns with the expected visual elements based on the caption. The protesters hold various signs relating to rights and social justice, which is typical for such demonstrations. Comparatively, the reference images show distinct events involving members of the Ethiopian community in different contexts, notably in gatherings and protests. While they exhibit different setups (e.g., a nighttime protest with signs in the second reference image and a more solemn group holding pictures in the third), none contradict the narrative of community activism. The lighting in the news image suggests it was taken during early evening, fitting well with the timing of protests. Overall, while there are differences in the specific scenes depicted, the core context of protesting for rights remains consistent across all images. Therefore, the relationship is fairly strong despite the variations in visual specifics.",
      "key_observations": "- The news image portrays active protests with clear signs about rights; reference images show the Ethiopian community in either a protest or gathering, fitting the context of community engagement.\n- The lighting and setting of the news image indicate evening or late-afternoon timing, which aligns with common protest times.\n- Different signs and messages are observed in each image, but the thematic focus on rights and social justice persists in all, maintaining contextual uniformity."
    }
  },
  "final_result": {
    "OOC": false,
    "confidence_score": 9,
    "explanation": "The internal and external checks both indicate that the caption accurately represents the image. The internal check has a confidence score of 10, and the external check has a confidence score of 8 with an alignment score of 75. Both scores are relatively high, suggesting strong evidence supporting the caption's accuracy. The internal check confirms that the image shows Israelis from the Ethiopian community protesting in Haifa, aligning with the caption. The external check corroborates this by comparing the image with reference images of similar events, noting consistency in the theme of community engagement and protesting for rights. Since both checks agree and have substantial confidence, the caption is deemed not out of context.",
    "validation_summary": "Both internal and external checks confirm the caption accurately represents the image, showing Israelis from the Ethiopian community protesting in Haifa. High confidence and alignment scores support this conclusion."
  },
  "inference_time": 11.670130014419556
}