{
  "caption": "Graeme McDowell retained the French Open title in July",
  "ground_truth": false,
  "internal_check": {
    "visual_entities": [
      "Match play",
      "Golf",
      "Championship",
      "Putter",
      "Individual sport",
      "Sand wedge",
      "Four-ball golf",
      "Foursomes",
      "Competition",
      "Tournament",
      "Lawn",
      "Outdoor recreation",
      "golfer"
    ],
    "image_evidences": [],
    "result": {
      "confidence_score": 8,
      "explanation": "The news caption mentions Graeme McDowell retaining the French Open title. The detected visual entities include 'Golf', 'Championship', 'Tournament', and 'golfer'. These entities are consistent with the caption's context of a golf tournament and a golfer winning a title. The news content also confirms Graeme McDowell won the French Open. Therefore, the caption aligns with the detected visual entities and the news content.",
      "verdict": true
    }
  },
  "external_check": {
    "text_evidences": [
      {
        "title": "Paul McGinley has no concerns over Rory McIlroy and Graeme McDowell | Paul McGinley | The Guardian",
        "content": "Paul McGinley has 'no concerns' over Rory McIlroy and Graeme ...",
        "caption": "Graeme McDowell retained the French Open title in July.",
        "domain": "www.theguardian.com"
      },
      {
        "title": "French Open 2014: Graeme McDowell heads to The Open with momentum after overturning eight-shot deficit to retain his Alstom Open de France title | The Independent | The Independent",
        "content": "French Open 2014: Graeme McDowell heads to The Open with momentum ...",
        "caption": "Graeme McDowell of Northern Ireland poses with the trophy after winning the Alstom Open de France - Day Four at Le Golf National on July 6, 2014 in Paris, France",
        "domain": "www.independent.co.uk"
      },
      {
        "title": "Graeme McDowell rallies from 8 back to win French Open  The Denver Post",
        "content": "Graeme McDowell rallies from 8 back to win French Open  The ...",
        "caption": "Northern Irish golfer Graeme McDowell plays a shot during the final round of the 2014 Alstom Open de France on July 6, 2014 at Le Golf National in Guyancourt, near Paris. McDowell became the first player since 2005 to win back-to-back French Opens on Sunday following a drama-filled final round at Le Golf National. AFP PHOTO/THOMAS SAMSONTHOMAS SAMSON/AFP/Getty Images",
        "domain": "www.denverpost.com"
      },
      {
        "title": "French Open 2014: Graeme McDowell heads to The Open with momentum after overturning eight-shot deficit to retain his Alstom Open de France title | The Independent | The Independent",
        "content": "French Open 2014: Graeme McDowell heads to The Open with momentum ...",
        "caption": "Graeme McDowell of Northern Ireland poses with the trophy after winning the Alstom Open de France - Day Four at Le Golf National on July 6, 2014 in Paris, France",
        "domain": "www.independent.co.uk"
      },
      {
        "title": "French Open 2014: Graeme McDowell heads to The Open with momentum after overturning eight-shot deficit to retain his Alstom Open de France title | The Independent | The Independent",
        "content": "French Open 2014: Graeme McDowell heads to The Open with momentum ...",
        "caption": "Graeme McDowell of Northern Ireland poses with the trophy after winning the Alstom Open de France - Day Four at Le Golf National on July 6, 2014 in Paris, France",
        "domain": "www.independent.co.uk"
      }
    ],
    "result": {
      "verdict": false,
      "alignment_score": 60,
      "confidence_score": 8,
      "explanation": "The news image depicts Graeme McDowell striking a golf ball from a sand trap, which visually represents an aspect of the golfer's performance. However, the caption states he retained the French Open title in July, primarily suggesting a celebratory scene following the tournament. The reference images include shots of McDowell lifting the trophy and celebrating his win, showcasing a triumphant moment, while the news image focuses on a separate action during a game. The expected images based on the caption would include elements such as the trophy presentation, celebratory gestures, and a suitable setting. \n\nThe lighting in the news image appears bright, which is consistent with outdoor golfing scenarios, yet it does not provide the context of victory or celebration associated with winning the championship. Additionally, the comparison of spatial relationships reveals discrepancies; McDowell is shown playing rather than receiving the trophy, which fails to align with the celebratory tone suggested by the caption. \n\nTherefore, the news image does not accurately reflect the context implied by the caption, even though it is a relevant representation of McDowell's golfing activity. There are no evident signs of manipulation, yet the core context is misaligned. \n\nTaking these visual and contextual differences into account, it is concluded that the image, while depicting a golfer, does not accurately represent the event referenced in the caption.",
      "key_observations": [
        "The news image shows Graeme McDowell playing from a sand trap, which is different from the expected celebratory moment after winning.",
        "The context indicated by the caption (retaining a title) contrasts with the action depicted in the news image.",
        "Reference images highlight the trophy presentation and celebration which were absent in the news image.",
        "No apparent manipulation was detected in the news image, but the overall context is misrepresented."
      ]
    }
  },
  "final_result": {
    "OOC": true,
    "confidence_score": 8,
    "explanation": "The internal check suggests the caption aligns with the image content (confidence: 8, verdict: True), while the external check indicates a mismatch between the image and what the caption implies (confidence: 8, verdict: False, alignment: 60). The external check highlights that the image shows McDowell playing from a sand trap, which doesn't convey the celebratory context of retaining a title, as suggested by the caption. Reference images show trophy presentations which the news image lacks. Therefore, the image does not accurately represent the context implied by the caption. Despite similar confidence scores, the external check's detailed analysis of visual context and the low alignment score justifies prioritizing it, leading to the conclusion that the caption is out of context.",
    "validation_summary": "Internal check says caption matches image content. External check shows image doesn't represent winning or celebration. External check is prioritized due to context mismatch, concluding out of context."
  },
  "inference_time": 13.050931215286255
}