{
  "caption": "Louise Welsh at the Brigait Centre Glasgow",
  "ground_truth": true,
  "internal_check": {
    "visual_entities": [
      "Ali Smith",
      "There But For The",
      "How to Be Both",
      "Hotel World",
      "Author",
      "Novel",
      "2019 Man Booker Prize",
      "Women's Prize for Fiction",
      "Book",
      "Publishing",
      "Writer",
      "Short list",
      "Narrative",
      "Reading",
      "Booker Prize",
      "alie smith dont just sit there"
    ],
    "image_evidences": [],
    "result": {
      "confidence_score": 7,
      "explanation": "The news caption mentions Louise Welsh at the Briggait Centre in Glasgow. While the news content discusses Louise Welsh and her works, it does not provide visual confirmation of her presence at the Briggait Centre in Glasgow. The detected entities mainly relate to her literary works and awards, such as 'Author', 'Novel', 'Booker Prize', and other book-related terms. Since the visual entities do not directly confirm the location mentioned in the caption (Briggait Centre Glasgow), there is a partial match but not complete alignment. Therefore, the caption's accuracy is uncertain based solely on the provided visual entities.",
      "verdict": false
    }
  },
  "external_check": {
    "text_evidences": [
      {
        "title": "Louise Welsh: 'The thing about genre is conventions you can muck about with  crime is not elevated, we all feel we can read it' | Crime fiction | The Guardian",
        "content": "Louise Welsh: 'The thing about genre is conventions you can muck ...",
        "caption": "Louise Welsh at the Brigait Centre, Glasgow. Photograph: Murdo MacLeod for the Guardian",
        "domain": "www.theguardian.com"
      },
      {
        "title": "Louise Welsh: 'The thing about genre is conventions you can muck about with  crime is not elevated, we all feel we can read it' | Crime fiction | The Guardian",
        "content": "Louise Welsh: 'The thing about genre is conventions you can muck ...",
        "caption": "Louise Welsh at the Brigait Centre, Glasgow. Photograph: Murdo MacLeod for the Guardian",
        "domain": "www.theguardian.com"
      },
      {
        "title": "Louise Welsh: 'The thing about genre is conventions you can muck about with  crime is not elevated, we all feel we can read it' | Crime fiction | The Guardian",
        "content": "Louise Welsh: 'The thing about genre is conventions you can muck ...",
        "caption": "Louise Welsh at the Brigait Centre, Glasgow. Photograph: Murdo MacLeod for the Guardian",
        "domain": "www.theguardian.com"
      }
    ],
    "result": {
      "verdict": false,
      "alignment_score": 20,
      "confidence_score": 8,
      "explanation": "The news image depicts a woman in an outdoor setting with a greenish backdrop and a table, while the reference images feature a woman (presumably Louise Welsh) inside the Brigait Centre in Glasgow with large architectural elements and a different color palette. The visual elements—such as the setting, attire, and context—suggest that the news image does not correspond to the expected environment described by the caption. Not only do the locations differ (outdoor versus indoor), but the atmosphere and style also clash significantly. The lighting in the news image appears to be softer with natural light filtering through greenery, while the reference images exhibit brighter, artificial lighting typical of an indoor space. This inherent contrast raises concerns regarding the appropriateness of the news image to represent the captioned context. Despite the presence of a woman in both images, the lack of alignment in key visual elements leads to the conclusion that the news image does not accurately reflect the event or context described in the caption.",
      "key_observations": "- News image shows a woman outside with greenery, while reference images show a woman indoors in an architecturally distinct environment.\n- The color schemes and lighting differ significantly between the news and reference images.\n- The absence of consistent contextual indicators (e.g., the building's architecture) suggests the news image does not appropriately align with the caption."
    }
  },
  "final_result": {
    "OOC": true,
    "confidence_score": 8,
    "explanation": "Both the internal and external checks indicate that the news caption is out of context. The internal check, with a confidence score of 7, found no visual confirmation in the news content (article text) to support the caption's claim of Louise Welsh being at the Briggait Centre in Glasgow. The external check, with a confidence score of 8 and an alignment score of 20, compared the news image to reference images of the Brigait Centre and concluded they do not match. The external check highlights discrepancies in setting (outdoor vs. indoor), color schemes, and architectural elements. Given the agreement between these two checks and the higher confidence of the external check due to the visual evidence assessed, the caption is determined to be out of context.",
    "validation_summary": "Both internal and external checks suggest the caption is out of context due to a lack of visual confirmation within the news content and a mismatch between the news image and reference images of the described location."
  },
  "inference_time": 11.553785800933838
}