{
  "caption": "Denver Broncos quarterback Peyton Manning throws a pass during the opening drive of the first quarter in the AFC Championship football game at Sports Authority Field at Mile High",
  "ground_truth": false,
  "internal_check": {
    "visual_entities": [
      "Canadian football",
      "American Football Helmet",
      "Team sport",
      "Six-man football",
      "American football",
      "Touchdown",
      "Defensive tackle",
      "Protective equipment in gridiron football",
      "Gridiron football",
      "Competition",
      "Championship",
      "player"
    ],
    "image_evidences": [],
    "result": {
      "confidence_score": 9,
      "explanation": "The caption mentions \"Denver Broncos quarterback Peyton Manning throws a pass during the opening drive of the first quarter in the AFC Championship football game at Sports Authority Field at Mile High\". The detected visual entities include 'American football', 'player', 'Team sport', 'American Football Helmet', 'Gridiron football', 'Championship'. These entities support the claim that the image depicts a football game (American football, Team sport, Gridiron football) and a player (player) who might be Peyton Manning in the championship game. The presence of 'American Football Helmet' also aligns with a football game context. Overall, there's a strong agreement between the caption's description and the detected visual entities.",
      "verdict": true
    }
  },
  "external_check": {
    "text_evidences": [
      {
        "title": "Peyton Manning, Broncos beat Steelers, punch ticket to AFC championship game  The Denver Post",
        "content": "Peyton Manning, Broncos beat Steelers, punch ticket to AFC ...",
        "caption": "Denver Broncos quarterback Peyton Manning (18) throws downfield against the Pittsburgh Steelers during the third quarter on Jan. 17, 2016 in the Divisional Round Playoff game at Sports Authority Field at Mile High Stadium.",
        "domain": "www.denverpost.com"
      },
      {
        "title": "Peyton Manning, Broncos keep grinding out wins; Patriots rematch awaits  The Denver Post",
        "content": "Peyton Manning, Broncos keep grinding out wins; Patriots rematch ...",
        "caption": "Denver Broncos quarterback Peyton Manning (18) signals during the fourth quarter against the Pittsburgh Steelers January 17, 2016 in the divisional round playoff game at Sports Authority Field at Mile High Stadium.",
        "domain": "www.denverpost.com"
      }
    ],
    "result": {
      "verdict": true,
      "alignment_score": 85,
      "confidence_score": 8,
      "explanation": "The news image of Peyton Manning throwing a pass during the AFC Championship game shows consistent visual elements and context when compared to the reference images. All images prominently feature Manning in his Denver Broncos uniform, with reference to the game setting evident in the background and the team colors. The action of throwing a pass is also represented accurately in the news image, aligning with the context of the caption. The lighting appears bright and consistent across all images, indicative of a daytime game, which further supports the timestamp consistency of the event. The positioning of Manning in the image appears to be in agreement with the expected spatial relationships found in the reference images, as he is focused on the throw with defenders in proximity, which reflects typical game dynamics. There are no visible signs of manipulation or digital alteration in the news image that would call its authenticity into question. While there may be slight differences in angles and specific player interactions, the overall essence and framing of the scene remain true to what the caption describes. Therefore, the alignment between the news image and the context of the caption is robust, deemed visually relevant and representative of the highlighted event.",
      "key_observations": [
        "Manning is depicted in his Denver Broncos uniform, matching the reference images.",
        "The action of throwing is clearly portrayed, consistent with the caption.",
        "Lighting and game setting appear coherent, reflecting daytime play.",
        "Spatial relationships are consistent, with Manning positioned to throw amidst defenders.",
        "No signs of digital manipulation detected; authenticity is intact."
      ]
    }
  },
  "final_result": {
    "OOC": false,
    "confidence_score": 9,
    "explanation": "Both the internal and external checks indicate that the caption accurately represents the image. The internal check confirms that the visual entities detected in the image align with the caption's description of Peyton Manning throwing a pass during the AFC Championship game. The external check, with an alignment score of 85 and a confidence score of 8, corroborates this by showing consistent visual elements (Manning in Broncos uniform, throwing action, game setting) between the news image and reference images. Since both checks agree and have high confidence scores, the caption is deemed not out of context.",
    "validation_summary": "Both internal and external validations confirm the caption accurately describes the image content. The external validation has a high alignment score."
  },
  "inference_time": 9.017338991165161
}