{
  "caption": "Unicef wishes London a HappyBlueYear by adding a hint of blue to the iconic New Year s Eve firework display",
  "ground_truth": false,
  "internal_check": {
    "visual_entities": [
      "New Year's Eve",
      "Fireworks",
      "Image",
      "Photograph",
      "New Year's Day",
      "London",
      "Photo Album",
      "Las Vegas Fireworks",
      "Wallpaper",
      "New Year",
      "Photography",
      "Fireworks, light",
      "Classic Italian Dishes",
      "fireworks"
    ],
    "image_evidences": [
      {
        "title": "New Years Eve 2015 celebrations  in pictures | World news | The Guardian",
        "content": "",
        "caption": "Unicef wishes London a #HappyBlueYear by adding a hint of blue to the iconic New Years Eve firework display",
        "domain": "www.theguardian.com"
      }
    ],
    "result": {
      "confidence_score": 10,
      "explanation": "The news caption states that Unicef wishes London a HappyBlueYear by adding a hint of blue to the iconic New Year's Eve firework display. The provided image evidence from The Guardian shows fireworks in London with a noticeable blue hue, and the caption associated with the image evidence directly matches the news caption. The visual entities detected, such as 'New Year's Eve', 'Fireworks', 'London', and 'fireworks', are all present in both the news content and the image evidence. The domain 'www.theguardian.com' is a credible news source. The image appears to be used in its original context, accurately representing the event described. Therefore, the image evidence strongly supports the news caption.",
      "verdict": true
    }
  },
  "external_check": {
    "text_evidences": [
      {
        "title": "New Years Eve 2015 celebrations  in pictures | World news | The Guardian",
        "content": "New Year's Eve 2015 celebrations  in pictures | World news | The ...",
        "caption": "Unicef wishes London a #HappyBlueYear by adding a hint of blue to the iconic New Years Eve firework display",
        "domain": "www.theguardian.com"
      },
      {
        "title": "Security tight in London as thousands celebrate new year | New year | The Guardian",
        "content": "Security tight in London as thousands celebrate new year | New ...",
        "caption": "Unicef wishes London a #HappyBlueYear by adding a hint of blue to the fireworks display to support their current campaign.",
        "domain": "www.theguardian.com"
      }
    ],
    "result": {
      "verdict": true,
      "alignment_score": 90,
      "confidence_score": 9,
      "explanation": "The news image depicts a vibrant firework display over the iconic London Eye, aligning well with the context of UNICEF's campaign for a 'Happy Blue Year' by incorporating blue hues in the fireworks. The presence of blue in the fireworks is visually evident, matching expectations set by the caption. The reference images retrieved based on the provided caption showcase similar thematic elements, emphasizing a celebration with altered colors leaping from the iconic structure and the geographical setting itself. Each reference image presents comparable angles, showcasing the fireworks' arrangement and scale relative to the London Eye, a key element in this New Year's celebration. While there might be slight variations in the arrangement of fireworks and color intensities across the images, these differences are minimal and do not detract from the consensus that they all depict the same event, capturing the ecstasy of New Year festivities in London. The temporal consistency is present, as the lighting suggests it's nighttime—the expected period for festivities—while no signs of digital manipulation (artifacts or irregularities) were observed in any image, confirming their authenticity. Therefore, the news image accurately represents the essence of the event despite minor visual differences.",
      "key_observations": "- The fireworks feature blue hues matching the UNICEF campaign.\n- All images showcase the London Eye prominently, aligning with the event.\n- Temporal indicators (nighttime setting, New Year celebration) are consistent across all images.\n- Minor variations in color saturation and arrangement among images do not undermine the overall context.\n- No signs of digital manipulation evident in any of the images."
    }
  },
  "final_result": {
    "OOC": false,
    "confidence_score": 9,
    "explanation": "The internal and external checks both indicate that the caption accurately represents the image. The internal check has a confidence score of 10, while the external check has a confidence score of 9 and an alignment score of 90. Both checks confirm that the image aligns with the caption describing Unicef's 'HappyBlueYear' campaign in London, with blue fireworks over the London Eye. Since both checks agree and the confidence scores are high, the caption is not out of context.",
    "validation_summary": "Both internal and external validations confirm the caption accurately represents the image, depicting Unicef's 'HappyBlueYear' campaign with blue fireworks in London."
  },
  "inference_time": 9.544370412826538
}