{
  "caption": "Andy Murray in action during his match against Milos Raonic",
  "ground_truth": false,
  "internal_check": {
    "visual_entities": [
      "Tennis",
      "Racket",
      "Tennis player",
      "Ball",
      "tennis player"
    ],
    "image_evidences": [],
    "result": {
      "confidence_score": 10,
      "explanation": "The news caption mentions 'Andy Murray in action during his match against Milos Raonic'. The detected visual entities include 'Tennis', 'Racket', 'Tennis player', 'Ball', and 'tennis player'. These entities are all consistent with a tennis match in which Andy Murray would be involved. The presence of 'Tennis player', 'Racket', and 'Ball' directly support the scene described in the caption. Therefore, the caption accurately represents the visual content based on the detected entities.",
      "verdict": true
    }
  },
  "external_check": {
    "text_evidences": [
      {
        "title": "Australian Open 2016: Andy Murray says past defeats to Novak Djokovic count for nothing | The Independent | The Independent",
        "content": "Australian Open 2016: Andy Murray says past defeats to Novak ...",
        "caption": "Andy Murray of Britain in action against Milos Raonic of Canada during their semi final match at the Australian Open tennis tournament in Melbourne",
        "domain": "www.independent.co.uk"
      },
      {
        "title": "Andy Murray hopes to drum up an atmosphere himself at US Open | Andy Murray | The Guardian",
        "content": "Andy Murray hopes to drum up an atmosphere himself at US Open ...",
        "caption": "Andy Murray in action against Milos Raonic during the Cincinnati Open, which was held at Flushing Meadows.",
        "domain": "www.theguardian.com"
      }
    ],
    "result": {
      "verdict": false,
      "alignment_score": 50,
      "confidence_score": 6,
      "explanation": "The news image features Andy Murray playing tennis during a match, aligning with the caption that indicates he is in action against Milos Raonic. Upon examining the reference images using the same caption, several discrepancies emerge. In the news image, Murray is dressed in a white outfit on a grass court, which suggests a match at Wimbledon, easily identifiable by the audience and court surface. Conversely, the reference images depict him in different attire and settings—one in a dark outfit on a blue court, indicating a hard court setting, while another shows him with a different design shirt, likely from a non-Wimbledon event. \n\nAdditionally, lighting conditions differ significantly between the images; the news image appears to have a bright and sunlit atmosphere, whereas the others show cooler lighting and different environments. The background crowds also vary in expected appearance—Wimbledon would show a specific type of crowd attire compared to the various urban settings in the reference images.\n\nWhile the fundamental element of Andy Murray playing tennis is maintained across the images, the differences in court type, attire, and general atmosphere indicate a lack of visual consistency. Further, there are no evident signs of manipulation in the images, although the apparent differences suggest a lack of alignment with the descriptive context of the caption. Therefore, even though the news image depicts Murray during a match, it does not effectively represent the specific event described in the caption, leading to concerns of misleading implications in its presentation.",
      "key_observations": "- News image shows Andy Murray in a white outfit, likely at Wimbledon, during a match.\n- Reference images show him in varied outfits and on different court surfaces, including a dark outfit on a blue hard court.\n- Lighting conditions significantly differ; the news image is bright and sunlit, while reference images have cooler tones.\n- Background settings and crowds differ, indicating non-Wimbledon environments in reference images.\n- No visible signs of digital manipulation were detected."
    }
  },
  "final_result": {
    "OOC": true,
    "confidence_score": 7,
    "explanation": "The internal check suggests the caption accurately represents the image, with a high confidence score of 10, based on detected visual entities like 'Tennis,' 'Racket,' and 'Tennis player.' However, the external check contradicts this, indicating a lack of alignment with reference images and a lower confidence score of 6 and alignment score of 50. The external check notes discrepancies in Murray's attire, court type (grass vs. hard), and lighting conditions, suggesting the image may not be from the specific event described in the caption (Wimbledon match against Raonic). Prioritizing the external check due to its explicit comparison against reference images and identified visual inconsistencies, the caption appears to be out of context. The confidence score is moderate because, although discrepancies exist, the core element of Murray playing tennis is consistent across images, suggesting partial accuracy.",
    "validation_summary": "Internal check says caption is accurate; external check finds inconsistencies in attire, court, and lighting, indicating the image may not be from the Wimbledon match against Raonic as described. The external check is prioritized, leading to an 'Out of Context' verdict."
  },
  "inference_time": 11.584134817123413
}