{
  "caption": "Brave New World Barack Obama signs his first act as president in the US Capitol building on 20 January 2009",
  "ground_truth": false,
  "internal_check": {
    "visual_entities": [
      "United States",
      "President of the United States",
      "Politics",
      "Una Nueva Era",
      "Time's Person of the Year",
      "Eugene Goodman",
      "Barack Obama"
    ],
    "image_evidences": [
      {
        "title": "Studs Terkel's study of race in the US: 20 years on | Studs Terkel | The Guardian",
        "content": "",
        "caption": "Brave New World?  Barack Obama signs his first act as president in the US Capitol building on 20 January 2009. Photograph: Molly Riley/AP/PA Photos",
        "domain": "www.theguardian.com"
      }
    ],
    "result": {
      "confidence_score": 10,
      "explanation": "The news caption describes Barack Obama signing his first act as president in the US Capitol building on January 20, 2009. The image evidence shows Barack Obama signing his first act as president in the US Capitol building on January 20, 2009, as stated in the image caption provided by The Guardian, a reputable news source. The visual entities detected, such as Barack Obama, United States, and President of the United States, are also consistent with the event described in the news. Therefore, the image provides reasonable visual support for the news caption.",
      "verdict": true
    }
  },
  "external_check": {
    "text_evidences": [
      {
        "title": "Studs Terkel's study of race in the US: 20 years on | Studs Terkel | The Guardian",
        "content": "Studs Terkel's study of race in the US: 20 years on | Studs Terkel ...",
        "caption": "Brave New World?  Barack Obama signs his first act as president in the US Capitol building on 20 January 2009. Photograph: Molly Riley/AP/PA Photos",
        "domain": "www.theguardian.com"
      },
      {
        "title": "Transcript: Barack Obama's Inaugural Address : NPR",
        "content": "Transcript: Barack Obama's Inaugural Address : NPR",
        "caption": "",
        "domain": "www.npr.org"
      }
    ],
    "result": {
      "verdict": true,
      "alignment_score": 85,
      "confidence_score": 8,
      "explanation": "The news image of Barack Obama signing an act aligns closely with the expected visual elements described in the news caption. Both the news image and the reference images place Obama in a formal setting—specifically the US Capitol on January 20, 2009, and portray him engaged in an official capacity. The primary visual elements such as his attire (suit, red tie), the positioning of individuals around him, and the furniture and backdrop match consistently across images. Temporal indicators, like the lighting, support that the signing occurred indoors, consistent with a ceremonial moment. While there are reference images showing different moments from that day (e.g., the swearing-in ceremony), the context of Obama signing his first act remains well captured in the news image. The specific act of signing is depicted accurately without any apparent signs of digital manipulation, reinforcing the authenticity of the event being represented in the news image. Although there are subtle differences in angles and facial expressions between the news and reference images, these do not detract from the representation of the event overall.",
      "key_observations": "- News image shows Obama in a suit and red tie, consistent with known attire from his inauguration events. \n- The signing act occurs in a formal setting, aligning with the US Capitol backdrop as expected. \n- Temporal indicators support indoor lighting, confirming the authenticity of the signing moment. \n- No signs of digital manipulation were detected in the news image that alter the context of the event."
    }
  },
  "final_result": {
    "OOC": false,
    "confidence_score": 9,
    "explanation": "Both the internal and external checks confirm that the news caption accurately represents the image. The internal check has a confidence score of 10 and the external check has a confidence score of 8, both indicating a high level of agreement between the caption and the image. The alignment score from the external check is 85, further supporting the accuracy of the caption. The internal check explanation explicitly states that the image provides reasonable visual support for the news caption, showing Barack Obama signing his first act as president in the US Capitol building on January 20, 2009. The external check corroborates this by stating that the news image aligns closely with the expected visual elements described in the news caption, with Obama in a formal setting in the US Capitol on January 20, 2009, engaged in an official capacity. Given the consistency and high confidence across both checks, there is no evidence to suggest that the caption is out of context.",
    "validation_summary": "Both internal and external validations confirm the caption accurately represents the image of Barack Obama signing his first act as president. High confidence and alignment scores support this conclusion."
  },
  "inference_time": 11.414527177810669
}