{
  "caption": "Rafael Nadal serves during his straight sets defeat to Steve Darcis",
  "ground_truth": true,
  "internal_check": {
    "visual_entities": [
      "Tennis",
      "Championship",
      "Team sport",
      "Competition",
      "Tournament",
      "Tennis player",
      "Racket",
      "Team",
      "team sport"
    ],
    "image_evidences": [],
    "result": {
      "confidence_score": 9,
      "explanation": "The detected visual entities, such as 'Tennis', 'Championship', 'Team sport', 'Competition', 'Tournament', 'Tennis player', and 'Racket', strongly align with the news caption 'Rafael Nadal serves during his straight sets defeat to Steve Darcis'. The caption describes a tennis match involving Rafael Nadal, and the visual entities confirm the presence of elements associated with a tennis match. No contradictions are apparent. The confidence is high because the entities are directly related to the caption.",
      "verdict": true
    }
  },
  "external_check": {
    "text_evidences": [
      {
        "title": "Wimbledon 2013: Even the family of Steve Darcis, the man who stunned Rafael Nadal, are shocked by the result | The Independent | The Independent",
        "content": "Wimbledon 2013: Even the family of Steve Darcis, the man who ...",
        "caption": "Steve Darcis celebrates beating Rafael Nadal",
        "domain": "www.independent.co.uk"
      },
      {
        "title": "Nadal out of Wimbledon, and health again an issue",
        "content": "Nadal out of Wimbledon, and health again an issue",
        "caption": "Rafael Nadal of Spain loses for in the first round of a major for the first time, falling in straight sets to Steve Darcis of Belgium.",
        "domain": "www.usatoday.com"
      }
    ],
    "result": {
      "verdict": false,
      "alignment_score": 40,
      "confidence_score": 6,
      "explanation": "The news image depicts Rafael Nadal in a blue shirt executing a serve, which corresponds to the event mentioned in the caption about his match against Steve Darcis, suggesting a moment during the gameplay. However, reference images show significant differences in attire and possibly the context of the match. The second reference image depicts Steve Darcis celebrating his victory, which is not present in the news image. The third reference image shows Nadal in a white outfit but appears more dejected, suggesting a different moment in another match. The visual context and attire mismatch potentially mislead about the specific event context despite depicting recognizable players. All reference images seem to be taken on grass courts, while the news image appears to be on clay, adding to the discrepancies. While the news image captures an action moment, the surrounding implications may not accurately represent the narrative of defeat. Therefore, the differences suggest it is potentially misleading despite core elements aligning with the caption description. Overall, there are notable visual inconsistencies regarding attire and contextual moment, signaling a disconnect from the intended event description.",
      "key_observations": [
        "Nadal depicted in blue attire during a serve, referencing the correct match context.",
        "Darcis is shown in celebration in a different attire (white shorts), indicating a post-match scenario.",
        "Reference images indicate a grass court environment, while the news image seems to be a clay court.",
        "Nadal's demeanor in reference images (particularly the last one) suggests defeat, contrasting with the action moment of serving in the news image.",
        "The overall context and attire discrepancies raise concerns about the alignment with the specific match event detailed in the caption."
      ]
    }
  },
  "final_result": {
    "OOC": true,
    "confidence_score": 7,
    "explanation": "The internal check suggests the caption is accurate with a high confidence score (9), based on the presence of tennis-related elements in the image. However, the external check indicates discrepancies in attire and court type (clay vs. grass), lowering the alignment score to 40 and the confidence score to 6. Given these discrepancies, especially the mismatch in court surface and the context of Nadal's attire not fully aligning with a moment of defeat, the external check raises concerns. While the internal check confirms the presence of tennis-related elements, the external context provided lowers the overall confidence. Therefore, the caption is deemed potentially out of context due to the external inconsistencies.",
    "validation_summary": "Internal check confirms tennis elements; external check identifies attire and court type discrepancies, leading to a conclusion that the caption might be misleading."
  },
  "inference_time": 11.197059154510498
}