{
  "caption": "Andy Murray of Britain celebrates his win over Go Soeda of Japan in Melbourne",
  "ground_truth": false,
  "internal_check": {
    "visual_entities": [
      "Tennis",
      "Racket",
      "Athlete",
      "Australian Open",
      "Tennis Racket Accessory",
      "Championship",
      "Tennis Racket",
      "Player",
      "Victory",
      "Lleyton Hewitt",
      "tennis player"
    ],
    "image_evidences": [],
    "result": {
      "confidence_score": 9,
      "explanation": "The news caption states 'Andy Murray of Britain celebrates his win over Go Soeda of Japan in Melbourne'. The detected visual entities include 'Tennis', 'Athlete', 'Australian Open', 'Player', and 'Victory'. These entities generally align with the caption, suggesting a tennis match at the Australian Open where a player (presumably Andy Murray) has achieved victory. The presence of 'Tennis Racket' and 'Tennis Racket Accessory' further supports the context of a tennis match. Therefore, the caption accurately represents the visual content based on the detected visual entities.",
      "verdict": true
    }
  },
  "external_check": {
    "text_evidences": [
      {
        "title": "Australian Open: Andy Murray scorches through in straight sets | Andy Murray | The Guardian",
        "content": "Australian Open: Andy Murray scorches through in straight sets ...",
        "caption": "Andy Murray of Britain celebrates his win over Go Soeda of Japan in Melbourne. Photograph: Rick Rycroft/AP",
        "domain": "www.theguardian.com"
      },
      {
        "title": "Australian Open 2014: Andy Murray to face Japan's Go Soeda as he is drawn in same half as Rafael Nadal, Roger Federer and Novak Djokovic | The Independent | The Independent",
        "content": "Australian Open 2014: Andy Murray to face Japan's Go Soeda as he ...",
        "caption": "Andy Murray will face Go Saeda of Japan in the first round of the Australian Open.",
        "domain": "www.independent.co.uk"
      }
    ],
    "result": {
      "verdict": false,
      "alignment_score": 70,
      "confidence_score": 8,
      "explanation": "The news image of Andy Murray celebrating his win is visually consistent with the captured moment described in the caption. Key elements like posture and facial expression reflect joy and triumph, aligning with the celebration context. However, the appearance of the two reference images shows subtle differences in clothing details and moments. The news image features Murray wearing a white shirt with light blue accents, while one reference image showcases him in a blue shirt. The difference in shirt color may imply a different match or moment rather than an outright misrepresentation. Lighting in the news image is bright with what seems to be an even distribution, whereas the lighting in the reference images appears to vary, suggesting differing times or settings. Importantly, the visible crowd and the action ambiance match across all images, suggesting alignment in event context despite differences in attire. The potential for digital manipulation does not appear evident as the celebratory pose and proximity to the audience looks natural. Therefore, while there are some discrepancies in clothing and surrounding details, the core context remains intact, thus it is not misleading.",
      "key_observations": "- The main subject, Andy Murray, is celebrating with raised arms in both images, indicating a significant match moment.\n- Clothing discrepancies: Murray wears a white shirt in the news image and blue in one reference image, suggesting different match moments.\n- Consistency in lighting across the news and reference images helps maintain contextual integrity.\n- No signs of digital manipulation detected in the news image, as it appears natural and authentic."
    }
  },
  "final_result": {
    "OOC": false,
    "confidence_score": 9,
    "explanation": "The internal check, with a confidence score of 9, confirms that the caption accurately reflects the image content, supported by the detected visual entities aligning with the caption's description of a tennis match and Andy Murray's victory. The external check, with a confidence score of 8 and an alignment score of 70, also suggests the caption is not misleading, highlighting that despite minor discrepancies like clothing details, the core context of Murray celebrating remains consistent. Since both checks indicate that the caption appropriately represents the image, it is determined that the caption is not out of context. The high confidence in both the internal and external checks reinforces this determination.",
    "validation_summary": "Both internal and external checks suggest the caption is not out of context. Discrepancies are minor and don't affect the core context."
  },
  "inference_time": 13.073195457458496
}