{
  "caption": "Ukrainian police stand in front of the fire ring around of the Independence Square",
  "ground_truth": false,
  "internal_check": {
    "visual_entities": [
      "Kyiv",
      "Russia",
      "2014 anti-war protests in Russia",
      "2014 Crimean crisis",
      "Riot police",
      "Demonstration",
      "Politics",
      "Ukraine",
      "ukraine russia riots"
    ],
    "image_evidences": [
      {
        "title": "The Year in Pictures: 2014",
        "content": "",
        "caption": "Image: Anti government protest in Ukraine",
        "domain": "www.nbcnews.com"
      },
      {
        "title": "The Week in Pictures: Feb. 13 - 20",
        "content": "",
        "caption": "Image: Anti government protest in Ukraine",
        "domain": "www.nbcnews.com"
      }
    ],
    "result": {
      "confidence_score": 7,
      "explanation": "The news caption describes Ukrainian police in front of a fire ring in Independence Square. The news content discusses the political turmoil in Kiev, Ukraine, including protests and violence in 2014. The image evidences show anti-government protests in Ukraine during the same period. \n\nThe available image evidences are relevant to the news story, showing protests in Ukraine. However, they do not specifically depict the Ukrainian police in front of a fire ring in Independence Square, as stated in the news caption. While the images are consistent with the overall context of the news (protests in Ukraine), they lack the specific details mentioned in the caption. Therefore, it is not possible to fully verify the accuracy of the news caption based solely on the provided image evidences.",
      "verdict": false
    }
  },
  "external_check": {
    "text_evidences": [
      {
        "title": "Ukraine police storm Kiev protest camp  as it happened | Ukraine | The Guardian",
        "content": "Ukraine police storm Kiev protest camp  as it happened | Ukraine ...",
        "caption": "Ukrainian riot police stand in front of the fire ring around of the Independence Square. Photograph: SERGEY DOLZHENKO/EPA",
        "domain": "www.theguardian.com"
      },
      {
        "title": "Ukraine police storm Kiev protest camp  as it happened | Ukraine | The Guardian",
        "content": "Ukraine police storm Kiev protest camp  as it happened | Ukraine ...",
        "caption": "Protesters gather in Independence Square in Kiev. Photograph: EPA/Igor Kovalenko",
        "domain": "www.theguardian.com"
      }
    ],
    "result": {
      "verdict": true,
      "alignment_score": 85,
      "confidence_score": 8,
      "explanation": "The news image features a scene of chaos and fire, with visible police presence and destruction, which aligns with the context of the Ukrainian police standing in the Independence Square during unrest. Comparing this against the reference images, there are notable similarities in terms of visual elements such as the fire ring and the positioning of elements in the frame. The lighting in all images suggests nighttime or low-light conditions, consistent with events unfolding after sunset. However, the overall environmental composition remains aligned, reflecting the turmoil suggested by the news caption. \n\nOne reference image shows a clearer view of Independence Square with distinct historical architecture, which is somewhat obscured in the news image. This slight difference in perspective does not detract from the overall context. Both the news image and the references depict a similar scenario of police presence and the chaos of protest, reinforcing the implied narrative of unrest and response from law enforcement. There are no apparent signs of digital manipulation, and all elements faithfully represent the ongoing events.",
      "key_observations": [
        "Both the news image and reference images depict scenes of turmoil with visible fire.",
        "The lighting conditions in all images suggest that they were captured during low-light situations, consistent with nighttime protests.",
        "The placement of police and protester elements is similar in layout across the images, maintaining spatial consistency.",
        "While the historical elements of Independence Square are less pronounced in the news image, the core context of unrest perfectly aligns with the caption."
      ]
    }
  },
  "final_result": {
    "OOC": true,
    "confidence_score": 8,
    "explanation": "The internal check has a confidence score of 7 and the external check has a confidence score of 8. The internal check suggests the caption is potentially inaccurate as it can't verify the presence of 'Ukrainian police in front of a fire ring in Independence Square' from the news content. The external check, however, has a higher confidence score and indicates a high alignment (85) between the image and reference images, noting visual similarities such as the fire ring, police presence, and chaotic environment, supporting the caption's general context of unrest. Despite the higher alignment score from the external check, the specific detail about Ukrainian police is not definitively verified. Because the internal check could not confirm the caption details with a confidence score of 7 and the external check, while having a higher confidence score, doesn't explicitly confirm the presence of 'Ukrainian police', I am marking this OOC as True. The image likely depicts the general setting but the specific details are not verified from the news document.",
    "validation_summary": "The internal check could not verify the specific details in the caption, while the external check, though having a higher confidence score, doesn't explicitly confirm details about 'Ukrainian police', leading to an overall assessment that the caption is out of context."
  },
  "inference_time": 9.750711441040039
}