{
  "caption": "Mike Tyson and his wife Lakiha",
  "ground_truth": false,
  "internal_check": {
    "visual_entities": [
      "Red carpet",
      "Carpet",
      "Fashion",
      "Dos Gardenias Stein Square Neck Bralette Bikini Top",
      "Gentleman",
      "Celebrity",
      "Tuxedo M.",
      "Red",
      "Personality",
      "shoulder"
    ],
    "image_evidences": [],
    "result": {
      "confidence_score": 7,
      "explanation": "The news caption mentions \"Mike Tyson and his wife Lakiha\". While the news article mentions Mike Tyson, the detected visual entities do not explicitly confirm the presence of both Mike Tyson and his wife. However, the presence of entities like \"Gentleman\" and \"Celebrity\" and \"Tuxedo\" suggest a formal event, aligning with the context of an awards ceremony as described in the article. The \"Red carpet\" entity further supports this context. Therefore, without a direct match for both individuals mentioned in the caption, I can only give a partial match. Therefore I am assessing the validity as partially true.",
      "verdict": true
    }
  },
  "external_check": {
    "text_evidences": [],
    "result": null
  },
  "final_result": {
    "OOC": false,
    "confidence_score": 7,
    "explanation": "The internal check indicates that the news caption 'Mike Tyson and his wife Lakiha' is partially true based on the news article mentioning Mike Tyson and the presence of entities suggesting a formal event related to the awards ceremony. However, it does not explicitly confirm the presence of both Mike Tyson and his wife Lakiha in the image. As there is no external check provided, the assessment is solely based on the internal check. The internal check's verdict is True with a confidence score of 7.",
    "validation_summary": "Internal check suggests the caption is partially accurate, as the article mentions Mike Tyson, aligning with the awards ceremony context, but it does not confirm the presence of both Mike Tyson and his wife Lakiha in the image. No external check data is available."
  },
  "inference_time": 4.417644262313843
}