{
  "caption": "David Cameron watches Nick Clegg address the crowd in Basildon Essex where they backed the regional growth fund",
  "ground_truth": false,
  "internal_check": {
    "visual_entities": [
      "David Cameron",
      "Nick Clegg",
      "Cameron-Clegg coalition",
      "Liberal Democrats",
      "Liberal Democrats",
      "Businessperson",
      "President of the United States",
      "Prime minister",
      "Coalition",
      "Reuters",
      "Professional",
      "suit"
    ],
    "image_evidences": [
      {
        "title": "Cameron and Clegg show united front, but it's a long way from the rose garden | Liberal-Conservative coalition | The Guardian",
        "content": "",
        "caption": "David Cameron shows his attentiveness by holding his chin as Nick Clegg talks in Basildon, Essex. Photograph: Getty Images",
        "domain": "www.theguardian.com"
      },
      {
        "title": "Peter Collett | The Guardian",
        "content": "",
        "caption": "Nick Clegg and David Cameron in Essex",
        "domain": "www.theguardian.com"
      }
    ],
    "result": {
      "confidence_score": 9,
      "explanation": "The news caption mentions David Cameron and Nick Clegg in Basildon, Essex, supporting the regional growth fund. Evidence 1, from www.theguardian.com, shows David Cameron and Nick Clegg in Basildon, Essex, with the caption confirming that David Cameron is watching Nick Clegg. Evidence 2, also from www.theguardian.com, confirms Nick Clegg and David Cameron in Essex. Both images are from a credible news source. The visual entities (David Cameron, Nick Clegg) are detected correctly. The images provide visual support for the news caption, showing the two politicians together in the specified location. The news content discusses the Regional Growth Fund, but the images only support the presence of the politicians. The images align with the news caption's assertion of Cameron and Clegg being present in Basildon, Essex.",
      "verdict": true
    }
  },
  "external_check": {
    "text_evidences": [
      {
        "title": "1.4bn regional growth fund not value for money, says finance watchdog | Economic policy | The Guardian",
        "content": "1.4bn regional growth fund not value for money, says finance ...",
        "caption": "David Cameron watches Nick Clegg address the crowd in Basildon, Essex, where they backed the regional growth fund. Photograph: Getty Images",
        "domain": "www.theguardian.com"
      },
      {
        "title": "1.4bn regional growth fund not value for money, says finance watchdog | Economic policy | The Guardian",
        "content": "1.4bn regional growth fund not value for money, says finance ...",
        "caption": "David Cameron watches Nick Clegg address the crowd in Basildon, Essex, where they backed the regional growth fund. Photograph: Getty Images",
        "domain": "www.theguardian.com"
      }
    ],
    "result": {
      "verdict": true,
      "alignment_score": 92,
      "confidence_score": 8,
      "explanation": "The news image depicts Nick Clegg and David Cameron at a public event, consistent with the provided caption regarding their support for a regional growth fund in Basildon, Essex. Both subjects are engaged in a conversation where Nick Clegg, dressed in a black suit with a yellow tie, is using hand gestures to emphasize points while David Cameron listens attentively. This interaction aligns with the context implied by the caption. \n\nIn comparing the news image with the reference images, several key visual elements match: both men are in similar attire and postures, they are positioned closely together, and the background reveals a crowd indicative of an audience at a public gathering. The surrounding environment appears to be a hall or warehouse setting, consistent with such public events.\n\nTemporal indicators also align with the dates noted in the reference images, which are from 2012, aligning with when the event likely took place. Lighting and camera angles appear consistent across images. \n\nRegarding possible digital manipulation, the images show no evident signs of alteration. The photograph quality is standard for that era, and there are no artifacts that suggest tampering. Overall, despite differences in visual style due to different publications, the core context regarding the presentation and interaction between Clegg and Cameron remains intact.",
      "key_observations": [
        "Nick Clegg and David Cameron present, consistent with the caption.",
        "Both in formal attire—black suit with yellow tie for Clegg, white shirt for Cameron.",
        "Engagement style (hand gestures from Clegg, attentive posture from Cameron) reflects a public speaking dynamic.",
        "Background shows a crowd typical for a public event, consistent across all images.",
        "Lighting and environment appear consistent with the event context, reflecting an evening or indoor setting."
      ]
    }
  },
  "final_result": {
    "OOC": false,
    "confidence_score": 9,
    "explanation": "The internal check, with a confidence score of 9, confirms that the caption aligns with the image content, showing David Cameron and Nick Clegg in Basildon, Essex, supporting the regional growth fund. The external check, with a confidence score of 8 and an alignment score of 92, corroborates this, indicating that the image matches reference images of the event and accurately depicts the described scenario. Both checks confirm that the image accurately represents the caption's description of Cameron and Clegg's presence and activities in Basildon, Essex. Given the high confidence and alignment scores, the caption is not out of context.",
    "validation_summary": "Both internal and external checks confirm the caption accurately represents the image, depicting Cameron and Clegg in Basildon, Essex. High confidence and alignment scores indicate the caption is not out of context."
  },
  "inference_time": 11.52852201461792
}