{
  "caption": "A driver walks in front of the FFZero1 by Faraday Future at CES Unveiled",
  "ground_truth": true,
  "internal_check": {
    "visual_entities": [
      "Car",
      "Mid-size car",
      "Auto show",
      "Compact car",
      "Executive car",
      "Grille",
      "Family car",
      "Concept car",
      "Mercedes-Benz GLE",
      "Personal luxury car",
      "Headlamp",
      "Automotive design",
      "Performance car",
      "auto show"
    ],
    "image_evidences": [],
    "result": {
      "confidence_score": 8,
      "explanation": "The news caption describes a scene at CES Unveiled featuring the FFZero1 by Faraday Future, implying the presence of a 'Car', which is confirmed by the detected visual entities including 'Car', 'Concept car' and 'Auto show'. Other visual entities like 'Mid-size car', 'Compact car', 'Executive car', 'Family car' and 'Mercedes-Benz GLE' are not directly related but do not contradict the caption. The caption is concise and aligns with the key visual element, a car by Faraday Future. The presence of a 'driver' in the caption cannot be directly verified from the visual entities, but it is plausible in the context of a car at an auto show, hence it doesn't lead to a contradiction.",
      "verdict": true
    }
  },
  "external_check": {
    "text_evidences": [
      {
        "title": "First Faraday cars rolling out in 2018? Not so fast, warns electric car start-up - Los Angeles Times",
        "content": "First Faraday cars rolling out in 2018? Not so fast, warns ...",
        "caption": "A driver walks in front of the FFZero1 electric concept car by Faraday Future at CES Unveiled, a media preview event for CES International Jan. 4 in Las Vegas.",
        "domain": "www.latimes.com"
      }
    ],
    "result": {
      "verdict": false,
      "alignment_score": 20,
      "confidence_score": 8,
      "explanation": "The news image of a driver allegedly walking in front of the FFZero1 by Faraday Future does not align with the context provided in the news caption. The two images show distinct vehicles and settings, indicating a lack of visual consistency. The news image depicts a different car (an Infiniti M37) being unveiled, with two models unveiling it, while the reference image directly features the futuristic FFZero1 with a model interacting with it. \n\nThe lighting and composition in both images differ significantly. The news image has a more subdued light with a black car under relatively bright lights, while the reference image has a modern design theme with blue and white overhead lighting highlighting the FFZero1. \n\nThere are also spatial differences; the positioning of the people in the reference image directly relates to the car they're showcasing, which is not the case in the news image where the focus is on a different vehicle. Overall, despite some surface-level visual elements that could make them seem somewhat related (automobile exhibitions), the core context is misaligned. \n\nConsequently, this news image could potentially mislead viewers about the actual event referenced in the caption, thus flagging it as misleading.",
      "key_observations": [
        "The news image shows an Infiniti M37, while the reference image features the FFZero1 by Faraday Future.",
        "Different subjects (vehicles) highlighted in each image with no overlap in representation.",
        "In the reference image, the model is equipped in a futuristic outfit, emphasizing the advanced design of the FFZero1, contrasting with the news image where models unveil a conventional vehicle.",
        "Lighting and color schemes differ significantly, indicating different settings or events."
      ]
    }
  },
  "final_result": {
    "OOC": true,
    "confidence_score": 8,
    "explanation": "The internal check suggests the caption aligns with the image content, but the external check indicates a mismatch between the image and the reference image associated with the news caption. Specifically, the external check reveals that the news image depicts an Infiniti M37, while the caption refers to the FFZero1 by Faraday Future. The confidence scores are equal (8) for both internal and external validations. Because the external check clearly identifies a mismatch in the car model, it outweighs the internal check's more generic assessment. Therefore, the caption is deemed out of context.",
    "validation_summary": "Conflicting results: Internal check approves, but external check strongly disapproves due to a mismatch between the car in the image (Infiniti M37) and the car mentioned in the caption (FFZero1)."
  },
  "inference_time": 11.519067525863647
}