{
  "caption": "Oscars 2011 Colin Firth accepts the Oscar for for The King s Speech won of four key gongs Tom Hooper s drama went home with",
  "ground_truth": false,
  "internal_check": {
    "visual_entities": [
      "The King's Speech",
      "83rd Academy Awards",
      "Tom Hooper",
      "Actor",
      "Academy Award for Best Directing",
      "Academy Award for Best Picture",
      "Academy Award for Best Actor in a Leading Role",
      "Academy Award for Writing (Original Screenplay)",
      "12A (UK)",
      "Academy Awards",
      "Colin Firth",
      "David Seidler",
      "The Fighter",
      "Christian Bale",
      "businessperson"
    ],
    "image_evidences": [
      {
        "title": "Oscars 2011: The King's Speech reigns triumphant | The King's Speech | The Guardian",
        "content": "",
        "caption": "Oscars 2011: Colin Firth accepts the Oscar for for The King's Speech, won of four key gongs Tom Hooper's drama went home with. Photograph: Gary Hershorn/Reuters",
        "domain": "www.theguardian.com"
      },
      {
        "title": "The Fighter | The Guardian",
        "content": "",
        "caption": "Colin Firth accepts the Oscar for best actor for The King's Speech",
        "domain": "www.theguardian.com"
      },
      {
        "title": "The King's Speech | The Guardian",
        "content": "",
        "caption": "Colin Firth accepts the Oscar for best actor for The King's Speech",
        "domain": "www.theguardian.com"
      }
    ],
    "result": {
      "confidence_score": 10,
      "explanation": "The news caption and content describe Colin Firth winning the Oscar for 'The King's Speech' at the 2011 Oscars. The image evidences show Colin Firth accepting the Oscar for 'The King's Speech'. The domain 'www.theguardian.com' is a credible news source. All evidences align with the caption and news content, supporting the claim.",
      "verdict": true
    }
  },
  "external_check": {
    "text_evidences": [
      {
        "title": "Oscars 2011: The King's Speech reigns triumphant | The King's Speech | The Guardian",
        "content": "Oscars 2011: The King's Speech reigns triumphant | The King's ...",
        "caption": "Oscars 2011: Colin Firth accepts the Oscar for for The King's Speech, won of four key gongs Tom Hooper's drama went home with. Photograph: Gary Hershorn/Reuters",
        "domain": "www.theguardian.com"
      },
      {
        "title": "Oscars 2011: live coverage of the 83rd Academy Awards | Film | theguardian.com",
        "content": "Oscars 2011: live coverage of the 83rd Academy Awards | Film ...",
        "caption": "Colin Firth accepts the best actor Oscar for The King's Speech",
        "domain": "www.theguardian.com"
      },
      {
        "title": "Oscars 2011: The King's Speech reigns triumphant | The King's Speech | The Guardian",
        "content": "Colin-Firth-accepts-the-O-007. ...",
        "caption": "Oscars 2011: Colin Firth accepts the Oscar for for The King's Speech, won of four key gongs Tom Hooper's drama went home with. Photograph: Gary Hershorn/Reuters",
        "domain": "www.theguardian.com"
      },
      {
        "title": "Oscars 2011: The King's Speech reigns triumphant | The King's Speech | The Guardian",
        "content": "Colin-Firth-accepts-the-O-007. ...",
        "caption": "Oscars 2011: Colin Firth accepts the Oscar for for The King's Speech, won of four key gongs Tom Hooper's drama went home with. Photograph: Gary Hershorn/Reuters",
        "domain": "www.theguardian.com"
      }
    ],
    "result": {
      "verdict": true,
      "alignment_score": 95,
      "confidence_score": 9,
      "explanation": "The news image depicts Colin Firth at the 2011 Academy Awards, consistent with the event referenced in the news caption. Both the news image and the retrieved reference images show Firth wearing a tuxedo and displaying a similar facial expression, indicating a moment of recognition or acceptance during the ceremony. The overall ambiance of the event, marked by warm lighting and an audience in the background, aligns visually across all images.\n\nThe key elements of lighting, decor, and attire are consistent, reinforcing the event's authenticity. However, there are minor variations in the framing and background details, with some reference images showing additional subjects (like presenters or awards) that are absent in the news image. While these variations exist, they do not detract from the overarching context of Firth's achievement at the Oscars, which is clearly represented. Thus, the representation remains both relevant and accurate despite minor differences in the exact framing.\n\nThe analysis indicates no signs of digital manipulation or artifacts that would suggest an intentional alteration of the news image, further supporting its validity. Overall, the alignment score of 95 reflects strong visual and contextual consistency with the news image as it aptly conveys the event memorialized in the caption.",
      "key_observations": [
        "Colin Firth is prominently featured in both the news and reference images, indicating he is the subject in question.",
        "Firth's attire (black tuxedo) and general demeanor are consistent across images, reinforcing the authenticity of this moment at the awards.",
        "Lighting and setting in the news image match the expected atmosphere of the Oscars, with a warm glow and elegant backdrop observed in reference images.",
        "Minor differences in composition and additional characters present in some reference images do not detract from the main narrative of Firth's Oscar win.",
        "No visible signs of digital manipulation detected."
      ]
    }
  },
  "final_result": {
    "OOC": false,
    "confidence_score": 9,
    "explanation": "Both the internal and external checks indicate that the news caption accurately represents the image. The internal check, with a confidence score of 10, confirms that the caption aligns with the news content regarding Colin Firth's Oscar win for 'The King's Speech' at the 2011 Oscars. The external check, with a confidence score of 9 and an alignment score of 95, corroborates this by showing that the image depicts Colin Firth at the 2011 Academy Awards in a manner consistent with reference images of the event. Since both checks agree and have high confidence scores, it can be concluded that the caption is not out of context. No significant discrepancies or signs of manipulation were detected.",
    "validation_summary": "Both internal and external checks confirm the accuracy of the news caption, depicting Colin Firth's Oscar win at the 2011 Academy Awards. High alignment and confidence scores support the conclusion that the caption is not out of context."
  },
  "inference_time": 12.629661560058594
}