{
  "caption": "Singer Casi was on hand as the Horizon artists were announced in Wrexham",
  "ground_truth": true,
  "internal_check": {
    "visual_entities": [
      "Pop music",
      "58th Annual Grammy Awards",
      "Grammy Award for Best Pop Solo Performance",
      "Musician",
      "Award",
      "Concert",
      "Grammy Awards",
      "Adele",
      "Rihanna",
      "Lady Gaga",
      "Taylor Swift",
      "microphone"
    ],
    "image_evidences": [
      {
        "title": "Adele review: Pop's biggest star opens world tour in Belfast - BBC News",
        "content": "",
        "caption": "Adele last performed in the UK in September 2011, at Glasgow's O2 Academy",
        "domain": "www.bbc.com"
      }
    ],
    "result": {
      "confidence_score": 2,
      "explanation": "The news caption mentions Singer Casi being at the Horizon artists announcement in Wrexham. The news content elaborates on the Horizon project and the artists involved. The visual entities detected include generic musical terms like 'Pop music', 'Musician', and 'Concert', as well as specific award-related terms and names of famous singers who are not mentioned in the article. The image evidence shows Adele performing at a concert. There's no direct link or visual evidence to confirm Casi's presence or the Horizon artists announcement in Wrexham. The image is about Adele, not about the Horizon project. The visual entities detected are unrelated to the news, and the image evidence does not support the news caption. Therefore, the caption does not reasonably align with the visual entities and image evidences.",
      "verdict": false
    }
  },
  "external_check": {
    "text_evidences": [
      {
        "title": "Horizon: Welsh emerging artists chosen for project - BBC News",
        "content": "Horizon: Welsh emerging artists chosen for project - BBC News",
        "caption": "Cardiff-based indie band Houdini Dax were the first group announced to be part of the project",
        "domain": "www.bbc.com"
      }
    ],
    "result": {
      "verdict": false,
      "alignment_score": 35,
      "confidence_score": 6,
      "explanation": "The news image features a singer appearing to perform, while the accompanying reference images depict groups of artists, seemingly not aligned with the caption's essence. The visual elements such as background and subjects are altogether different. While the news caption indicates that 'Singer Casi' was present at the announcement of 'Horizon artists' in Wrexham, the reference images focus more on groups of artists without any indication of performance context. The lighting in the news image is significantly different from what is commonly seen in an announcement event, suggesting a stark contrast in visual context. Therefore, while the news image shows a performer, it does not capture the essence of the setting described in the news caption, making it misleading. Additionally, the lack of identifiable elements tying back to Horizon artists further discredits its relevance. This divergence from expected context leads to a low alignment score and the indication that the image may not appropriately represent the context mentioned in the caption.",
      "key_observations": [
        "News image shows a solo performer; reference images display groups of artists.",
        "Lighting conditions differ greatly between the news image and reference images, indicating different contexts.",
        "The news caption implies a group event ('Horizon artists') while the news image focuses on an individual, suggesting a lack of visual congruence.",
        "No identifiable elements relating to 'Horizon artists' in the news image, contributing to a loss of contextual relevance."
      ]
    }
  },
  "final_result": {
    "OOC": true,
    "confidence_score": 8,
    "explanation": "The internal check yielded a 'False' verdict with a confidence score of 2, stating that the image (Adele performing) doesn't align with the caption about Singer Casi and the Horizon artists announcement. The external check also resulted in a 'False' verdict but with a higher confidence score of 6 and an alignment score of 35, noting the discrepancy between a solo performer in the image and the implied group event in the caption, further highlighting the differing visual contexts and lack of elements tying back to the Horizon artists. Given the consensus between both checks, particularly the higher confidence and alignment scores from the external check emphasizing the image's misrepresentation, the caption is considered out of context. The low confidence from the internal check is outweighed by the external check's stronger indicators of misalignment.",
    "validation_summary": "Both internal and external checks indicate that the news caption is out of context with the image. The external check, with higher confidence, highlighted the visual discrepancy between the solo performer in the image and the group event described in the caption."
  },
  "inference_time": 9.884930849075317
}