{
  "caption": "This full moon seen from the village of Gutkow central Poland is said by astronomers to be the closest and largest full moon of 2014",
  "ground_truth": false,
  "internal_check": {
    "visual_entities": [
      "Supermoon",
      "Lunar eclipse",
      "Earth",
      "Moon",
      "Full moon",
      "Lunar phase",
      "New Moon",
      "Moon",
      "Phases of the Moon Calendar & Wallpaper Free",
      "perigee",
      "Night sky",
      "Near side of the Moon",
      "Eclipse",
      "Stock photography",
      "full moon"
    ],
    "image_evidences": [],
    "result": {
      "confidence_score": 9,
      "explanation": "The news caption states that the image shows a full moon seen from the village of Gutkow, Poland, described by astronomers as the closest and largest full moon of 2014. The detected visual entities include 'Full moon', 'Moon', and 'Lunar phase', aligning with the caption's primary subject. The caption doesn't mention specific visual details about the village or surrounding landscape, which would be necessary for complete verification, but the presence of moon-related entities supports the caption's claim about the subject of the image. The supermoon aspect is an interpretation, but the presence of 'Supermoon' in the visual entities further validates the caption. Overall, the identified entities strongly support the accuracy of the caption in describing the image content.",
      "verdict": true
    }
  },
  "external_check": {
    "text_evidences": [
      {
        "title": "Supermoon: Best photos from around the world",
        "content": "Supermoon: Best photos from around the world",
        "caption": "A couple sits on a bluff overlooking the Missouri River as the full moon rises in the distance Monday, Sept. 8, 2014, in Kansas City, Mo. Monday night's full moon, also known as a Harvest Moon, will be the third and final \"supermoon\" of 2014. The phenomenon, which scientists call a \"perigee moon,\" occurs when the moon is near the horizon and appears larger and brighter than other full moons. (AP Photo/Charlie Riedel) ORG XMIT: MOCR102",
        "domain": "www.usatoday.com"
      },
      {
        "title": "Supermoon: Best photos from around the world",
        "content": "Supermoon: Best photos from around the world",
        "caption": "A couple sits on a bluff overlooking the Missouri River as the full moon rises in the distance Monday, Sept. 8, 2014, in Kansas City, Mo. Monday night's full moon, also known as a Harvest Moon, will be the third and final \"supermoon\" of 2014. The phenomenon, which scientists call a \"perigee moon,\" occurs when the moon is near the horizon and appears larger and brighter than other full moons. (AP Photo/Charlie Riedel) ORG XMIT: MOCR102",
        "domain": "www.usatoday.com"
      },
      {
        "title": "Supermoon: Best photos from around the world",
        "content": "Supermoon: Best photos from around the world",
        "caption": "Visitors to The London Eye ferris wheel view the nearly full moon in Whitehall on September 8, 2014 in London, England. A supermoon or harvest moon involves a full moon coinciding with it's closest approach to the Earth on it's elliptical orbit. This is the third sighting of a supermoon this year with it occuring in full tonight.",
        "domain": "www.usatoday.com"
      },
      {
        "title": "Supermoon: Best photos from around the world",
        "content": "Supermoon: Best photos from around the world",
        "caption": "A Union flag flutters in sight of the nearly full moon in London.",
        "domain": "www.usatoday.com"
      },
      {
        "title": "Supermoon: Best photos from around the world",
        "content": "Supermoon: Best photos from around the world",
        "caption": "A supermoon is seen behind the Chrysler Building in New York City, Aug. 10, 2014.",
        "domain": "www.usatoday.com"
      }
    ],
    "result": {
      "verdict": true,
      "alignment_score": 85,
      "confidence_score": 8,
      "explanation": "The news image of the moon aligns well with the reference images, all of which prominently feature the moon against varying backdrops. While the news image directly captures the moon itself, the reference images exhibit different contexts, showcasing the moon in urban settings with silhouettes or objects in the foreground. This shows a thematic consistency as they all focus on the moon as the central element. The color, texture, and detail of the moon in the news image match the characteristic features in the reference images. Although the backgrounds vary from natural landscapes to urban scenes, the primary subject—the moon—remains constant. The time of day also appears to match in general, as all images, including the news image, depict the moon during nighttime. Therefore, the differences in context are considered minor, as they do not detract from the core subject of the moon itself. Given this analysis, it is reasonable to assert that a viewer would recognize the news image as representative of the same event or subject portrayed in the majority of the reference images.",
      "key_observations": "- Primary subject in all images is the moon, with a focus on clarity and detail.\n- News image presents the moon alone, while reference images include silhouettes (couples, flags, buildings) and urban elements against the moon.\n- Visual style and composition vary slightly, but they all highlight the moon as the focal point.\n- The temporal context aligns well, as all images depict nighttime scenes."
    }
  },
  "final_result": {
    "OOC": false,
    "confidence_score": 9,
    "explanation": "Both the internal and external checks indicate that the news caption accurately represents the image. The internal check, with a confidence score of 9, confirms the presence of moon-related entities in the image, supporting the caption's claim. The external check, with a confidence score of 8 and an alignment score of 85, further validates this by showing the image's similarity to reference images of the moon. Since both checks agree and have high confidence scores, there's no indication of the caption being out of context. There are no conflicting results to resolve, and the alignment score confirms the visual consistency between the image and the reference images.",
    "validation_summary": "Both internal and external checks confirm that the caption accurately describes the image content, focusing on the full moon. High confidence and alignment scores support the conclusion that the caption is not out of context."
  },
  "inference_time": 13.01429033279419
}