{
  "caption": "Usain Bolt left and Lashawn Merritt walk the track prior to the men s 200meter final",
  "ground_truth": false,
  "internal_check": {
    "visual_entities": [
      "Athlete",
      "Championship",
      "Athletics",
      "Competition",
      "Team sport",
      "Sprint Corporation",
      "Sprint",
      "Heptathlon",
      "Jumping",
      "Sports venue",
      "Sprint Store",
      "Decathlon Group",
      "athletics"
    ],
    "image_evidences": [],
    "result": {
      "confidence_score": 7,
      "explanation": "The news caption mentions Usain Bolt and Lashawn Merritt walking the track prior to the men's 200-meter final. The detected visual entities include 'Athlete', 'Athletics', 'Competition', 'Team sport', 'Jumping', 'Sports venue', and 'athletics'. While these detected entities are broadly related to the context of a sporting event featuring athletes, there is no specific confirmation that Usain Bolt and Lashawn Merritt are present in the image, nor is there direct evidence confirming it is the men's 200-meter final. Therefore, without specific identification of the athletes mentioned, a complete match cannot be confirmed. However, the entities are generally aligned with a track event, so it's plausible, but not certain.",
      "verdict": false
    }
  },
  "external_check": {
    "text_evidences": [
      {
        "title": "The Latest: Bolt insists Rio Games are his last Olympics  San Diego Union-Tribune",
        "content": "The Latest: Bolt insists Rio Games are his last Olympics  San ...",
        "caption": "Usain Bolt from Jamaica celebrates winning the gold medal in the men's 200-meter final during the athletics competitions of the 2016 Summer Olympics at the Olympic stadium in Rio de Janeiro, Brazil, Thursday, Aug. 18, 2016. (AP Photo/David J. Phillip)",
        "domain": "www.sandiegouniontribune.com"
      },
      {
        "title": "A majority of track and field Olympic athletes are first-timers. Thats entirely normal.  The Denver Post",
        "content": "A majority of track and field Olympic athletes are first-timers ...",
        "caption": "EUGENE, OR - JULY 08: Michael Norman competes in the Men's 200 Meter Semi-Finals during the 2016 U.S. Olympic Track & Field Team Trials at Hayward Field on July 8, 2016 in Eugene, Oregon. (Photo by Patrick Smith/Getty Images)",
        "domain": "www.denverpost.com"
      },
      {
        "title": "Felix injured as Fraser-Pryce wins 200 at worlds  San Diego Union-Tribune",
        "content": "Felix injured as Fraser-Pryce wins 200 at worlds  San Diego Union ...",
        "caption": "Jamaica's Usain Bolt, left, jokes with volunteer Maria Levchina prior...",
        "domain": "www.sandiegouniontribune.com"
      },
      {
        "title": "A majority of track and field Olympic athletes are first-timers. Thats entirely normal.  The Denver Post",
        "content": "A majority of track and field Olympic athletes are first-timers ...",
        "caption": "EUGENE, OR - JULY 08: Michael Norman competes in the Men's 200 Meter Semi-Finals during the 2016 U.S. Olympic Track & Field Team Trials at Hayward Field on July 8, 2016 in Eugene, Oregon. (Photo by Patrick Smith/Getty Images)",
        "domain": "www.denverpost.com"
      }
    ],
    "result": {
      "verdict": false,
      "alignment_score": 45,
      "confidence_score": 6,
      "explanation": "The news image is intended to depict Usain Bolt and Lashawn Merritt walking the track prior to the men's 200-meter final, as stated in the caption. Upon reviewing the references, it becomes clear that while the image includes an athlete (presumably Bolt), it primarily features him from behind, with his arms raised, and another figure in a blue outfit (though not identifiable by detailed analysis). This image does not closely align with images of both Bolt and Merritt walking together on the track. \n\nKey differences arise in the following aspects: The reference images typically show both athletes facing the camera, interacting, or in a more visible and clear presentation, while the news image presents a vague side view. Additionally, the context appears to convey a celebratory or competitive moment rather than a pre-race scene, as implied by the caption. The background environment does not strongly resonate with the settings seen in other reference images which possess clearer elements of a racing event backdrop.\n\nThere are also discrepancies related to lighting and seasonality; the lighting in the news image seems more intense, suggesting possible nighttime conditions rather than daylight typical of track events. \n\nOverall, while the news image features prominent athletes in a track setting, it diverges significantly in details and context from what is expected based on the provided caption of a specific pre-race moment. This leads to the conclusion that it could be misleading in representing a straightforward account of the event described.",
      "key_observations": [
        "The news image shows Usain Bolt and another figure but lacks context clarity about Lashawn Merritt.",
        "Bolt is depicted from behind and raised his arms, indicating a different moment than walking prior to a race.",
        "Reference images typically show Bolt and Merritt together, often in front or interacting, which contrasts with the subdued focus of the news image.",
        "Lighting in the news image appears more intense, lacking the appropriate daylight context of a pre-race setup."
      ]
    }
  },
  "final_result": {
    "OOC": true,
    "confidence_score": 7,
    "explanation": "Both internal and external checks suggest the caption is out of context. The internal check, with a confidence score of 7, indicates that while the detected visual entities align with a track event, there's no confirmation of Usain Bolt and Lashawn Merritt's presence in the image, nor is there evidence confirming it is the men's 200-meter final. The external check, with a confidence score of 6 and an alignment score of 45, further supports this by stating that the image, although including an athlete (possibly Bolt), does not clearly depict both Bolt and Merritt walking together on the track. It also notes discrepancies in the depicted moment (celebratory vs. pre-race) and lighting conditions. Given the low alignment score and corroborating concerns, the caption is likely out of context.",
    "validation_summary": "Both internal and external checks indicate the caption is out of context due to the unclear depiction of the mentioned athletes and inconsistencies in the context."
  },
  "inference_time": 12.899706602096558
}