{
  "caption": "Pau Gasol left of Spain in action against Paul George of the United States during the men s basketball semifinal game",
  "ground_truth": false,
  "internal_check": {
    "visual_entities": [
      "Basketball moves",
      "Tournament",
      "Championship",
      "Team sport",
      "Sports venue",
      "Basketball",
      "Leisure",
      "Basketball player",
      "Play M Entertainment",
      "Team",
      "basketball player"
    ],
    "image_evidences": [],
    "result": {
      "confidence_score": 2,
      "explanation": "The news content discusses the Olympics and a U.S. women's water polo team winning a gold medal. The detected visual entities include 'Basketball moves', 'Tournament', 'Championship', 'Team sport', 'Sports venue', 'Basketball', 'Leisure', 'Basketball player', 'Play M Entertainment', 'Team', 'basketball player'. The news caption mentions basketball players Pau Gasol and Paul George playing in a basketball game. However, there is no direct overlap or support for this from the news content. Therefore, the caption does not accurately represent the visual content based on the detected visual entities.",
      "verdict": false
    }
  },
  "external_check": {
    "text_evidences": [],
    "result": null
  },
  "final_result": {
    "OOC": true,
    "confidence_score": 8,
    "explanation": "The internal check, with a confidence score of 2, indicates that the news caption (Pau Gasol and Paul George in a basketball game) does not align with the news content (U.S. women's water polo team winning a gold medal). The detected visual entities from the news content are related to water polo and the Olympics, not basketball. Since the internal check suggests a mismatch and there is no external check result available to validate or contradict this, the caption is considered out of context. Given the lack of conflicting evidence and the clear mismatch identified by the internal check, a confidence score of 8 is assigned. Although the internal check's initial confidence was low, the absence of external validation strengthens the conclusion that the caption is out of context.",
    "validation_summary": "The internal check indicates the news caption doesn't match the news content, suggesting an out-of-context scenario. No external check is available."
  },
  "inference_time": 4.702223777770996
}