{
  "caption": "Donnie Yen in Kung Fu Killer",
  "ground_truth": false,
  "internal_check": {
    "visual_entities": [
      "Kung Fu Jungle",
      "Donnie Yen",
      "Martial Arts",
      "Martial Arts Masters",
      "Kung fu",
      "Amazon Prime Video",
      "Subtitle",
      "Thriller",
      "Ip Man",
      "Wang Baoqiang",
      "Teddy Chan",
      "Charlie Yeung",
      "kung fu killer"
    ],
    "image_evidences": [
      {
        "title": "Kung Fu Killer review  Donnie Yen in Hong Kong cops-and martial-arts thriller | Action and adventure films | The Guardian",
        "content": "",
        "caption": "Donnie Yen in Kung Fu Killer",
        "domain": "www.theguardian.com"
      }
    ],
    "result": {
      "confidence_score": 9,
      "explanation": "The news caption 'Donnie Yen in Kung Fu Killer' is supported by the image evidence. The image from The Guardian's review of 'Kung Fu Killer' features Donnie Yen and is captioned 'Donnie Yen in Kung Fu Killer,' directly aligning with the news caption. The detected visual entities like 'Donnie Yen,' 'Kung Fu Killer,' and 'Martial Arts' are all consistent with the image and the news content, which discusses Donnie Yen's role in a martial arts movie. The image source (The Guardian) is credible, further supporting the alignment. No contradictions or manipulations are apparent.",
      "verdict": true
    }
  },
  "external_check": {
    "text_evidences": [],
    "result": null
  },
  "final_result": {
    "OOC": false,
    "confidence_score": 9,
    "explanation": "The internal check result indicates a high confidence (9) that the caption 'Donnie Yen in Kung Fu Killer' accurately represents the image. The image, sourced from The Guardian's review of 'Kung Fu Killer,' features Donnie Yen and is captioned as such, aligning directly with the news caption. The detected visual entities are consistent with the image and news content. The external check result is 'None,' implying that no external validation was performed. Therefore, based solely on the available internal check data, the caption is deemed not out of context.",
    "validation_summary": "Internal check confirms the caption accurately represents the image with high confidence. External check data is absent."
  },
  "inference_time": 3.9075710773468018
}