{
  "caption": "The crowd around the bar right next to the Tardis which hides the bar s bathroom In far left Andy Heidel is stacking glassware behind the bar",
  "ground_truth": true,
  "internal_check": {
    "visual_entities": [
      "T-Mobile Arena",
      "Hyde",
      "Nightlife",
      "Las Vegas",
      "Concert",
      "Pub",
      "Interior Design Services",
      "Code rate",
      "Design",
      "Invoice",
      "room"
    ],
    "image_evidences": [],
    "result": {
      "confidence_score": 2,
      "explanation": "The news caption describes the crowd around a bar with a Tardis and Andy Heidel stacking glassware. However, the detected visual entities ('T-Mobile Arena', 'Hyde', 'Nightlife', 'Las Vegas', 'Concert', 'Pub', 'Interior Design Services', 'Code rate', 'Design', 'Invoice', 'room') do not align with the caption's description of a bar scene or the presence of a Tardis or a person stacking glassware. The detected entities suggest a focus on nightlife, concerts, interior design, or generic pub attributes, which don't directly correspond to the specifics in the caption. Thus, based solely on the detected entities, the caption's accuracy cannot be verified and is likely incorrect given the available visual information.",
      "verdict": false
    }
  },
  "external_check": {
    "text_evidences": [
      {
        "title": "New York bar tackles gender pay gap by charging women 77% of bar tab | US income inequality | The Guardian",
        "content": "New York bar tackles gender pay gap by charging women 77% of bar ...",
        "caption": "The crowd around the bar right next to the Tardis, which hides the bars bathroom. In far left, Andy Heidel is stacking glassware behind the bar.",
        "domain": "www.theguardian.com"
      },
      {
        "title": "New York bar tackles gender pay gap by charging women 77% of bar tab | US income inequality | The Guardian",
        "content": "New York bar tackles gender pay gap by charging women 77% of bar ...",
        "caption": "To mark 7 July this year, The Way Station charged its female patrons just 77% of their bar tab.",
        "domain": "www.theguardian.com"
      },
      {
        "title": "New York bar tackles gender pay gap by charging women 77% of bar tab | US income inequality | The Guardian",
        "content": "New York bar tackles gender pay gap by charging women 77% of bar ...",
        "caption": "The Way Station bar in Prospect Heights. I thought this would be a great way to even the playing field even if it was for one night only, the owner said.",
        "domain": "www.theguardian.com"
      },
      {
        "title": "New York bar tackles gender pay gap by charging women 77% of bar tab | US income inequality | The Guardian",
        "content": "1126.jpg?width=1200&height=630 ...",
        "caption": "The Way Station bar in Prospect Heights. I thought this would be a great way to even the playing field even if it was for one night only, the owner said.",
        "domain": "www.theguardian.com"
      },
      {
        "title": "New York bar tackles gender pay gap by charging women 77% of bar tab | US income inequality | The Guardian",
        "content": "1126.jpg?width=1200&height= ...",
        "caption": "The Way Station bar in Prospect Heights. I thought this would be a great way to even the playing field even if it was for one night only, the owner said.",
        "domain": "www.theguardian.com"
      }
    ],
    "result": {
      "verdict": false,
      "alignment_score": 35,
      "confidence_score": 8,
      "explanation": "The analysis of the news image against reference images reveals significant visual discrepancies. The news image depicts a stylish lounge area, while the references focus specifically on a bar setting featuring a TARDIS. Key visual elements expected, such as the crowded environment around the bar and the specific presence of glassware being stacked by 'Andy Heidel,' are not present in the main image. The reference images show a distinctly different atmosphere with cluttered bars, patrons close to the bar, and the iconic TARDIS visible. The main image's lighting suggests a more sophisticated setting, contrasting sharply with the casual bar environment described in the caption. Furthermore, aspects like the spatial arrangement of objects and the prominence of the TARDIS are absent from the news image, creating a mismatch. Overall, despite some visual similarities typical of bars, the essence and core elements of the context indicated in the caption are lacking. Thus, while the main image is visually appealing, it fails to accurately represent the scene described in the caption, making it potentially misleading in that context.",
      "key_observations": [
        "The news image shows a lounge area, not a bar setting with a crowd as the caption implies.",
        "Presence of the TARDIS, a critical visual element, is missing in the news image.",
        "Lighting and atmosphere in the news image suggest a different time and setting compared to the bustling bar environment expected from the caption.",
        "No subjects stacking glassware or representative crowd in the news image, unlike in referenced images."
      ]
    }
  },
  "final_result": {
    "OOC": true,
    "confidence_score": 8,
    "explanation": "Both internal and external checks indicate that the caption is out of context. The internal check, with a confidence score of 2, suggests a mismatch between the caption's description of a bar scene with a Tardis and glassware stacking and the detected visual entities, which focus on nightlife and interior design, thus not supporting the caption's claims. The external check, with a higher confidence score of 8 and an alignment score of 35, further confirms the mismatch. It reveals significant visual discrepancies between the news image and reference images of the described bar setting, especially regarding the presence of the Tardis and the action of stacking glassware. Although the external check identified some general similarities to bars, the core elements described in the caption are missing. Given the agreement between both checks, with the higher confidence of the external check reinforcing the initial assessment from the internal check, the caption is deemed out of context. The limited alignment score (35) further emphasizes the discrepancy. The higher confidence score from the external check is prioritized.",
    "validation_summary": "Both internal and external checks suggest the caption is out of context. External check, having higher confidence score, confirms that key elements described in the caption, like the Tardis and glassware stacking, are not present in the news image."
  },
  "inference_time": 12.341606616973877
}