{
  "caption": "Guinea s David Alvarez celebrates after scoring the winner against Senegal",
  "ground_truth": true,
  "internal_check": {
    "visual_entities": [
      "2014 FIFA World Cup",
      "Chelsea F.C.",
      "Diving",
      "Diving",
      "Premier League",
      "Forward",
      "Referee",
      "Arjen Robben",
      "Robin van Persie",
      "World Cup",
      "robben dive vs mexico"
    ],
    "image_evidences": [],
    "result": {
      "confidence_score": 1,
      "explanation": "The detected visual entities (2014 FIFA World Cup, Chelsea F.C., Diving, Premier League, Forward, Referee, Arjen Robben, Robin van Persie, World Cup, robben dive vs mexico) do not correspond to the news caption about David Alvarez scoring for Guinea against Senegal in the Africa Cup of Nations. There is no alignment between the detected entities and the caption's context. Therefore, the caption is not representative of the visual content based on the detected entities.",
      "verdict": false
    }
  },
  "external_check": {
    "text_evidences": [
      {
        "title": "Kily keen to upset the odds for Equatorial Guinea against Ivory Coast | Africa Cup of Nations 2012 | The Guardian",
        "content": "Kily keen to upset the odds for Equatorial Guinea against Ivory ...",
        "caption": "Equatorial Guinea's Spanish-born Kily, right, celebrates victory over Libya in their opening Africa Cup of Nations match with Iban Iyanga. Photograph: Amr Abdallah Dalsh/Reuters",
        "domain": "www.theguardian.com"
      },
      {
        "title": "My dream is to play in England | News | Al Jazeera",
        "content": "My dream is to play in England' | News | Al Jazeera",
        "caption": "David Akvarez",
        "domain": "www.aljazeera.com"
      },
      {
        "title": "World Cup 2022: complete guide to all 830 players | World Cup 2022 | The Guardian",
        "content": "World Cup 2022: complete guide to all 830 players | World Cup 2022 ...",
        "caption": "",
        "domain": "www.theguardian.com"
      },
      {
        "title": "World Cup 2022: complete guide to all 830 players | World Cup 2022 | The Guardian",
        "content": "World Cup 2022: complete guide to all 830 players | World Cup 2022 ...",
        "caption": "",
        "domain": "www.theguardian.com"
      },
      {
        "title": "World Cup 2022: complete guide to all 830 players | World Cup 2022 | The Guardian",
        "content": "World Cup 2022: complete guide to all 830 players | World Cup 2022 ...",
        "caption": "",
        "domain": "www.theguardian.com"
      }
    ],
    "result": {
      "verdict": false,
      "alignment_score": 20,
      "confidence_score": 4,
      "explanation": "The news image depicts a scene of players celebrating after a score, but it is not visually aligned with the expected elements derived from the caption \"Guinea's David Alvarez celebrates after scoring the winner against Senegal.\" The image in question shows players from different kits and possibly from a different match altogether, not representing David Alvarez or a celebration relevant to the stated match between Guinea and Senegal. The reference images largely focused on different players or contexts of football celebrations, which further supports the misalignment between the news image and the caption. The lighting and compositions in the news image do not correlate with the typical celebration scenes found in the reference images of international matches. There are no discernible attributes indicating the event in question, leading to a strong conclusion that this image does not represent the context implied by the caption.",
      "key_observations": [
        "The news image features players in orange and green kits, which do not match the expected colors for Guinea and Senegal.",
        "Key figures present in the news caption (David Alvarez) are absent from the image, with no clear indicators of celebration specific to him.",
        "The context of celebration following a goal is present, but mismatched in the players and setting shown in the news image compared to reference images.",
        "Reference images show different players celebrating or in action, further indicating that the news image is unrelated to the specific event mentioned in the caption.",
        "Overall atmosphere and background do not portray a celebration typical of a decisive match between the two teams."
      ]
    }
  },
  "final_result": {
    "OOC": true,
    "confidence_score": 8,
    "explanation": "Both the internal and external checks indicate that the caption is out of context with the image. The internal check has a confidence score of 1, stating that the visual entities detected (e.g., 2014 FIFA World Cup, Chelsea F.C.) do not correspond to the caption about David Alvarez scoring for Guinea against Senegal. The external check, with a confidence score of 4 and an alignment score of 20, also concludes that the image is not visually aligned with the caption, noting mismatched player kits and the absence of key figures mentioned in the caption. Although the external check's confidence score is not high, the consistency between both checks, along with the low alignment score from the external check, strengthens the conclusion that the caption is out of context. Therefore, despite the low individual confidence scores of each check, their combined negative assessment leads to a higher confidence score in the final verdict.",
    "validation_summary": "Both internal and external checks indicate the caption is out of context, citing discrepancies between the image content and the described event. The internal check highlights irrelevant visual entities, while the external check points out mismatched player kits and absent key figures."
  },
  "inference_time": 13.593612670898438
}