{
  "caption": "Malala Yousafzai at the United Nations General Assembly in New York City",
  "ground_truth": true,
  "internal_check": {
    "visual_entities": [
      "Malala Yousafzai",
      "Nobel Peace Prize",
      "Peace",
      "Edo",
      "Nobel Prize",
      "Pakistanis",
      "Norwegian Nobel Committee",
      "Education",
      "Activist",
      "Kailash Satyarthi",
      "Nigeria",
      "sari"
    ],
    "image_evidences": [
      {
        "title": "Waliomshambulia Malala wakamatwa - BBC News Swahili",
        "content": "",
        "caption": "Malala ni mwanaharakati anaysifika sana duniani kwa kutetea wasichana wapate elimu ",
        "domain": "www.bbc.com"
      }
    ],
    "result": {
      "confidence_score": 9,
      "explanation": "The news caption mentions Malala Yousafzai at the United Nations General Assembly in New York City. The news content provides background information on Malala, her activism for girls' education, and the attack she survived. The image evidence from BBC News Swahili shows Malala and mentions her activism for girls' education (\"\")Malala ni mwanaharakati anaysifika sana duniani kwa kutetea wasichana wapate elimu.\"\"). While the image doesn't explicitly show her at the UN General Assembly, it supports the general theme of her activism and global recognition. The detected visual entities include \"Malala Yousafzai\" and \"Education,\" which align with the news caption and image evidence. The BBC News Swahili is a credible source, increasing the reliability of the image. Therefore, the image provides reasonable visual support for the caption.",
      "verdict": true
    }
  },
  "external_check": {
    "text_evidences": [
      {
        "title": "The full text: Malala Yousafzai delivers defiant riposte to Taliban militants with speech to the UN General Assembly | The Independent | The Independent",
        "content": "The full text: Malala Yousafzai delivers defiant riposte to ...",
        "caption": "Malala addresses the UN",
        "domain": "www.independent.co.uk"
      },
      {
        "title": "World leaders confront COVIDs impact on education ahead of U.N. General Assembly | PBS News",
        "content": "World leaders confront COVID's impact on education ahead of U.N. ...",
        "caption": "Malala Yousafzai speaks during the Transforming Education Summit on the sidelines of the United Nations General Assembly a...",
        "domain": "www.pbs.org"
      }
    ],
    "result": {
      "verdict": false,
      "alignment_score": 35,
      "confidence_score": 6,
      "explanation": "Analyzing the news image of Malala Yousafzai speaking engages three relevant aspects based on the caption: location, setting, and her appearance. In the news image, Malala is prominently featured with a microphone, actively speaking, which aligns with her advocacy work and public speaker role. However, the setting does not correspond with the United Nations General Assembly as suggested. The reference images show her clearly presenting at the UNGA in a more formal and distinct setting, characterized by the UN’s recognizable background, larger audience, and specific decor related to the event. Visual context discrepancies arise particularly when considering the specific attributes of the venue and audience interaction. In the reference images, we see a large assembly space filled with a diverse audience, with Malala at the center stage, showing her authoritative presence defined by her unique attire. In contrast, the news image presents an intimate gathering, leading to uncertainty about whether it effectively represents the UNGA context. Additionally, the lighting conditions and composition differ significantly; the reference images demonstrate brighter lighting and the distinct wooden paneling typical of the UN, while the news image features a more subdued backdrop. Therefore, the core context of her participation and public speaking is present, but the discrepancies in location and setting result in the image not being a true reflection of the event described in the caption, which ultimately raises concerns about its authenticity and alignment with the asserted context.",
      "key_observations": [
        "Malala Yousafzai is depicted in all images, but the news image features her in a different, less formal setting.",
        "The UNGA setting is clearly distinct in reference images, showing a large audience and recognizable UN decor.",
        "Lighting differs significantly; reference images have a bright and formal ambiance while the news image is more subdued.",
        "The composition in the news image lacks the spatial relationships typical of a presentation at UNGA, where she is shown at a podium with clear visual context."
      ]
    }
  },
  "final_result": {
    "OOC": true,
    "confidence_score": 7,
    "explanation": "The internal check suggests the caption is accurate based on the general theme of Malala's activism, while the external check, with a confidence score of 6, argues the image does not accurately depict her at the UN General Assembly due to differences in setting, audience, and decor. The external check's alignment score is 35, indicating a mismatch with reference images of the UNGA. While the internal check has a slightly higher confidence score (9), the external check provides more specific and verifiable reasons for the mismatch. The news image features Malala speaking, which aligns with her public speaker role, but the setting doesn't correspond with the recognizable UNGA setting. Therefore, I conclude that the caption is out of context because the image doesn't show Malala at the UN General Assembly. The confidence score is 7 because while the external check provides a strong argument, the internal check indicates the caption is partially accurate. There is no specific information about when and where the image was taken. However, the observable evidence indicates a high likelihood that it was not taken at the UN General Assembly.",
    "validation_summary": "Internal check suggests accuracy based on the general theme, but the external check, despite a slightly lower confidence score, provides concrete evidence that the image does not depict Malala at the UN General Assembly, leading to the conclusion that the caption is out of context."
  },
  "inference_time": 15.025394916534424
}