{
  "caption": "Christian Bale and his wife Sibi Blazic on the red carpet",
  "ground_truth": false,
  "internal_check": {
    "visual_entities": [
      "Sibi Blazic",
      "Christian Bale",
      "73rd Golden Globe Awards",
      "Actor",
      "Red carpet",
      "Mr. Robot",
      "Celebrity",
      "Golden Globe Awards",
      "Matt Damon",
      "Meryl Streep",
      "Oprah Winfrey",
      "Luciana Barroso",
      "Kate Winslet",
      "carpet"
    ],
    "image_evidences": [],
    "result": {
      "confidence_score": 10,
      "explanation": "The news caption states \"Christian Bale and his wife Sibi Blazic on the red carpet\". The detected visual entities include 'Christian Bale', 'Sibi Blazic' and 'Red carpet'. Thus, the news caption aligns with the detected visual entities.",
      "verdict": true
    }
  },
  "external_check": {
    "text_evidences": [],
    "result": null
  },
  "final_result": {
    "OOC": false,
    "confidence_score": 10,
    "explanation": "The internal check result confirms that the news caption accurately represents the image content. The caption mentions \"Christian Bale and his wife Sibi Blazic on the red carpet,\" and the internal check detects these elements with a high confidence score of 10. There is no external check available, but the strong internal alignment is sufficient to conclude the caption is not out of context. Therefore, the final verdict is that the caption is not out of context.",
    "validation_summary": "The internal check confirms the caption's accuracy with high confidence. External check data is unavailable."
  },
  "inference_time": 3.683201313018799
}