{
  "caption": "Security guards break up a fight between shoppers waiting in line just as the doors open for Black Friday shopping at Target in Bowling Green Ky",
  "ground_truth": false,
  "internal_check": {
    "visual_entities": [
      "Black Friday",
      "Online shopping",
      "Shopping",
      "Retail",
      "Cyber Monday",
      "Walmart",
      "Discounts and allowances",
      "Kohl's",
      "shoes, elevator shoes, brand",
      "Shopping cart",
      "Shoe",
      "black friday shopping line"
    ],
    "image_evidences": [],
    "result": {
      "confidence_score": 7,
      "explanation": "The caption mentions a fight between shoppers waiting in line for Black Friday at Target. The detected entities include 'Black Friday' and 'black friday shopping line'. The presence of these entities suggests some alignment with the caption. However, the detected entities do not explicitly confirm the fight or the specific location (Target in Bowling Green, KY), so a perfect match cannot be established. Without visual evidence confirming the fight, I will base my answer on whether or not Black Friday shopping is depicted in the news article.",
      "verdict": true
    }
  },
  "external_check": {
    "text_evidences": [
      {
        "title": "Black Friday shopping, from bargains to brawls",
        "content": "Black Friday shopping, from bargains to brawls",
        "caption": "Shoppers line the outside wall of Menards, early Black Friday in Winona, Minn.",
        "domain": "www.usatoday.com"
      },
      {
        "title": "Black Friday shopping, from bargains to brawls",
        "content": "Black Friday shopping, from bargains to brawls",
        "caption": "Viewers huddle under umbrellas in a heavy rain in downtown Seattle as they watch their annual Macy's Holiday Parade.",
        "domain": "www.usatoday.com"
      }
    ],
    "result": {
      "verdict": false,
      "alignment_score": 30,
      "confidence_score": 7,
      "explanation": "The news image depicts a brawl among shoppers in a parking lot at night, which somewhat aligns with the caption's description of a fight breaking out on Black Friday. This captures the chaotic atmosphere described, but there are notable inconsistencies. The reference images demonstrate scenes of lines of people waiting outside stores, typical of Black Friday, yet lack direct evidence of a fight breaking out. The reference images focus on controlled queueing outside brightly lit stores, without showing conflict or security interventions. Additionally, the architecture visible in the news image doesn't match the specific façade or branding of a 'Target' store as suggested by the caption, nor is there a clear indication of security personnel breaking up a fight. Although nighttime settings align with the Black Friday shopping tradition, other contextual elements such as branding and store environment don't align. Therefore, the news image partially represents the context but lacks strong alignment with the specific environmental details expected from the caption. No evident digital manipulation is detected.",
      "key_observations": "- News image shows a brawl among a group of people at night, matching the chaotic nature implied by the caption.\n- Reference images depict orderly queues typical of Black Friday, with no signs of conflict.\n- Absence of visible security personnel or store branding specifically linked to 'Target'.\n- The architectural style in the news image doesn't match a known face of 'Target'.\n- Lighting and nighttime setting are consistent with Black Friday shopping attempts.\n- No apparent digital manipulation in the news image."
    }
  },
  "final_result": {
    "OOC": true,
    "confidence_score": 7,
    "explanation": "The internal check suggests that the news article references Black Friday shopping, aligning somewhat with the caption. However, it does not confirm the specific events of a fight or the location. The external check, while noting a brawl in the image that aligns with a fight, identifies discrepancies regarding the location and the absence of 'Target' branding, security personnel, and architectural style. The external check also notes that reference images of Black Friday show organized lines, not brawls. Given the higher confidence and the specific mismatches identified by the external check (location, branding, security, and overall scene), the caption is considered out of context. The lack of confirmation from the internal check regarding the fight and location further supports this conclusion. The fact that the confidence scores are similar across both checks warrants the conclusion that the caption is out of context.",
    "validation_summary": "Internal check finds some alignment with Black Friday but doesn't confirm the fight or location. External check finds significant mismatches in location, branding, and the presence of a fight versus orderly queues typical of Black Friday. The caption is therefore out of context."
  },
  "inference_time": 12.855937719345093
}