{
  "caption": "The stretch of water separates the small island of Stroma from the far north Scottish mainland",
  "ground_truth": true,
  "internal_check": {
    "visual_entities": [
      "Bellingham",
      "Train",
      "Amsterdam",
      "London",
      "Digging",
      "Lough",
      "Water",
      "City",
      "Promontory",
      "Building",
      "Wall",
      "Hole",
      "Artist",
      "Ocean",
      "Washington",
      "coast"
    ],
    "image_evidences": [
      {
        "title": "Meet the artist who believes digging holes and climbing in cures urban stress | Cities | The Guardian",
        "content": "",
        "caption": "A breath of fresh air ... Bellingham, Washington state.",
        "domain": "www.theguardian.com"
      }
    ],
    "result": {
      "confidence_score": 1,
      "explanation": "The news caption describes a stretch of water between Stroma and the Scottish mainland. The image evidence shows 'Bellingham, Washington state', which is geographically different from Stroma and the Scottish mainland. Therefore, the image does not support the news caption. The detected entities like 'Water' and 'coast' are generic and do not provide specific support.",
      "verdict": false
    }
  },
  "external_check": {
    "text_evidences": [],
    "result": null
  },
  "final_result": {
    "OOC": true,
    "confidence_score": 10,
    "explanation": "The internal check result indicates that the image does not support the news caption, with a confidence score of 1. The internal check states that the image shows 'Bellingham, Washington state', while the caption describes a location between Stroma and the Scottish mainland. There is no external check result provided. Based solely on the internal check which concludes that the image is not representative of the news caption, the caption is determined to be out of context. The confidence score is set to 10, reflecting the high certainty of the internal check result. Because the internal check has a high confidence and external check is unavailable, the final result relies solely on the internal check. The news content provides context for the caption but is not used in the validation process.",
    "validation_summary": "The internal check confirms that the image does not match the news caption, showing a location different from the one described."
  },
  "inference_time": 3.3392467498779297
}