{
  "caption": "President Obama argued for higher worker wages during the AFLCIOsponsored Laborfest in Milwaukee Wisconsin",
  "ground_truth": true,
  "internal_check": {
    "visual_entities": [
      "United States",
      "shierugasuGe Ming ",
      "Latin America",
      "Shale gas",
      "Public speaking",
      "Orator",
      "Trade",
      "Businessperson",
      "public speaking"
    ],
    "image_evidences": [
      {
        "title": "USA TODAY",
        "content": "",
        "caption": "",
        "domain": "www.usatoday.com"
      }
    ],
    "result": {
      "confidence_score": 2,
      "explanation": "The news caption is about President Obama advocating for higher worker wages, while the provided news content discusses Burger King's acquisition of Tim Hortons and its implications for workers' rights and wages in the US, Canada, and the UK. The detected visual entities include general terms like 'United States,' 'Latin America,' 'Trade,' and 'Businessperson,' as well as more specific terms like 'Shale gas' and 'Public speaking.' The provided image evidence is a title from USA Today, which is a reputable source of news. However, the image's title alone does not offer any visual support for either the news caption about President Obama or the news content about Burger King and Tim Hortons. There is no visual information to analyze or compare with the text. Therefore, it is impossible to verify the accuracy of any claims or assess the visual support provided. The detected entities do not directly relate to the news caption or content. The image evidence does not support the news text. Hence, the verdict is false.",
      "verdict": false
    }
  },
  "external_check": {
    "text_evidences": [
      {
        "title": "US lags Canada and UK in pay and wages for fast-food workers | US personal finance | The Guardian",
        "content": "US lags Canada and UK in pay and wages for fast-food workers | US ...",
        "caption": "President Obama argued for higher worker wages during the AFL-CIO-sponsored Laborfest in Milwaukee, Wisconsin.",
        "domain": "www.theguardian.com"
      },
      {
        "title": "US lags Canada and UK in pay and wages for fast-food workers | US personal finance | The Guardian",
        "content": "US lags Canada and UK in pay and wages for fast-food workers | US ...",
        "caption": "President Obama argued for higher worker wages during the AFL-CIO-sponsored Laborfest in Milwaukee, Wisconsin.",
        "domain": "www.theguardian.com"
      },
      {
        "title": "US lags Canada and UK in pay and wages for fast-food workers | US personal finance | The Guardian",
        "content": "US lags Canada and UK in pay and wages for fast-food workers | US ...",
        "caption": "President Obama argued for higher worker wages during the AFL-CIO-sponsored Laborfest in Milwaukee, Wisconsin.",
        "domain": "www.theguardian.com"
      },
      {
        "title": "US lags Canada and UK in pay and wages for fast-food workers | US personal finance | The Guardian",
        "content": "US lags Canada and UK in pay and wages for fast-food workers | US ...",
        "caption": "President Obama argued for higher worker wages during the AFL-CIO-sponsored Laborfest in Milwaukee, Wisconsin.",
        "domain": "www.theguardian.com"
      }
    ],
    "result": {
      "verdict": false,
      "alignment_score": 35,
      "confidence_score": 7,
      "explanation": "The news image depicts President Obama seated, gesturing thoughtfully, while the reference images show him standing at a podium, animatedly speaking during a public event. This fundamental difference in posture and context significantly alters the perceived message of the images. The news image's setting is formal, indicating a more subdued atmosphere, while the reference images relate to a lively, energetic environment typical of a rally or speech. Furthermore, the clothing styles and potential settings differ, suggesting different occasions. Temporal indicators like lighting suggest that these images may have been taken under different conditions, hence lacking visual consistency. Overall, the news image does not align with the context implied in the caption, making it misleading as it does not represent the event accurately.",
      "key_observations": [
        "News image shows President Obama seated; referenced images show him standing at a podium.",
        "Different clothing: formal suit versus casual attire.",
        "Lighting and setting contrast between a formal event and a lively public appearance.",
        "Positional differences: seated gestures as opposed to dynamic speaking gestures.",
        "Visual context does not support the notion of a rally or public address as stated in the caption."
      ]
    }
  },
  "final_result": {
    "OOC": true,
    "confidence_score": 7,
    "explanation": "The internal check, with a confidence score of 2, deemed the caption false because it describes President Obama at a Laborfest, while the news content discusses Burger King and Tim Hortons. The external check, having a confidence score of 7 and an alignment score of 35, also found the caption false, noting discrepancies between the news image (Obama seated) and reference images (Obama at a podium). Despite the low confidence of the internal check, the agreement between both checks, with a decisive observation from the external check, supports the conclusion that the caption is out of context. Therefore, the assessment favors the external check due to its higher confidence score, concluding the caption is out of context.",
    "validation_summary": "Both internal and external checks indicate the caption is out of context. The external check carries more weight due to its higher confidence and clear visual evidence of mismatch."
  },
  "inference_time": 14.004398584365845
}