{
  "caption": "Nationals outfielder Bryce Harper during warmups",
  "ground_truth": true,
  "internal_check": {
    "visual_entities": [
      "Baseball field",
      "Baseball",
      "Pitcher",
      "College baseball",
      "Infielder",
      "Team sport",
      "Bat-and-ball games",
      "Baseball park",
      "Catcher",
      "Softball",
      "Championship",
      "baseball player"
    ],
    "image_evidences": [],
    "result": {
      "confidence_score": 9,
      "explanation": "The caption mentions \"Nationals outfielder Bryce Harper\" and the detected visual entities include \"baseball player\" and \"baseball field,\" aligning with the caption. The news content further describes a baseball game. Since the entities present are consistent with the caption and news, the caption accurately represents the visual content. The confidence score is high because the detected entities strongly support the caption's claim.",
      "verdict": true
    }
  },
  "external_check": {
    "text_evidences": [],
    "result": null
  },
  "final_result": {
    "OOC": false,
    "confidence_score": 9,
    "explanation": "The internal check result indicates a high confidence (score of 9) that the caption accurately represents the image. The caption mentions 'Nationals outfielder Bryce Harper,' and the detected visual entities include 'baseball player' and 'baseball field,' aligning with the caption. The news content describes a baseball game, providing context for the image. Since the internal check confirms the caption's accuracy and no conflicting external check is available, the caption is deemed not out of context. The absence of an external check is a limitation but does not negate the strong evidence from the internal check.",
    "validation_summary": "The internal check confirms the caption's accuracy with high confidence. No conflicting external check is available."
  },
  "inference_time": 3.388138771057129
}