{
  "caption": "Australia s former prime minister John Howard with Rupert Murdoch",
  "ground_truth": true,
  "internal_check": {
    "visual_entities": [
      "Tony Abbott",
      "Prime minister",
      "Minister",
      "Sydney",
      "Great Intelligence",
      "Public speaking",
      "Liberalism",
      "Tuesday",
      "H&M",
      "Business executive",
      "Malcolm Turnbull",
      "John Howard",
      "public speaking"
    ],
    "image_evidences": [
      {
        "title": "John Howard on fall of Tony Abbott: 'The king is dead, long live the king' | John Howard | The Guardian",
        "content": "",
        "caption": "John Howard in Sydney on Tuesday.",
        "domain": "www.theguardian.com"
      }
    ],
    "result": {
      "confidence_score": 8,
      "explanation": "The news caption mentions \"Australia's former prime minister John Howard with Rupert Murdoch.\" The provided image evidence shows John Howard, and the caption of the image also identifies him. While the image itself does not show John Howard with Rupert Murdoch, the news article mentions John Howard and his views on Rupert Murdoch. The detected visual entities include 'John Howard' which matches the person in the image. The domain 'www.theguardian.com' is a credible news source. However, the image provided does not visually confirm the core claim of the caption, which is the presence of both John Howard and Rupert Murdoch together. Given the presence of John Howard in the image and his mention in the article concerning Rupert Murdoch, I'm assigning a relatively high confidence score, even though the specific visual claim isn't verified. The provided evidence partially aligns with the caption but lacks the direct visual confirmation.",
      "verdict": false
    }
  },
  "external_check": {
    "text_evidences": [
      {
        "title": "Opinions are split on Murdoch, the wizard of Oz | Rupert Murdoch | The Guardian",
        "content": "Opinions are split on Murdoch, the wizard of Oz | Rupert Murdoch ...",
        "caption": "Australia's former prime minister John Howard with Rupert Murdoch  Photograph: Mandel Ngan/AFP",
        "domain": "www.theguardian.com"
      },
      {
        "title": "Australia was ready to act on climate 25 years ago, so what happened next? | Climate crisis | The Guardian",
        "content": "Australia was ready to act on climate 25 years ago, so what ...",
        "caption": "John Howard with Rupert Murdoch. Both men helped to hold back climate action in Australia in the 1990s and beyond, according to a new book by the author Maria Taylor.",
        "domain": "www.theguardian.com"
      }
    ],
    "result": {
      "verdict": false,
      "alignment_score": 30,
      "confidence_score": 4,
      "explanation": "The news image depicts John Howard with a raised hand, possibly in a speaking or gesturing posture, while the reference images show him standing next to Rupert Murdoch in a relatively festive environment characterized by applause and a celebratory atmosphere. In the news image, Howard is shown from a lower angle, making his face partially obscured and detached in the context of the interaction with Murdoch. The lighting in the news image is more focused and subdued compared to the bright, festive lighting in the reference photos, which feature an evident backdrop of stripes and other figures by their side, denoting a gathering with a joyful tone. The spatial aspect also diverges, as the positioning of Howard's figure in the news image lacks the typical close proximity to another individual, particularly Rupert Murdoch. Thus, while the news image features the key individual (Howard), it does not contextually align with the celebratory moment mentioned in the caption, leading to significant discrepancies in understanding the event captured. Overall, the differences in lighting, posture, and spatial relationships severely hinder the implied context of a shared moment with Rupert Murdoch. Furthermore, no overt signs of digital manipulation are present, but the lack of contextual relevance leads to its classification as misleading.",
      "key_observations": "- News image features a partial view of John Howard, with a raised hand and an obscured face. \n- Reference images show Howard and Murdoch in a celebratory pose, with bright lighting and a crowd. \n- The spatial relationship in the news image lacks the proximity and interaction indicated by the caption. \n- Lighting in the news image is subdued compared to the festive atmosphere in reference images. \n- Temporal indicators (like clothing and hair) don’t align well across images."
    }
  },
  "final_result": {
    "OOC": true,
    "confidence_score": 7,
    "explanation": "The internal check has a confidence score of 8 and a verdict of False, indicating that while the image does not directly confirm the caption's claim of John Howard with Rupert Murdoch, it does feature John Howard, and the news article discusses Howard's views on Murdoch. The external check, with a confidence score of 4 and an alignment score of 30, also yields a verdict of False, noting that the image depicts John Howard but lacks the context of interaction with Rupert Murdoch, as implied by the caption. Though the internal check has a higher confidence score, both checks concur that the image does not show John Howard with Rupert Murdoch. The external check specifically points out discrepancies in the image's context compared to reference images of Howard and Murdoch together. Given this agreement, the caption is out of context because the image doesn't support the claim of Howard being with Murdoch. I am assigning a confidence score of 7, reflecting the slightly higher confidence in the internal check but also acknowledging the limitations due to the image not directly contradicting the caption, but rather failing to support it.",
    "validation_summary": "Both internal and external checks indicate the image does not show John Howard with Rupert Murdoch, making the caption out of context despite the presence of John Howard in the image and his mention in the article."
  },
  "inference_time": 11.764466047286987
}