{
  "caption": "Andrew MedichiniAssociated Press Pope Francis celebrates a Mass in St Peter s Basilica at the Vatican Saturday Nov 23 2013",
  "ground_truth": false,
  "internal_check": {
    "visual_entities": [
      "St. Peter's Basilica",
      "Pope",
      "Roman Catholic Diocese of Morogoro",
      "Cardinal",
      "Papal conclave",
      "Politics",
      "Papal deposing power",
      "Crux",
      "Bernard Francis Law",
      "homilia papa francisco"
    ],
    "image_evidences": [],
    "result": {
      "confidence_score": 8,
      "explanation": "The caption mentions Pope Francis celebrating Mass in St Peter's Basilica. The detected visual entities include 'Pope' and 'St. Peter's Basilica', which aligns with the caption's description. The other detected entities seem less relevant to the caption but don't contradict it. Therefore, based on the available information, the caption appears to accurately represent the visual content.",
      "verdict": true
    }
  },
  "external_check": {
    "text_evidences": [
      {
        "title": "San Diego bishop among 20 elevated to cardinal  San Diego Union-Tribune",
        "content": "San Diego bishop among 20 elevated to cardinal  San Diego Union ...",
        "caption": "Pope Francis prays in front of new Cardinals during consistory...",
        "domain": "www.sandiegouniontribune.com"
      },
      {
        "title": "Former Pope Benedict aide's book said to expose  'dark maneuvers' - Los Angeles Times",
        "content": "Former Pope Benedict aide's book said to expose 'dark maneuvers ...",
        "caption": "A man in a red head covering in a church ",
        "domain": "www.latimes.com"
      }
    ],
    "result": {
      "verdict": true,
      "alignment_score": 85,
      "confidence_score": 8,
      "explanation": "The news image depicts Pope Francis celebrating a Mass in St. Peter's Basilica. Key visual elements matching the context provided by the caption include the Pope's attire, which is typical for such a ceremonial occasion, and the overall setting within the Basilica. The Pope is seen engaging with the congregation, which aligns with the expected ambiance of a Mass. Reference images retrieved also show similar types of events with the Pope in the same venue, confirming the event's authenticity. \n\nWhile there may be slight variations in the specific angle and framing, the core elements of the Pope's presence, ceremonial attire, and the architectural features of the Basilica remain consistent across the images. The lighting appears to be appropriate for an indoor ceremony, which is typical in such settings. No evident signs of manipulation are observed, and the visual elements support the context provided in the caption. Overall, the image aligns closely with the expected visual representation of the event described.",
      "key_observations": "- The Pope's attire is consistent with those worn during a Mass in St. Peter's Basilica.\n- The interior setting matches the architectural features typical of the Basilica (e.g., altar, column structures).\n- Lighting conditions appear realistic for an indoor Mass.\n- Other reference images show similar ceremonies with the Pope in the same setting, reinforcing authenticity.\n- No signs of digital manipulation were detected."
    }
  },
  "final_result": {
    "OOC": false,
    "confidence_score": 9,
    "explanation": "Both the internal and external checks indicate that the caption accurately represents the image. The internal check has a confidence score of 8 and confirms the presence of 'Pope' and 'St. Peter's Basilica', aligning with the caption. The external check has a confidence score of 8 and an alignment score of 85, confirming the image depicts Pope Francis celebrating a Mass in St. Peter's Basilica, matching details in the caption such as the Pope's attire and the basilica's features. Because both checks independently corroborate the caption's accuracy and have high confidence, the overall assessment is that the caption is not out of context.",
    "validation_summary": "Both internal and external checks confirm that the caption accurately describes the image, with high confidence and alignment scores."
  },
  "inference_time": 10.49415898323059
}