{
  "caption": "Hillary Clinton is seen aboard the campaign bus in Cleveland on the third day of a bus tour through Pennsylvania and Ohio",
  "ground_truth": true,
  "internal_check": {
    "visual_entities": [
      "Politics",
      "Presidential nominee",
      "Vanguardia",
      "Interest rate",
      "Communication",
      "Free trade",
      "Audience",
      "call for bids",
      "Country music",
      "Interest",
      "Trade",
      "audience"
    ],
    "image_evidences": [],
    "result": {
      "confidence_score": 2,
      "explanation": "The news caption mentions Hillary Clinton on a campaign bus tour in Pennsylvania and Ohio. The detected visual entities include \"Politics\" and \"Presidential nominee\". While these entities are related to the context of the news caption, they do not provide specific visual confirmation of Hillary Clinton, a bus, or the locations mentioned. The other detected entities such as \"Vanguardia\", \"Interest rate\", \"Communication\", \"Free trade\", \"Audience\", \"call for bids\", \"Country music\", \"Interest\", \"Trade\", and \"audience\" appear unrelated to the caption. Thus, based on the detected entities, there is little to no visual evidence to support the news caption. Therefore, the caption does not align with the detected visual entities.",
      "verdict": false
    }
  },
  "external_check": {
    "text_evidences": [
      {
        "title": "Hillary Clinton bus tour looks for inroads with Republicans | CNN Politics",
        "content": "Hillary Clinton bus tour looks for inroads with Republicans | CNN ...",
        "caption": "02 DNC convention doug elmets jennifer lim split july 28 2016",
        "domain": "www.cnn.com"
      }
    ],
    "result": {
      "verdict": false,
      "alignment_score": 25,
      "confidence_score": 6,
      "explanation": "The news image depicts Hillary Clinton interacting with supporters, portraying an engaging and positive atmosphere. It shows her wearing a teal jacket during a campaign-related event, which aligns with her public appearances during her campaign. However, the reference images, which appear to capture other speakers at a different event, do not feature Hillary Clinton, thereby highlighting a crucial difference in the primary subject. Furthermore, the lighting and environment in the news image indicate an indoor setting filled with supporters, contrasting the neutral backdrop of the reference images. This suggests that while the theme of campaigning is present, the specific event depicted in the news image does not accurately align with the context provided in the caption concerning her bus tour in Cleveland. Given these observations, the images do not meet the necessary criteria of visual consistency and contextual accuracy. Thus, the alignment with reference images is significantly low, and it misrepresents the implied context of the campaign tour in Cleveland.",
      "key_observations": "- News image features Hillary Clinton, focused on her campaign activity with supporters, dressed in a teal jacket; reference images do not include her. \n- Reference images show speakers at a different event, lacking any context related to a bus tour. \n- Visual differences in environment; news image shows a lively indoor setting, while reference images have a simple backdrop. \n- Lighting in the news image suggests a different time and place than those indicated by reference images."
    }
  },
  "final_result": {
    "OOC": true,
    "confidence_score": 7,
    "explanation": "The internal check, with a confidence score of 2, indicates that the visual entities detected in the image do not align with the news caption describing Hillary Clinton's bus tour in Cleveland. The external check, with a confidence score of 6 and an alignment score of 25, also suggests a mismatch. The news image shows Hillary Clinton interacting with supporters, but the reference images do not include her and lack context related to a bus tour. Both checks point towards the image not accurately representing the caption's context. Therefore, it's concluded that the caption is out of context. The overall confidence score is moderate as there are some uncertainties. The internal check's lower confidence limits the overall score. The external check's alignment score of 25 further solidifies the conclusion.",
    "validation_summary": "Both internal and external checks indicate a mismatch between the news caption and the image. The external check has a higher confidence score and a low alignment score, solidifying the out-of-context determination."
  },
  "inference_time": 12.042771100997925
}