{
  "caption": "From left Speaker of the House Paul Ryan former president George W Bush former vice president Dick Cheney and Sen Roy Blunt",
  "ground_truth": false,
  "internal_check": {
    "visual_entities": [
      "United States",
      "Businessperson",
      "Speaker of the United States House of Representatives",
      "United States House of Representatives",
      "United States Senator",
      "Dick Cheney",
      "Paul Ryan",
      "George W. Bush",
      "Lynne Cheney",
      "Roy Blunt",
      "suit"
    ],
    "image_evidences": [],
    "result": {
      "confidence_score": 10,
      "explanation": "The caption mentions 'Speaker of the House Paul Ryan', 'former president George W Bush', 'former vice president Dick Cheney', and 'Sen Roy Blunt'. The detected visual entities include these individuals. Therefore, the caption accurately represents the visual content based on the detected visual entities.",
      "verdict": true
    }
  },
  "external_check": {
    "text_evidences": [],
    "result": null
  },
  "final_result": {
    "OOC": false,
    "confidence_score": 10,
    "explanation": "The internal check confirms that the caption accurately represents the individuals present in the image ('Speaker of the House Paul Ryan', 'former president George W Bush', 'former vice president Dick Cheney', and 'Sen Roy Blunt'). The internal check result has a high confidence score of 10 and no external check was provided. Therefore, based on the available evidence, the caption is not out of context.",
    "validation_summary": "Internal check confirms caption accuracy with high confidence. No external check available."
  },
  "inference_time": 3.0122594833374023
}