{
  "caption": "Gladys Misiewicz takes part in every exercise class offered at Villa Maria in Michigan",
  "ground_truth": true,
  "internal_check": {
    "visual_entities": [
      "Acute flaccid myelitis",
      "Physical therapy",
      "Polio-like syndrome",
      "Polio",
      "WSM-FM1",
      "Cause",
      "Virus",
      "Therapy",
      "Physical fitness",
      "Morgan Stanley",
      "room"
    ],
    "image_evidences": [],
    "result": {
      "confidence_score": 2,
      "explanation": "The detected visual entities do not contain elements that directly relate to the news caption. The entities such as 'Acute flaccid myelitis', 'Physical therapy', 'Polio-like syndrome', 'Polio', 'WSM-FM1', 'Cause', 'Virus', 'Therapy', 'Physical fitness', 'Morgan Stanley', 'room' don't align with the caption describing Gladys Misiewicz participating in exercise classes at Villa Maria. The term 'Physical fitness' is somewhat related but insufficient for a strong match.",
      "verdict": false
    }
  },
  "external_check": {
    "text_evidences": [],
    "result": null
  },
  "final_result": {
    "OOC": true,
    "confidence_score": 7,
    "explanation": "The internal check indicates a mismatch between the visual entities detected in the image and the news caption. The internal check has a confidence score of 2, suggesting moderate certainty in its assessment. There is no external check available to cross-validate this finding. Because the internal check suggests that the image does not depict what is described in the caption, it is likely that the image is out of context. Therefore, I classify the image as out of context (OOC = True). Given the information, confidence is moderate (confidence_score = 7).",
    "validation_summary": "The internal check suggests the image does not match the caption. No external check is available."
  },
  "inference_time": 3.3316290378570557
}