{
  "caption": "Skyfall in the ascendancy at the UK box office",
  "ground_truth": false,
  "internal_check": {
    "visual_entities": [
      "James Bond",
      "M",
      "Columbia Pictures",
      "Hollywood Films",
      "Spy",
      "Adventure",
      "Skyfall",
      "Spectre",
      "Daniel Craig",
      "No Time to Die",
      "James Bond",
      "james bond skyfall"
    ],
    "image_evidences": [
      {
        "title": "James Bond: The Musical  another screen-to-stage disaster? | James Bond | The Guardian",
        "content": "",
        "caption": "A car crash waiting to happen: Daniel Craig as 007 in Skyfall.",
        "domain": "www.theguardian.com"
      }
    ],
    "result": {
      "confidence_score": 9,
      "explanation": "The news caption reports on the success of the movie 'Skyfall' at the UK box office. The provided image evidence shows Daniel Craig as James Bond in 'Skyfall', which aligns with the news caption's topic. The image source is 'The Guardian', a credible news organization. The image caption confirms it's Daniel Craig in 'Skyfall'. The detected visual entities like 'James Bond', 'Daniel Craig', and 'Skyfall' directly relate to the news content and the image. Therefore, the image provides visual support for the news caption.",
      "verdict": true
    }
  },
  "external_check": {
    "text_evidences": [
      {
        "title": "Javier Bardem | Page 4 of 8 | The Guardian",
        "content": "Javier Bardem | Page 4 of 8 | The Guardian",
        "caption": "Skyfall  in the ascendancy at the UK box office.",
        "domain": "www.theguardian.com"
      },
      {
        "title": "Skyfall smashes UK box office records | James Bond | The Guardian",
        "content": "Skyfall smashes UK box office records | James Bond | The Guardian",
        "caption": "Skyfall  in the ascendancy at the UK box office. Photograph: Sportsphoto Ltd/Allstar",
        "domain": "www.theguardian.com"
      },
      {
        "title": "Skyfall smashes UK box office records | James Bond | The Guardian",
        "content": "Skyfall smashes UK box office records | James Bond | The Guardian",
        "caption": "Skyfall  in the ascendancy at the UK box office. Photograph: Sportsphoto Ltd/Allstar",
        "domain": "www.theguardian.com"
      },
      {
        "title": "Skyfall smashes UK box office records | James Bond | The Guardian",
        "content": "Skyfall smashes UK box office records | James Bond | The Guardian",
        "caption": "Skyfall  in the ascendancy at the UK box office. Photograph: Sportsphoto Ltd/Allstar",
        "domain": "www.theguardian.com"
      },
      {
        "title": "Skyfall smashes UK box office records | James Bond | The Guardian",
        "content": "Skyfall smashes UK box office records | James Bond | The Guardian",
        "caption": "Skyfall  in the ascendancy at the UK box office. Photograph: Sportsphoto Ltd/Allstar",
        "domain": "www.theguardian.com"
      }
    ],
    "result": {
      "verdict": true,
      "alignment_score": 85,
      "confidence_score": 8,
      "explanation": "The news image and the reference images retrieved based on the caption \"Skyfall in the ascendancy at the UK box office\" primarily depict a scene from the film Skyfall, highlighting a character prominently situated on a motorcycle within a market-like environment. All images feature Daniel Craig, dressed in a suit, on a motorcycle in a similar urban setting, which is consistent with imagery typically associated with the film. Both lighting conditions and overall ambiance appear aligned, contributing to the recognition of the sequence from a specific action scene. Notably, the temporal elements, such as natural daylight and the season reflected in the images, maintain consistency, reinforcing the context of a film scene rather than suggesting a real event portrayed in a misleading manner. However, slight differences exist in the angle and exact positioning of the motorcycle, along with varying crowd sizes. These variations do not detract from the overarching representation of the film in the context of its box office performance discussions. Thus, while visual discrepancies are present, they do not impede the contextual fidelity of the news image.",
      "key_observations": "- All images depict Daniel Craig on a motorcycle in a market scene, consistent with the Skyfall context.\n- Lighting and ambiance in the news image align with those in reference images.\n- Minor differences in angle and positioning of the motorcycle, but these do not significantly alter the essence of the scene.\n- The presence of a crowd in varying sizes across the images does not affect the overall context of the film scene.\n- No apparent signs of digital manipulation."
    }
  },
  "final_result": {
    "OOC": false,
    "confidence_score": 9,
    "explanation": "Both internal and external checks strongly suggest that the news caption accurately represents the image. The internal check resulted in a verdict of True with a confidence score of 9, supported by the fact that the image shows Daniel Craig as James Bond in 'Skyfall', aligning with the caption's topic. The external check also yielded a verdict of True, with an alignment score of 85 and a confidence score of 8. This is based on the similarity between the news image and reference images, which depict a scene from Skyfall with Daniel Craig on a motorcycle in a market setting. Given that both checks align and provide supporting evidence, the caption is considered not out of context.",
    "validation_summary": "Both internal and external checks confirm the caption accurately represents the image, showing Daniel Craig in 'Skyfall'. High confidence and alignment scores support this conclusion."
  },
  "inference_time": 10.88752007484436
}