{
  "caption": "Rob Brydon and the support crew following Walliams into Windsor",
  "ground_truth": false,
  "internal_check": {
    "visual_entities": [
      "Sport Relief",
      "Rafting",
      "Inflatable Boat",
      "Sea kayak",
      "Whitewater kayaking",
      "Canoe",
      "Adventure racing",
      "Paddle",
      "Rowing",
      "Kayak",
      "Watercraft",
      "David Walliams",
      "Rob Brydon",
      "david walliams rob brydon"
    ],
    "image_evidences": [],
    "result": {
      "confidence_score": 10,
      "explanation": "The news caption mentions 'Rob Brydon and the support crew following Walliams into Windsor'. The detected visual entities include 'David Walliams', 'Rob Brydon', and 'david walliams rob brydon'. Since the entities align with the caption, the verdict is True.",
      "verdict": true
    }
  },
  "external_check": {
    "text_evidences": [
      {
        "title": "David Walliams swims the Thames - in pictures | Television & radio | The Guardian",
        "content": "David Walliams swims the Thames - in pictures | Television & radio ...",
        "caption": "David Walliams Thames : Cookham bridge",
        "domain": "www.theguardian.com"
      },
      {
        "title": "David Walliams swims the Thames - in pictures | Television & radio | The Guardian",
        "content": "David-Walliams-swims-in-t-003. ...",
        "caption": "",
        "domain": "www.theguardian.com"
      }
    ],
    "result": {
      "verdict": false,
      "alignment_score": 45,
      "confidence_score": 6,
      "explanation": "The analysis of the news image in relation to the caption \"Rob Brydon and the support crew following Walliams into Windsor\" reveals significant discrepancies between the news image and the reference images. The primary visual focus of the news image shows a kayak and several crew members in a boat, presumably supporting someone during a water event. However, the reference images seem to capture different moments or events involving David Walliams, with one featuring him laughing with a supporter and another showing a distant view of someone in the water. \n\nVisual consistency varies widely; while all images exhibit water contexts, the specific individuals and activities depicted differ significantly. The news image does not clearly establish a direct connection to Rob Brydon and Walliams, as the reference images do not showcase Brydon or a similar event atmosphere. \n\nIn terms of temporal consistency, while no specific timestamps are available for the news image and reference images, the weather and lighting conditions appear consistent across the board, indicating potential synchronicity in timing and season. However, the core subjects of the images do not align, causing a breakdown in context. \n\nFurthermore, manipulation signs are minimal; the lighting seems consistent in both the news image and reference images, with no apparent digital alterations detected. Ultimately, while the scene of kayaking aligns thematically with similar events, the disconnection from the referenced persons (Rob Brydon or David Walliams) leads to a conclusion that the news image does not accurately represent the context implied by the caption.",
      "key_observations": "- The news image features a kayak and support crew, which differs from the activity shown in the reference images.\n- Reference images do not showcase Rob Brydon in a significant manner or in the same event.\n- There are no visible signs of manipulation in the news image; however, it does not visually represent the individuals referenced.\n- Lighting and seasonal conditions appear consistent across images, but without clear connections to the core subjects."
    }
  },
  "final_result": {
    "OOC": true,
    "confidence_score": 8,
    "explanation": "The internal check suggests the caption aligns with the image content, while the external check indicates discrepancies. The internal check has a perfect confidence score of 10, but this only reflects that the entities are present, not that they are the primary focus or accurately represent the event described in the caption. The external check, though lower in confidence (6) but has a strong reason to believe that the image does not correspond to the specific event described in the caption, observing that the image primarily features a kayak and support crew without clear links to Rob Brydon and David Walliams in Windsor. Given the discrepancy and the evidence provided by the external check focusing on specific visual details and context, the caption is likely out of context. The alignment score of 45 further supports the conclusion that the image and caption are mismatched. Therefore, the final verdict is that the caption is out of context.",
    "validation_summary": "Internal check says caption aligns with the image's entities, but external check finds the image doesn't accurately represent the event described, suggesting it's out of context. The external check is prioritized due to its context-aware evidence."
  },
  "inference_time": 13.288039684295654
}