{
  "caption": "A woman walks through a neighborhood of Ecatepec Mexico on Sunday Feb 14 2016 Pope Francis visited the densely populated impoverished and crimeridden suburb of Mexico City on Sunday",
  "ground_truth": true,
  "internal_check": {
    "visual_entities": [
      "Alcoutim",
      "Infant",
      "Euro",
      "Parent",
      "Town",
      "Population",
      "Portugal",
      "Portuguese Language",
      "Portuguese people",
      "wall"
    ],
    "image_evidences": [],
    "result": {
      "confidence_score": 2,
      "explanation": "The news caption describes a woman walking in Ecatepec, Mexico, during Pope Francis's visit, highlighting the area's poverty and crime. The detected visual entities include locations like 'Alcoutim', 'Town', 'Portugal,' and demographics like 'Population', 'Portuguese Language,' 'Portuguese people,' and general objects such as 'Infant', 'Euro', 'Parent' and 'wall.' There is no direct overlap or clear relationship between these detected entities and the details provided in the news caption. The detected entities do not support the caption's information about Mexico, poverty, or the Pope's visit. Therefore, a direct comparison reveals significant discrepancies, leading to a low confidence score.",
      "verdict": false
    }
  },
  "external_check": {
    "text_evidences": [],
    "result": null
  },
  "final_result": {
    "OOC": true,
    "confidence_score": 2,
    "explanation": "The internal check, which has a confidence score of 2, indicates that the visual elements detected in the image ('Alcoutim', 'Town', 'Portugal', 'Population', 'Portuguese Language', 'Portuguese people', 'Infant', 'Euro', 'Parent' and 'wall') do not align with the news caption describing a woman walking in Ecatepec, Mexico during Pope Francis' visit. The detected visual entities do not support the caption's information about Mexico, poverty, or the Pope's visit. The external check result is unavailable. Therefore, based on the available internal check data, the caption is considered out of context. The low confidence score is due to the limited information available from the internal check.",
    "validation_summary": "The internal check reveals that the image's visual elements do not match the caption's description of an event in Mexico. The external check is unavailable."
  },
  "inference_time": 4.762747287750244
}