{
  "caption": "Hillary Clinton pressed on email server during Iowa town hall",
  "ground_truth": true,
  "internal_check": {
    "visual_entities": [
      "Spokesperson",
      "Public speaking",
      "Communication",
      "Public Relations",
      "Business",
      "Speech",
      "Businessperson",
      "United States Hispanic Chamber of Commerce",
      "Entrepreneur",
      "Presidential nominee",
      "Journalist",
      "Orator",
      "public speaking"
    ],
    "image_evidences": [],
    "result": {
      "confidence_score": 7,
      "explanation": "The news caption mentions Hillary Clinton participating in an Iowa town hall and being questioned about her email server. The detected visual entities include 'Public speaking', 'Communication', 'Public Relations', 'Speech', 'Businessperson', 'Journalist', and 'Orator', which are all consistent with a town hall setting where a prominent figure like Hillary Clinton (identified by 'Presidential nominee') might be speaking and interacting with journalists. The presence of 'United States Hispanic Chamber of Commerce' and 'Entrepreneur' could indicate the event is business-related, aligning with potential discussions about her email server. Although the detected entities don't explicitly mention the email server, the overall context is reasonably consistent with the caption.",
      "verdict": true
    }
  },
  "external_check": {
    "text_evidences": [
      {
        "title": "Clinton pressed on emails and Trump defends praising Putin as they compete for military support - Los Angeles Times",
        "content": "Clinton pressed on emails and Trump defends praising Putin as they ...",
        "caption": "Hillary Clinton speaks during a military issues forum Wednesday in New York.",
        "domain": "www.latimes.com"
      }
    ],
    "result": {
      "verdict": false,
      "alignment_score": 45,
      "confidence_score": 6,
      "explanation": "The analysis of the news image featuring Hillary Clinton, as it relates to the caption about her being pressed on the email server during an Iowa town hall, reveals several significant inconsistencies with reference images. The key visual elements expected from the caption include the setting of a town hall meeting, an audience present, and a direct engagement in conversation, potentially under bright indoor lighting. \n\nIn the news image, Clinton appears to be in a different context, most likely during a different event altogether, as suggested by the lack of a town hall setting. The backdrop features a generic logo, with no visible audience or engagement context. In contrast, the reference images depict Clinton in a more vibrant setting that includes an audience, suggesting a more dynamic discussion atmosphere. Moreover, the attire and expressions differ; in the news image, Clinton is in a white outfit, whereas, in the reference images, she is dressed in a red outfit, indicating different events or contexts altogether.\n\nTemporal indicators also suggest differences: lighting in the first image is evenly lit, resembling an indoor environment with soft colors, while reference images showcase sharper contrasts, indicative of potentially different venues or times. The camera angles differ significantly; the news image employs a straightforward frontal approach, while the reference images feature more dynamic angles that include the audience, supporting the event's lively context. \n\nFurthermore, there are no evident signs of digital manipulation in the news image, but the overall compositional choices steer significantly away from the context implied by the caption. The absence of an audience, the nature of the backdrop, and Clinton's attire collectively lead to the conclusion that the news image does not accurately capture the event in question.\n\nOverall, despite minor visual similarities, the significant contextual discrepancies flagged in the assessment indicate that the news image fails to convey the core event context described in the caption about Clinton's engagement at a town hall meeting in Iowa.",
      "key_observations": [
        "Clinton is dressed in a white outfit in the news image vs. a red outfit in reference images.",
        "The background of the news image features a logo, lacking an audience or town hall setting seen in references.",
        "Camera angles and lighting differ substantially: news image features even lighting, while references show dynamic lighting and angles in an engaging atmosphere.",
        "The absence of an audience in the news image contrasts with the presence of engaged individuals in reference images, which is key to a town hall meeting context."
      ]
    }
  },
  "final_result": {
    "OOC": true,
    "confidence_score": 7,
    "explanation": "The internal check suggests the caption could be consistent with the image, with a confidence score of 7. However, the external check indicates significant discrepancies between the image and reference images of a town hall setting, resulting in an alignment score of 45 and a confidence score of 6. Given the inconsistencies highlighted by the external check (different attire, absence of an audience, dissimilar background, and variations in lighting and camera angles), the image does not appear to represent Hillary Clinton being questioned about her email server during an Iowa town hall. Although the internal check provides a moderate level of confidence, the external check's detailed observations of mismatches lead to the conclusion that the caption is out of context. Therefore, the caption is determined to be out of context.",
    "validation_summary": "The internal check suggests a possible alignment, but the external check reveals significant inconsistencies, leading to the conclusion that the caption is out of context."
  },
  "inference_time": 10.654555082321167
}