{
  "caption": "President Obama takes in the scene early Wednesday after speaking to supporters in Chicago following his reelection victory",
  "ground_truth": true,
  "internal_check": {
    "visual_entities": [
      "Helicopter",
      "Airplane",
      "Aviation",
      "Night",
      "helicopter"
    ],
    "image_evidences": [],
    "result": {
      "confidence_score": 1,
      "explanation": "The news caption describes a scene with President Obama after his reelection victory speech in Chicago. The detected visual entities include 'Helicopter', 'Airplane', 'Aviation', and 'Night'. There is no direct contradiction, however, the presence of aircrafts does not necessarily support the claim about the speech or the location. The connection is weak, so the confidence score is low.",
      "verdict": false
    }
  },
  "external_check": {
    "text_evidences": [
      {
        "title": "How Obama won re-election",
        "content": "How Obama won re-election",
        "caption": "President Obama takes in the scene early Wednesday after speaking to supporters in Chicago following his re-election victory.",
        "domain": "www.usatoday.com"
      },
      {
        "title": "Obama made his DNC debut 2 decades ago. Hes returning to make the case for Kamala Harris | PBS News",
        "content": "Obama made his DNC debut 2 decades ago. He's returning to make the ...",
        "caption": "Senate candidate and keynote speaker Obama addresses Democratic National Convention.",
        "domain": "www.pbs.org"
      }
    ],
    "result": {
      "verdict": false,
      "alignment_score": 35,
      "confidence_score": 5,
      "explanation": "The news image depicts President Obama arriving via helicopter at night, as indicated by the lighting and the presence of the Washington Monument in the background. This differs significantly from the reference images associated with his reelection victory, which present a celebratory atmosphere at a campaign event in Chicago with bright, colorful confetti and a lively crowd. While the emotional context of the news image represents a moment after the victory, it contrasts strongly with the references that highlight the energy and excitement of the event. The lighting suggests nighttime, while reference images depict daytime or well-lit indoor situations. Additionally, the spatial relationship in the news image, focusing on Obama and the helicopter, lacks the audience and event context that is consistent in the references. No signs of digital manipulation are observed, but the contextual divergence indicates a significant difference that may mislead viewers about the nature of the event after Obama's victory.",
      "key_observations": "- News image shows Obama at night, arriving via helicopter, not celebrating.\n- Reference images depict joyful scenes with confetti and crowds during daytime.\n- Lighting differences (dark vs. bright) suggest different times and settings of events.\n- News image lacks the context of a public celebration, focusing instead on arrival.",
      "} стены 10-12 lines of code to add into the functions to create key observations based on your inputs, extracting relevant comparisons, contradictions, and insights. Don't forget to keep the information organized and specific for easy reference.  Give a clear and concise logic behind the observations. Ensure that the observations remain objective without inferring. Keep the wording neutral and factual.  Avoid grand conclusions and stay focused on the supporting evidence provided in the analysis.": 1,
      "2": 1
    }
  },
  "final_result": {
    "OOC": true,
    "confidence_score": 7,
    "explanation": "The internal check has a confidence score of 1 and indicates a weak connection between the caption and the visual entities detected in the image. The external check has a confidence score of 5 and a low alignment score of 35, asserting that the image differs significantly from reference images associated with Obama's reelection victory. It highlights discrepancies in the setting (night vs. day), context (arrival vs. celebration), and emotional tone. Given the consistent disagreement and prioritizing the external check due to its higher confidence and specific observations about contextual divergence, the caption is deemed out of context. The combined evidence suggests the image does not accurately represent the described victory celebration. The confidence score is moderate because the internal check does not strongly contradict the caption, but the external check provides substantial evidence of misalignment.",
    "validation_summary": "Both internal and external checks suggest the caption is out of context. The external check provides stronger evidence, indicating that the image depicts a different event than the described victory celebration."
  },
  "inference_time": 9.859224796295166
}