{
  "caption": "Google s latest version of Android 60 Marshmallow is the best yet with a polished interface powerful app permission controls and longer battery life",
  "ground_truth": true,
  "internal_check": {
    "visual_entities": [
      "Honor 5X",
      "Samsung Galaxy S4 Mini",
      "Rooting",
      "Smartphone",
      "Sony Xperia E",
      "Huawei Honor 5X",
      "SIM Card",
      "Android",
      "Huawei",
      "OnePlus 2",
      "Android Marshmallow",
      "Team Win Recovery Project",
      "Huawei HONOR",
      "Samsung Galaxy",
      "Mobile Phone",
      "feature phone"
    ],
    "image_evidences": [
      {
        "title": "Honor 5X review  a lot of phone for the money, let down by poor software | Smartphones | The Guardian",
        "content": "",
        "caption": "The Honor 5X offers a lot of smartphone for the money, but is hampered by poorly optimised software.",
        "domain": "www.theguardian.com"
      }
    ],
    "result": {
      "confidence_score": 8,
      "explanation": "The news caption discusses Android 6.0 Marshmallow, highlighting its polished interface, app permission controls, and improved battery life. The news content corroborates these points, mentioning features like 'Now on Tap,' enhanced app permissions, and 'Doze' for better battery management. The detected visual entities include 'Android Marshmallow' which directly supports the topic. The image evidence presents an article from The Guardian reviewing the Honor 5X, mentioning 'poorly optimized software'. While the Honor 5X itself isn't the focus of the news (Android 6.0 Marshmallow), the review's domain (The Guardian) is a reputable source. However, the specific image caption's reference to 'poorly optimised software' doesn't directly relate to the positive attributes of Marshmallow highlighted in the news caption and content. Therefore, while the existence of Android and related phones is verifiable, the specific image caption's content detracts from directly supporting the news article about the Android 6.0 Marshmallow release. Since the image provides some context but does not directly support the claims about Marshmallow itself, the verdict is set to False.",
      "verdict": false
    }
  },
  "external_check": {
    "text_evidences": [],
    "result": null
  },
  "final_result": {
    "OOC": true,
    "confidence_score": 8,
    "explanation": "The internal check indicates that the news caption about Android 6.0 Marshmallow is not accurately represented by the image content related to 'poorly optimized software' on an Honor 5X, leading to a 'False' verdict with a confidence score of 8. The external check result is 'None', providing no additional information. Therefore, based on the internal check alone, the caption is determined to be out of context. The internal check's confidence score of 8 is taken as the final confidence score.",
    "validation_summary": "Internal check: False (mismatch between Android 6.0 Marshmallow caption and Honor 5X image content). External check: None."
  },
  "inference_time": 4.8616251945495605
}