{
  "caption": "Natalie Gumede partners Artem Chigvintsev on Strictly Come Dancing",
  "ground_truth": false,
  "internal_check": {
    "visual_entities": [
      "Artem Chigvintsev",
      "Natalie Gumede",
      "Strictly Come Dancing",
      "Coronation Street",
      "Actor",
      "Ballroom dance",
      "Quickstep",
      "Medical drama",
      "Julien Macdonald",
      "Janette Manrara",
      "Patrick Robinson",
      "Casualty",
      "Deborah Meaden",
      "Mark Benton",
      "fashion model"
    ],
    "image_evidences": [
      {
        "title": "Strictly's Natalie Gumede 'all clear' after back injury - BBC News",
        "content": "",
        "caption": "Artem Chigvintsev and Natalie Gumede performing on Strictly Come Dancing",
        "domain": "www.bbc.com"
      },
      {
        "title": "Strictly's Natalie Gumede stops training with back pain - BBC News",
        "content": "",
        "caption": "Artem Chigvintsev and Natalie Gumede performing on Strictly Come Dancing",
        "domain": "www.bbc.com"
      }
    ],
    "result": {
      "confidence_score": 9,
      "explanation": "The news caption mentions Natalie Gumede partnering with Artem Chigvintsev on Strictly Come Dancing. Both image evidences show Natalie Gumede and Artem Chigvintsev performing on Strictly Come Dancing, which supports the caption. The BBC is a credible source, and the image context appears to be consistent with the news article's subject matter. The visual entities 'Natalie Gumede' and 'Artem Chigvintsev' and 'Strictly Come Dancing' align with those mentioned in the news and shown in the image.",
      "verdict": true
    }
  },
  "external_check": {
    "text_evidences": [],
    "result": null
  },
  "final_result": {
    "OOC": false,
    "confidence_score": 9,
    "explanation": "The internal check confirms that the caption 'Natalie Gumede partners Artem Chigvintsev on Strictly Come Dancing' accurately represents the image. The internal check result provides a confidence score of 9 and a verdict of True, indicating strong support for the caption's accuracy. No external check was performed. Therefore, based on the available evidence, the caption is not out of context.",
    "validation_summary": "The internal check confirms the caption accurately represents the image content. No external checks were available."
  },
  "inference_time": 3.1766395568847656
}