{
  "caption": "Andy Murray wipes his head after having his serve broken by Guillermo GarciaLopez",
  "ground_truth": false,
  "internal_check": {
    "visual_entities": [
      "Athlete",
      "Product",
      "Forehead",
      "Competition",
      "soccer player"
    ],
    "image_evidences": [],
    "result": {
      "confidence_score": 8,
      "explanation": "The detected entities include 'Athlete' and 'Competition', which align with the caption describing Andy Murray during a tennis match. The caption mentions Murray wiping his head after being broken, which suggests a moment during the match. The presence of 'Athlete' supports this. 'soccer player' seems to be an error in object detection. Given the entities, the caption is reasonably aligned with the detected visual entities.",
      "verdict": true
    }
  },
  "external_check": {
    "text_evidences": [
      {
        "title": "Andy Murray baffled after Indian Wells upset against Guillermo Garcia-Lopez | Andy Murray | The Guardian",
        "content": "Andy Murray baffled after Indian Wells upset against Guillermo ...",
        "caption": "Andy Murray wipes his head after having his serve broken by Guillermo Garcia-Lopez. Photograph: Danny Moloshok/Reuters",
        "domain": "www.theguardian.com"
      },
      {
        "title": "Wimbledon 2013: day one  as it happened | Wimbledon 2013 | The Guardian",
        "content": "Wimbledon 2013: day one  as it happened | Wimbledon 2013 | The ...",
        "caption": "Rafael Nadal suffers against Steve Darcis. Photograph: Mike Hewitt/Getty Images",
        "domain": "www.theguardian.com"
      },
      {
        "title": "Nadal's low seeding gives Djokovic clear run to Wimbledon final | CNN",
        "content": "Nadal's low seeding gives Djokovic clear run to Wimbledon final | CNN",
        "caption": "Getty Images",
        "domain": "www.cnn.com"
      },
      {
        "title": "Andy Murray baffled after Indian Wells upset against Guillermo Garcia-Lopez | Andy Murray | The Guardian",
        "content": "Andy Murray baffled after Indian Wells upset against Guillermo ...",
        "caption": "Andy Murray wipes his head after having his serve broken by Guillermo Garcia-Lopez. Photograph: Danny Moloshok/Reuters",
        "domain": "www.theguardian.com"
      },
      {
        "title": "Wimbledon 2013: day one  as it happened | Wimbledon 2013 | The Guardian",
        "content": "Wimbledon 2013: day one  as it happened | Wimbledon 2013 | The ...",
        "caption": "Rafael Nadal suffers against Steve Darcis. Photograph: Mike Hewitt/Getty Images",
        "domain": "www.theguardian.com"
      }
    ],
    "result": {
      "verdict": true,
      "alignment_score": 85,
      "confidence_score": 8,
      "explanation": "The news image features Andy Murray during a tennis match, visibly wiping his head after having his serve broken by Guillermo Garcia-Lopez. This aligns with the caption, as it captures a moment of frustration common in tennis. Key visual elements such as Murray's orange shirt and towel around his neck match the reference images, particularly those from 2012. The lighting and background appear consistent, suggesting the image is appropriately contextualized from that era. While the emotional intensity of the reference images varies, the overall context—a tennis player expressing frustration during a match—is consistently represented across the images. The primary concern is the lack of specific visual links to the opposing player, which is common in sports captures focusing on one player. Overall, the visual elements and context align well with the expectations set by the caption.",
      "key_observations": [
        "Murray is wearing an orange shirt and has a towel, consistent with reference images from 2012.",
        "The action of wiping his head reflects a recognizable moment after a serve is broken, as described in the caption.",
        "Lighting conditions in the news image mimic typical indoor lighting at a tennis match, supporting the visual context.",
        "No discernible manipulation or alteration is noted in the news image, reinforcing authenticity."
      ]
    }
  },
  "final_result": {
    "OOC": false,
    "confidence_score": 8,
    "explanation": "Both internal and external checks suggest the caption accurately represents the image. The internal check has a confidence score of 8 and confirms the presence of entities like 'Athlete' and 'Competition' that align with the caption. The external check, also with a confidence score of 8 and alignment score of 85, validates that the image shows Andy Murray in a tennis match, wiping his head after a serve, which corresponds to the caption. Given the agreement and similar confidence levels, the caption is not out of context.",
    "validation_summary": "Both internal and external checks confirm the caption accurately describes the image content; hence, it is not out of context."
  },
  "inference_time": 13.009081363677979
}