{
  "caption": "In Kiev the capital of Ukraine mourners placed flowers and lit candles outside the Malaysian embassy",
  "ground_truth": false,
  "internal_check": {
    "visual_entities": [
      "Malaysia Airlines Flight 17",
      "Malaysia Airlines",
      "Malaysia Airlines",
      "Reuters",
      "tradition"
    ],
    "image_evidences": [],
    "result": {
      "confidence_score": 7,
      "explanation": "The news caption mentions mourners placing flowers and lighting candles outside the Malaysian embassy in Kiev. The detected visual entities include 'Malaysia Airlines Flight 17' and 'Malaysia Airlines', which are related to the Malaysian airliner crash mentioned in the news content. While the entities do not directly show the mourners, flowers, or candles, the presence of 'Malaysia Airlines' related entities does align with the context of mourning implied in the caption. However, without direct visual evidence of the mourners and associated actions, the alignment is partial. The confidence score reflects this partial alignment.",
      "verdict": true
    }
  },
  "external_check": {
    "text_evidences": [],
    "result": null
  },
  "final_result": {
    "OOC": false,
    "confidence_score": 7,
    "explanation": "The internal check suggests the caption is not entirely out of context, assigning a confidence score of 7. This is based on the presence of entities like 'Malaysia Airlines Flight 17' and 'Malaysia Airlines' in the image, aligning with the news content about the Malaysian airliner crash and the implied mourning in the caption. However, the check notes the absence of direct visual evidence of mourners, flowers, or candles, indicating only a partial alignment. Since the external check result is unavailable, the conclusion relies solely on the internal check, which indicates a partial, but not complete, alignment. The confidence score reflects this partial alignment.",
    "validation_summary": "The internal check indicates partial alignment between the caption and image content, while the external check is unavailable. Therefore, a conclusion is based only on the internal check."
  },
  "inference_time": 3.7237348556518555
}