{
  "caption": "Presumptive Republican presidential candidate Donald Trump speaks at a rally at Ohio University Eastern Campus in St Clairsville Ohio on Tuesday June 28 2016",
  "ground_truth": false,
  "internal_check": {
    "visual_entities": [
      "Public speaking",
      "Motivational speaker",
      "Speech",
      "Gentleman",
      "Dude",
      "Motivation",
      "Orator",
      "Public",
      "official"
    ],
    "image_evidences": [],
    "result": {
      "confidence_score": 9,
      "explanation": "The caption states that Donald Trump is speaking at a rally. The detected visual entities include 'Public speaking', 'Speech', 'Orator', and 'Public', which strongly align with the caption's description of a rally where a speech is being given. The presence of 'Gentleman', 'Dude', and 'official' also supports this interpretation. Therefore, the visual entities are highly consistent with the news caption.",
      "verdict": true
    }
  },
  "external_check": {
    "text_evidences": [],
    "result": null
  },
  "final_result": {
    "OOC": false,
    "confidence_score": 9,
    "explanation": "The internal check, with a confidence score of 9, confirms the caption's accuracy in representing the image. The detected visual entities align with the description of Donald Trump speaking at a rally. The external check result is 'None', so there's no conflicting information. Therefore, the caption is not out of context.",
    "validation_summary": "The internal check confirms the caption's accuracy, and there is no external check to provide conflicting information."
  },
  "inference_time": 3.123656749725342
}