{
  "caption": "Jagger with his then wife Bianca in 1972 when John Humphrys last saw the Stones",
  "ground_truth": true,
  "internal_check": {
    "visual_entities": [
      "Musical theatre",
      "Concert",
      "Blues",
      "Rock",
      "Theatre",
      "Record Producer",
      "Fillmore West",
      "Bill Graham",
      "Jimi Hendrix",
      "Janis Joplin",
      "musical theatre"
    ],
    "image_evidences": [],
    "result": {
      "confidence_score": 7,
      "explanation": "The caption mentions 'Jagger' and 'Bianca' in 1972. The news content discusses Mick Jagger and the Rolling Stones, referencing a concert in 1972. The detected visual entities include 'Rock', 'Concert', 'Musical theatre', 'Blues', which aligns with the news content's discussion of the Rolling Stones and their music. The presence of these entities, especially 'Rock' and 'Concert', supports the caption's implication of a musical performance or event involving Jagger. However, the detected entities do not explicitly confirm the presence of Bianca or directly visualize Jagger. The entities do not contradict the caption, but they don't provide a complete verification. The confidence score reflects the partial support from the detected entities.",
      "verdict": true
    }
  },
  "external_check": {
    "text_evidences": [],
    "result": null
  },
  "final_result": {
    "OOC": false,
    "confidence_score": 7,
    "explanation": "The internal check provides a confidence score of 7, indicating that the caption is likely not out of context. This determination is based on the presence of visual entities like 'Rock', 'Concert', 'Musical theatre', and 'Blues' aligning with the news content's discussion of the Rolling Stones and their music, specifically referencing a concert in 1972. While the detected entities do not fully confirm the presence of Bianca or directly visualize Jagger, they do not contradict the caption. Since the external check result is 'None', the decision relies solely on the internal check. Thus, the caption is deemed not out of context, with a confidence score reflecting the partial but supportive evidence.",
    "validation_summary": "The internal check suggests the caption is likely accurate based on detected visual entities aligning with the news content. The external check provided no additional information, and there were no contradictions."
  },
  "inference_time": 4.322077512741089
}