{
  "caption": "The Cave the latest adventure from Monkey Island creator Ron Gilbert",
  "ground_truth": false,
  "internal_check": {
    "visual_entities": [
      "The Cave",
      "Wii U",
      "Adventure game",
      "PlayStation 3",
      "Double Fine",
      "The Cave - Mac, Win - Download - English",
      "Platform game",
      "Puzzle Video Game",
      "Action-adventure game",
      "point-and-click adventure",
      "Ron Gilbert",
      "pc game"
    ],
    "image_evidences": [],
    "result": {
      "confidence_score": 9,
      "explanation": "The news caption mentions 'The Cave' as the latest adventure from Ron Gilbert, the creator of Monkey Island. The detected visual entities include 'The Cave', 'Adventure game', and 'Ron Gilbert', suggesting a strong alignment between the caption and the visual content. The news content confirms that 'The Cave' is a new adventure game from Ron Gilbert. Therefore, the caption accurately represents the visual content.",
      "verdict": true
    }
  },
  "external_check": {
    "text_evidences": [
      {
        "title": "Five great console games to download this weekend | Games | The Guardian",
        "content": "Five great console games to download this weekend | Games | The ...",
        "caption": "The Cave: the latest adventure from Monkey Island creator, Ron Gilbert",
        "domain": "www.theguardian.com"
      }
    ],
    "result": {
      "verdict": true,
      "alignment_score": 98,
      "confidence_score": 9,
      "explanation": "The news image of 'The Cave,' the latest creation from Ron Gilbert, aligns closely with visual elements expected based on the caption. Both images feature the same main characters, positioned on a wooden platform with a similar background setting. Elements such as the tall structure, the wooden materials, and the characters (one resembling a creature and the other an older figure with a beard) are consistent between the news image and the reference image. The color palette and lighting in both images depict a whimsical and adventure-filled environment, appropriate for a game created by Ron Gilbert. Additionally, there are no visible signs of manipulation or discrepancies in shadows that would suggest the images were altered or improperly aligned in terms of natural light conditions. The consistency in composition, color, and character design reinforces the thematic elements one would expect from the adventure game, maintaining accuracy as per the news caption.",
      "key_observations": "- Both images depict the same characters in a labeled game environment. \n- Similar use of materials (wood) and structural design in both images. \n- No noticeable manipulation or unnatural lighting differences. \n- Strong alignment visually and contextually with the 'Monkey Island creator' branding."
    }
  },
  "final_result": {
    "OOC": false,
    "confidence_score": 9,
    "explanation": "The internal and external checks both indicate that the caption accurately represents the image. Both checks have high confidence scores (9). The internal check confirms the game title and creator mentioned in the caption are present in the news content. The external check confirms a strong visual and contextual alignment between the news image and reference images, with a high alignment score (98). Therefore, the caption is not out of context.",
    "validation_summary": "Both internal and external checks confirm the caption accurately represents the image, with high confidence and alignment scores."
  },
  "inference_time": 6.4639623165130615
}