{
  "caption": "Police raid on factory in Rochdale follows arrests across Great Manchester in November as part of Operation Retriever",
  "ground_truth": true,
  "internal_check": {
    "visual_entities": [
      "Fenway Park",
      "Boston Red Sox",
      "New York Yankees",
      "Baseball",
      "Simpson Court",
      "BPDNews.com",
      "Veterinarian",
      "Boston Police Department",
      "COVID-19 vaccine",
      "Wallingford",
      "Fenway-Kenmore",
      "Hanley Ramirez",
      "Boston",
      "pet"
    ],
    "image_evidences": [],
    "result": {
      "confidence_score": 2,
      "explanation": "The news caption mentions a police raid on a factory in Rochdale, related to Operation Retriever. The detected visual entities include terms like 'Fenway Park', 'Boston Red Sox', 'New York Yankees', 'Baseball', etc., which are completely unrelated to the content of the news caption. There is no visual entity detected that is related to police, factory, Rochdale or operation retriever. Thus the caption is not related to the visual entities. Therefore the verdict is false.",
      "verdict": false
    }
  },
  "external_check": {
    "text_evidences": [
      {
        "title": "Three arrested after raid on slave factory in Rochdale | Manchester | The Guardian",
        "content": "Three arrested after raid on 'slave' factory in Rochdale ...",
        "caption": "Police raid on factory in Rochdale follows arrests across Great Manchester in November as part of Operation Retriever. Photograph: Christopher Furlong/Getty Images",
        "domain": "www.theguardian.com"
      },
      {
        "title": "Three arrested after raid on slave factory in Rochdale | Manchester | The Guardian",
        "content": "Three arrested after raid on 'slave' factory in Rochdale ...",
        "caption": "Police raid on factory in Rochdale follows arrests across Great Manchester in November as part of Operation Retriever. Photograph: Christopher Furlong/Getty Images",
        "domain": "www.theguardian.com"
      },
      {
        "title": "Three arrested after raid on slave factory in Rochdale | Manchester | The Guardian",
        "content": "Three arrested after raid on 'slave' factory in Rochdale ...",
        "caption": "Police raid on factory in Rochdale follows arrests across Great Manchester in November as part of Operation Retriever. Photograph: Christopher Furlong/Getty Images",
        "domain": "www.theguardian.com"
      },
      {
        "title": "Three arrested after raid on slave factory in Rochdale | Manchester | The Guardian",
        "content": "Three arrested after raid on 'slave' factory in Rochdale ...",
        "caption": "Police raid on factory in Rochdale follows arrests across Great Manchester in November as part of Operation Retriever. Photograph: Christopher Furlong/Getty Images",
        "domain": "www.theguardian.com"
      }
    ],
    "result": {
      "verdict": false,
      "alignment_score": 30,
      "confidence_score": 6,
      "explanation": "The news image depicting a police officer with a dog does not significantly align with the reference images that predominantly show police tape and officers in high-visibility jackets. The key visual elements expected based on the caption include a police presence at a crime scene, with indicators of a police operation such as emphasis on police tape or arrested individuals. \n\nIn terms of temporal consistency, the lighting and context of the setting in the news image appear different from the references, which predominantly show a more urban environment at some crime scenes versus a factory setting implied by the caption. The seasonal elements, such as lighting, also do not match across the images. \n\nSpatially, the news image presents a police officer in what looks like a different context compared to the environments shown in the reference images, which depict a more open area with police tape as a central focus. \n\nAdditionally, there are no evident signs of digital manipulation in the news image; however, the overall disparity in the subjects and context suggests that the news image may not accurately represent the event described in the caption, undermining its reliability. \nTherefore, while the core topic of policing is present, the alignment with the specific event described as part of Operation Retriever is inadequate.",
      "key_observations": [
        "The news image shows a police officer with a dog, while reference images focus on police tape and officers in high-visibility jackets.",
        "Temporal indicators like lighting and environment differ; news image appears indoors, while references seem to be outdoors or in urban settings.",
        "Spatially, the news image does not depict a factory setting as mentioned in the caption, failing to match the expected context.",
        "No signs of digital manipulation found, but the context does not align appropriately, raising concerns about representational accuracy."
      ]
    }
  },
  "final_result": {
    "OOC": true,
    "confidence_score": 7,
    "explanation": "The internal check indicates that the visual entities detected in the image (e.g., 'Fenway Park', 'Boston Red Sox', 'New York Yankees', 'Baseball') are completely unrelated to the news caption about a police raid on a factory in Rochdale as part of Operation Retriever. The confidence score for this check is 2. The external check shows that the news image, depicting a police officer with a dog, does not significantly align with the reference images, which show police tape and officers in high-visibility jackets. The external check's alignment score is 30 and confidence score is 6. Since both checks indicate a mismatch between the caption and the image, and prioritizing the external check due to its higher confidence score, the caption is considered out of context. The caption describes a factory raid, whereas the image shows a police officer with a dog, suggesting the image does not accurately represent the described event.",
    "validation_summary": "Both internal and external checks confirm that the image is not related to the news caption about a police raid, leading to the conclusion that the caption is out of context. The external check provides a stronger signal due to its higher confidence score."
  },
  "inference_time": 12.629259586334229
}