{
  "caption": "US senators Amy Klobuchar and Claire McCaskill talk after a news conference at a hotel in Havana",
  "ground_truth": false,
  "internal_check": {
    "visual_entities": [
      "Raul Castro",
      "Patrick Leahy",
      "Cuba",
      "United States",
      "Politics",
      "Cuban Revolutionary Council",
      "Jose Miro Cardona",
      "suit"
    ],
    "image_evidences": [
      {
        "title": "Fresh talks as US and Cuba aim to restore full diplomatic ties | Cuba | The Guardian",
        "content": "",
        "caption": "US senators Amy Klobuchar and Claire McCaskill talk after a news conference at a hotel in Havana.",
        "domain": "www.theguardian.com"
      }
    ],
    "result": {
      "confidence_score": 10,
      "explanation": "The news caption states \"US senators Amy Klobuchar and Claire McCaskill talk after a news conference at a hotel in Havana\". The provided image evidence from The Guardian is titled \"Fresh talks as US and Cuba aim to restore full diplomatic ties | Cuba | The Guardian\" with the caption \"US senators Amy Klobuchar and Claire McCaskill talk after a news conference at a hotel in Havana.\" This perfectly aligns with the news caption. The domain \"www.theguardian.com\" is a reputable news source. There are no detected inconsistencies or manipulations. The image context aligns with the news content about US senators visiting Cuba to discuss diplomatic ties.",
      "verdict": true
    }
  },
  "external_check": {
    "text_evidences": [
      {
        "title": "Cuban vice-president hosts Nancy Pelosi in first meeting with US officials | Cuba | The Guardian",
        "content": "Cuban vice-president hosts Nancy Pelosi in first meeting with US ...",
        "caption": "",
        "domain": "www.theguardian.com"
      }
    ],
    "result": {
      "verdict": true,
      "alignment_score": 85,
      "confidence_score": 8,
      "explanation": "The news image shows US senators Amy Klobuchar and Claire McCaskill walking together, which closely aligns with the context provided in the caption regarding their engagement after a news conference. Both individuals are present in a similar setting, likely within a hotel interior, as mentioned in the caption. The visual elements such as their attire and expressions indicate they are in conversation, reflecting the intended narrative. Key details such as background elements, lighting, and overall composition match well when compared with reference images. Only minor differences are noted, but they do not detract from the contextual accuracy of the visual representation. Therefore, the news image is deemed to accurately reflect the event described.",
      "key_observations": [
        "Subjects present are Amy Klobuchar (wearing a blue blazer) and Claire McCaskill (in a black top and colorful cardigan), as expected from the caption.",
        "Composition and the setting appear consistent with hotel interiors, matching the event's context.",
        "Lighting conditions and facial expressions align well with the reference images, suggesting a similar time and environment for both occurrences."
      ]
    }
  },
  "final_result": {
    "OOC": false,
    "confidence_score": 9,
    "explanation": "Both the internal and external checks indicate that the news caption accurately represents the image. The internal check has a confidence score of 10 and confirms that the caption aligns perfectly with the image's description from The Guardian. The external check, with a confidence score of 8 and an alignment score of 85, also supports the caption's accuracy, noting that the visual elements and subjects present in the image match the caption's description. Since both checks agree and have high confidence and alignment scores, the caption is deemed not out of context. There are no conflicting results or missing data that would suggest otherwise.",
    "validation_summary": "Both internal and external checks confirm the caption accurately represents the image; high confidence and alignment scores support this conclusion."
  },
  "inference_time": 9.39877963066101
}