{
  "caption": "Ready for a fight Donnie Yen in a scene from Crouching Tiger Hidden Dragon The Green Legend",
  "ground_truth": false,
  "internal_check": {
    "visual_entities": [
      "Netflix",
      "IMAX",
      "Martial Arts",
      "Action",
      "2016",
      "Crouching Tiger, Hidden Dragon: Sword of Destiny",
      "Crouching Tiger, Hidden Dragon",
      "Ang Lee",
      "Donnie Yen",
      "Crouching Tiger, Hidden Dragon",
      "Crouching Tiger, Hidden Dragon: Sword of Destiny"
    ],
    "image_evidences": [
      {
        "title": "Crouching Tiger, Hidden Dragon | The Guardian",
        "content": "",
        "caption": "Ready for a fight  Donnie Yen in a scene from Crouching Tiger, Hidden Dragon: The Green Legend",
        "domain": "www.theguardian.com"
      }
    ],
    "result": {
      "confidence_score": 10,
      "explanation": "The news caption mentions Donnie Yen in a scene from Crouching Tiger Hidden Dragon The Green Legend. The image evidence from The Guardian shows Donnie Yen in a scene from Crouching Tiger, Hidden Dragon: The Green Legend, which directly supports the caption. The domain 'www.theguardian.com' is a credible news source. All visual entities in the image align with the caption and the news content. Therefore, the caption reasonably aligns with the visual entities and image evidence.",
      "verdict": true
    }
  },
  "external_check": {
    "text_evidences": [
      {
        "title": "Cinema chains may boycott Netflix's Crouching Tiger, Hidden Dragon sequel | Crouching Tiger, Hidden Dragon | The Guardian",
        "content": "Cinema chains may boycott Netflix's Crouching Tiger, Hidden Dragon ...",
        "caption": "Ready for a fight  Donnie Yen in a scene from Crouching Tiger, Hidden Dragon: The Green Legend",
        "domain": "www.theguardian.com"
      },
      {
        "title": "Crouching Tiger, Hidden Dragon | The Guardian",
        "content": "Crouching Tiger, Hidden Dragon | The Guardian",
        "caption": "Ready for a fight  Donnie Yen in a scene from Crouching Tiger, Hidden Dragon: The Green Legend",
        "domain": "www.theguardian.com"
      },
      {
        "title": "Toothless tigers: Can a film please China and the West? | Arts and Culture | Al Jazeera",
        "content": "Toothless tigers: Can a film please China and the West? | Arts and ...",
        "caption": "In this image released by Netflix, Donnie Yen appears in a scene from Crouching Tiger, Hidden Dragon: The Green Legend [AP Photo/Netflix, Rico Torres]",
        "domain": "www.aljazeera.com"
      },
      {
        "title": "Cinema chains may boycott Netflix's Crouching Tiger, Hidden Dragon sequel | Crouching Tiger, Hidden Dragon | The Guardian",
        "content": "Cinema chains may boycott Netflix's Crouching Tiger, Hidden Dragon ...",
        "caption": "An audience in New Jersey watches The Dark Knight Rises in Imax.",
        "domain": "www.theguardian.com"
      }
    ],
    "result": {
      "verdict": true,
      "alignment_score": 90,
      "confidence_score": 9,
      "explanation": "The main image of Donnie Yen in a scene is closely aligned with visual expectations set by the news caption 'Ready for a fight Donnie Yen in a scene from Crouching Tiger Hidden Dragon: The Green Legend.' The primary visual elements, including Donnie Yen in his costume wielding a weapon and the atmospheric setting, correspond with scenes commonly associated with martial arts and the cinematic aesthetics of 'Crouching Tiger, Hidden Dragon'. Reference images show similar contexts where characters are engaged in dynamic poses within lush environments, aligning with the overall spirit of martial arts films. While there are minor variations in backgrounds and character positioning, the essence of action and martial lore remains consistent, affirming the image's contextual relevance. Temporal elements such as lighting suggest a cohesive ambiance appropriate for an intense moment in action films.",
      "key_observations": "- Main subject (Donnie Yen) depicted as prepared for combat with a weapon.\n- Costume and styling consistent with martial arts genre.\n- Background architecture reflects traditional Asian design, suitable for the film's aesthetic.\n- Lighting creates dramatic shadows, typical for action sequences.\n- Variations noticed in reference images are minor and do not detract from overall contextual representation."
    }
  },
  "final_result": {
    "OOC": false,
    "confidence_score": 9,
    "explanation": "Both the internal and external checks indicate that the news caption accurately represents the image. The internal check has a confidence score of 10, and the external check has a confidence score of 9 and an alignment score of 90, both suggesting strong agreement between the caption and the image content. The internal check specifically mentions the visual alignment of Donnie Yen in a scene from 'Crouching Tiger, Hidden Dragon: The Green Legend,' while the external check confirms that visual elements such as Donnie Yen's attire, weaponry, and the setting are consistent with the film. Since both checks align and their confidence and alignment scores are high, the caption is not out of context.",
    "validation_summary": "Both internal and external validations confirm that the news caption accurately represents the image, with high confidence and alignment scores. The caption is not out of context."
  },
  "inference_time": 11.758074283599854
}