{
  "caption": "Pope Francis kisses a young child with Down syndrome in Rome",
  "ground_truth": false,
  "internal_check": {
    "visual_entities": [
      "Pope",
      "Infant",
      "Francis: Pray for Me",
      "Pope Francis Young",
      "Childbirth",
      "Pregnancy",
      "Synod of Bishops in the Catholic Church",
      "Kiss",
      "Family",
      "Grandparent",
      "Pope John Paul II",
      "interaction"
    ],
    "image_evidences": [],
    "result": {
      "confidence_score": 9,
      "explanation": "The caption states 'Pope Francis kisses a young child with Down syndrome in Rome'. The detected visual entities include 'Pope', 'Infant', 'Kiss', and 'Childbirth'. The presence of 'Pope' and 'Infant' supports the claim of the caption. 'Kiss' also supports the claim of the caption of Pope kissing the child. The caption mentions the child has Down syndrome, which isn't directly detectable from the visual entities but the text of the news provides context.",
      "verdict": true
    }
  },
  "external_check": {
    "text_evidences": [
      {
        "title": "Pope Francis washes and kisses feet of prisoners in traditional ritual | News | Independent TV",
        "content": "Pope Francis washes and kisses feet of prisoners in traditional ...",
        "caption": "Pope Francis repeats Jesus foot-washing moment with inmates from Italian prison",
        "domain": "www.independent.co.uk"
      }
    ],
    "result": {
      "verdict": false,
      "alignment_score": 25,
      "confidence_score": 6,
      "explanation": "The news image features Pope Francis kissing a young child, which aligns with the caption. However, upon reviewing reference images, it appears that this particular moment or event does not match with other documented instances of the Pope interacting with children with Down syndrome. Reference images show different contexts—namely, scenes of the Pope washing feet, not engaging with a child in a similar manner as described in the caption. The lighting in the news image is natural and warm, indicating an outdoor setting which contrasts with the more clinical indoor environment in the reference images for other events. Moreover, there's a lack of consistency in the spatial relationships. The child being held appears in a different pose compared to those in the reference images. The presence of people in the background further demonstrates a differing context from other documented papal events. In addition, the news image does not showcase any signs of digital manipulation, though its source, context, and event may be misrepresented. Overall, while the news image does capture an affectionate moment, it arguably does not correlate to the specific context of the caption, where clarity about this specific interaction is ambiguous based on the available references.",
      "key_observations": "- The news image depicts a clear moment of affection between Pope Francis and a child, aligning with the caption of a kiss on the forehead.\n- Reference images primarily capture distinct events featuring the Pope, implying a different context than the kiss.\n- The environmental discrepancies show the news image in bright daylight, while the reference images are set in different contexts (e.g., indoors).\n- The child’s position and the surrounding people differ significantly between the news image and reference images, indicating insufficient specificity support for the exact event.\n- There are no notable signs of digital manipulation in the news image."
    }
  },
  "final_result": {
    "OOC": true,
    "confidence_score": 7,
    "explanation": "The internal check, with a confidence score of 9, supports the caption's claim that the image depicts Pope Francis kissing a child, and the text provides the context of Down syndrome. However, the external check, while noting the presence of a kiss, raises concerns about the image's specific context and alignment with documented events involving the Pope and children with Down syndrome. The external check highlights environmental discrepancies, differences in the child's position, and the surrounding people compared to reference images. The alignment score is low at 25. Given the inconsistencies raised by the external check and the moderate confidence (6) in its assessment, along with its detailed observations about the image's context differing from available references, the caption is considered out of context. Prioritizing the external check's contextual analysis, the final decision is that the caption is out of context because the specific event portrayed isn't consistently supported by external references.",
    "validation_summary": "Internal check validates the basic elements (Pope, kiss, child), but external check finds discrepancies with reference images, suggesting the specific context of the image is not consistent with known events involving the Pope and children with Down syndrome. Therefore, the caption is out of context."
  },
  "inference_time": 10.492067337036133
}