{
  "caption": "Guantanamo Bay prison camp opened in Cuba in 2002",
  "ground_truth": false,
  "internal_check": {
    "visual_entities": [
      "Guantanamo Bay Detention Camp",
      "United States",
      "Guantanamo Bay Naval Base",
      "Prisoner",
      "Detention",
      "Politics",
      "Carol Rosenberg",
      "Hari Sreenivasan",
      "Trevor Timm",
      "tiur'ma guantanamo"
    ],
    "image_evidences": [
      {
        "title": "US senators McCain and Feinstein visit Guantnamo amid prison hunger strike | Guantnamo Bay | The Guardian",
        "content": "",
        "caption": "The military this week confirmed it is sending 125 more soldiers to increase the staff at Guantnamo Bay. Photograph: Shane T Mccoy/PA",
        "domain": "www.theguardian.com"
      },
      {
        "title": "PBS News Hour | Rose Bowl opponents team up against rare blood disorder | Season 2014 | PBS",
        "content": "",
        "caption": "More detainees freed, but closing Guantanamo still far off",
        "domain": "www.pbs.org"
      },
      {
        "title": "The New York Times to call torture 'torture' | The Independent | The Independent",
        "content": "",
        "caption": "Prisoners in a holding area at Guantanamo Bay, Cuba",
        "domain": "www.independent.co.uk"
      },
      {
        "title": "Guantanamo papers: The UK's handling of detainees - BBC News",
        "content": "",
        "caption": "Guantanamo Bay prison camp opened in Cuba in 2002",
        "domain": "www.bbc.com"
      }
    ],
    "result": {
      "confidence_score": 10,
      "explanation": "The news caption states that Guantanamo Bay prison camp opened in Cuba in 2002. Several image evidences support this claim. Evidence 1 shows a visit to Guantanamo Bay, corroborating its existence. Evidence 2 refers to detainees being freed from Guantanamo, further confirming the existence of the detention camp. Evidence 3 shows prisoners in a holding area at Guantanamo Bay, visually confirming its use as a prison. Evidence 4, specifically from BBC News, includes the caption 'Guantanamo Bay prison camp opened in Cuba in 2002,' directly matching the news caption. The detected visual entities also align with the news content, mentioning 'Guantanamo Bay Detention Camp,' 'Guantanamo Bay Naval Base,' and 'Prisoner,' all of which are consistent with the nature and location of the events described. Therefore, the image evidence strongly supports the news caption.",
      "verdict": true
    }
  },
  "external_check": {
    "text_evidences": [
      {
        "title": "Guantnamo Bay is still open. This week, pressure ramped up to close it : NPR",
        "content": "Guantnamo Bay is still open. This week, pressure ramped up to ...",
        "caption": "",
        "domain": "www.npr.org"
      },
      {
        "title": "Why is Guantanamo Bay prison still open 20 years after 9/11? | Conflict News | Al Jazeera",
        "content": "Why is Guantanamo Bay prison still open 20 years after 9/11 ...",
        "caption": "Beginning in 2002, the United States imprisoned hundreds of men suspected of fighting for al-Qaeda or the Taliban in Afghanistan - most of them never charged and now released even as the prison that held them remains open [File: J Scott Applewhite/ Pool via EPA]",
        "domain": "www.aljazeera.com"
      }
    ],
    "result": {
      "verdict": true,
      "alignment_score": 85,
      "confidence_score": 8,
      "explanation": "The news image depicts a scene at the Guantanamo Bay prison camp, showing detainees dressed in orange jumpsuits in an outdoor setting with barbed wire fencing and armed guards. This is consistent with images commonly associated with Guantanamo Bay, particularly during its early years. Key visual elements such as the barbed wire, orange jumpsuits, military presence, and the overall grim environment align well with reference images showing either detainees or military personnel at the facility. However, while the specific composition and arrangement of figures differ, they still convey the same context of detainment at Guantanamo. \n\nIn terms of temporal consistency, the types of materials, the presence of military personnel, and the overall atmosphere depicted in the news image are in line with the reference images from the early 2000s when the camp was first operational. The lighting in the news image suggests daylight, which is consistent as well with both the other reference photos, which depict a clear day. \n\nDespite some differences in framing (the news image has a more aerial perspective while some reference images have frontal views), the core context remains intact as they represent the same facility during similar conditions. As such, there are no evident signs of manipulation preventing the scene from accurately reflecting the context described in the caption.",
      "key_observations": [
        "The image shows detainees in orange jumpsuits, which matches with multiple reference images.",
        "Barbed wire and fencing elements are present as seen in other images, reflecting the detention setting.",
        "Military personnel presence in the photo aligns with the atmosphere of the prison camp.",
        "Lighting and environmental conditions suggest daylight, consistent with reference images implying a similar timeframe."
      ]
    }
  },
  "final_result": {
    "OOC": false,
    "confidence_score": 9,
    "explanation": "Both the internal and external checks support the accuracy of the news caption in relation to the image. The internal check, with a confidence score of 10, confirms the caption's accuracy based on multiple image evidences and visual entities. The external check, with a confidence score of 8 and an alignment score of 85, further validates the image's consistency with known depictions of Guantanamo Bay prison camp. Since both checks align and the confidence scores are high, the caption accurately represents the image.",
    "validation_summary": "Both internal and external checks confirm the caption's accuracy; high alignment and confidence scores."
  },
  "inference_time": 14.700385808944702
}