{
  "caption": "Melbourne Australia Maria Sharapova of Russia serves during the Australian Open",
  "ground_truth": true,
  "internal_check": {
    "visual_entities": [
      "Tennis",
      "2015 Wimbledon Championships",
      "2021 Wimbledon Championships",
      "Tennis player",
      "Championship",
      "Zarina Diyas",
      "Maria Sharapova",
      "Irina-Camelia Begu",
      "Wimbledon",
      "tennis"
    ],
    "image_evidences": [
      {
        "title": "Maria Sharapova returns to form with annihilation of Zarina Diyas | Maria Sharapova | The Guardian",
        "content": "",
        "caption": "Sharapova shakes hands with Zarina Diyas.",
        "domain": "www.theguardian.com"
      }
    ],
    "result": {
      "confidence_score": 9,
      "explanation": "The news caption describes Maria Sharapova serving during the Australian Open in Melbourne, Australia. The news content confirms this with the line 'Melbourne, Australia: Maria Sharapova of Russia serves during the Australian Open Photograph: Cameron Spencer/Getty Images'. The detected visual entities include 'Maria Sharapova' and 'Tennis', which align with the caption's content. The image evidence shows Sharapova playing tennis and shaking hands with Zarina Diyas, implying a tennis match. The domain 'www.theguardian.com' is a reputable news source. While the image doesn't specifically show her serving or being at the Australian Open, it visually supports her being a tennis player. Given the available evidence and the high reputation of the news source, the image provides reasonable visual support for the caption. The absence of explicit confirmation of the Australian Open prevents a perfect score.",
      "verdict": true
    }
  },
  "external_check": {
    "text_evidences": [],
    "result": null
  },
  "final_result": {
    "OOC": false,
    "confidence_score": 9,
    "explanation": "The internal check confirms the caption's accuracy with a high confidence score of 9. The news content explicitly mentions Maria Sharapova playing at the Australian Open in Melbourne, Australia. The visual entities detected align with the caption. While the image doesn't definitively show her serving at the Australian Open, it supports her being a tennis player, aligning with the provided context. The external check result is 'None', so we rely solely on the internal check, which strongly suggests the caption is not out of context.",
    "validation_summary": "Internal check confirms the caption's accuracy with a high confidence score. External check data is unavailable."
  },
  "inference_time": 4.2806620597839355
}