{
  "caption": "Ed Miliband speaks in London on 29 April",
  "ground_truth": false,
  "internal_check": {
    "visual_entities": [
      "Marcus Antonius",
      "Public speaking",
      "Spokesperson",
      "Communication",
      "Public Relations",
      "Motivational speaker",
      "Speech",
      "Businessperson",
      "Orator",
      "Entrepreneur",
      "Business",
      "Public",
      "Business executive",
      "Suit",
      "public speaking"
    ],
    "image_evidences": [],
    "result": {
      "confidence_score": 9,
      "explanation": "The news caption states \"Ed Miliband speaks in London on 29 April\". The detected visual entities include \"Public speaking\", \"Spokesperson\", \"Communication\", \"Speech\", \"Orator\", and \"Public\". These entities are all consistent with someone giving a speech. The presence of \"Businessperson\", \"Business executive\", and \"Entrepreneur\" is consistent with a business-related event or public address. Therefore, based on these visual entities, the caption aligns well with the image's content.",
      "verdict": true
    }
  },
  "external_check": {
    "text_evidences": [],
    "result": null
  },
  "final_result": {
    "OOC": false,
    "confidence_score": 9,
    "explanation": "The internal check, which has a confidence score of 9, indicates that the caption \"Ed Miliband speaks in London on 29 April\" accurately represents the image's content. The visual entities detected (e.g., \"Public speaking\", \"Spokesperson\", \"Speech\") align with the caption's description of someone giving a speech. The external check result is 'None', meaning no external validation was performed. Therefore, based solely on the available internal check data, the caption is deemed not out of context.",
    "validation_summary": "The internal check confirms that the caption aligns with the image content. No external validation was available."
  },
  "inference_time": 3.8449995517730713
}