{
  "caption": "Ted Cruz campaigns in Sioux City at Briar Cliff University a private Catholic school",
  "ground_truth": true,
  "internal_check": {
    "visual_entities": [
      "Public Relations",
      "Public speaking",
      "Audience",
      "Speech",
      "Product",
      "Convention",
      "Public",
      "public speaking"
    ],
    "image_evidences": [],
    "result": {
      "confidence_score": 7,
      "explanation": "The caption mentions Ted Cruz campaigning at Briar Cliff University. The detected visual entities include 'Public Relations', 'Public speaking', 'Audience', 'Speech', 'Product', 'Convention', 'Public', 'public speaking'. These entities are consistent with a campaign event where public speaking and addressing an audience are expected. However, the specific location (Briar Cliff University) cannot be verified from the detected entities alone. The news article does provide context related to Ted Cruz and his campaign, which supports the overall theme, but the visual entities are not specific enough to confirm all details in the caption.",
      "verdict": true
    }
  },
  "external_check": {
    "text_evidences": [
      {
        "title": "Ted Cruz using firm that harvested data on millions of unwitting Facebook users | Ted Cruz | The Guardian",
        "content": "Ted Cruz using firm that harvested data on millions of unwitting ...",
        "caption": "Ted Cruz campaigns in Sioux City at Briar Cliff University, a private Catholic school.",
        "domain": "www.theguardian.com"
      },
      {
        "title": "Ted Cruz using firm that harvested data on millions of unwitting Facebook users | Ted Cruz | The Guardian",
        "content": "Ted Cruz using firm that harvested data on millions of unwitting ...",
        "caption": "Ted Cruz campaigns in Sioux City at Briar Cliff University, a private Catholic school.",
        "domain": "www.theguardian.com"
      },
      {
        "title": "Ted Cruz using firm that harvested data on millions of unwitting Facebook users | Ted Cruz | The Guardian",
        "content": "Ted Cruz using firm that harvested data on millions of unwitting ...",
        "caption": "Ted Cruz campaigns in Sioux City at Briar Cliff University, a private Catholic school.",
        "domain": "www.theguardian.com"
      },
      {
        "title": "Ted Cruz using firm that harvested data on millions of unwitting Facebook users | Ted Cruz | The Guardian",
        "content": "2928.jpg?width=1200&height= ...",
        "caption": "Ted Cruz campaigns in Sioux City at Briar Cliff University, a private Catholic school.",
        "domain": "www.theguardian.com"
      },
      {
        "title": "Ted Cruz using firm that harvested data on millions of unwitting Facebook users | Ted Cruz | The Guardian",
        "content": "Ted Cruz using firm that harvested data on millions of unwitting ...",
        "caption": "Ted Cruz campaigns in Sioux City at Briar Cliff University, a private Catholic school.",
        "domain": "www.theguardian.com"
      }
    ],
    "result": {
      "verdict": false,
      "alignment_score": 45,
      "confidence_score": 7,
      "explanation": "The analysis of the images shows significant differences in both the event context and the physical setting. The news image depicts Ted Cruz speaking at a campaign event with a clearly visible backdrop that includes the words 'CRUZ, JOBS, FREEDOM, SECURITY,' suggesting an indoor rally environment. In contrast, the reference images primarily show Cruz in less formal settings, with the audience appearing more subdued and not in the dynamic campaigning context depicted in the news image. The lighting and composition in the reference pictures are considerably different; they lack a backdrop promoting his campaign, which can hint at a different event or at least a less energetic atmosphere.\n\nTemporal indicators also show discrepancies. The audience's attire in the reference images indicates they might represent a colder season, while the news image portrays a lively event without distinct seasonal indications. There may also be a disparity in the timeline as the reference images appear to be from earlier events, possibly during his campaign trail years ago, whereas the main image suggests a more recent campaign rally. This misalignment flouts the expectations set by the given news caption, bringing its reliability into question.\n\nIn summation, while the core figure of Ted Cruz is consistent across images, the context and setting do not align satisfyingly. The news image could potentially mislead the audience about the specific nature of the event being represented.",
      "key_observations": [
        "The news image shows Ted Cruz at an event with campaign banners, while reference images show him in less formal environments without promotional backdrops.",
        "Lighting and atmosphere in the news image suggest a more vibrant campaign setting compared to the subdued crowd atmosphere in reference images.",
        "Attire of the audience in reference images hints at colder weather, possibly indicating a different time of year than suggested by the news image.",
        "The reference images appear to be taken from various points during Cruz's past campaigns, lacking consistency with the implied timeline of the current event."
      ]
    }
  },
  "final_result": {
    "OOC": true,
    "confidence_score": 7,
    "explanation": "The internal check suggests that the visual entities generally align with the caption, noting consistency with a campaign event and public speaking, assigning a high confidence score of 7. However, it acknowledges the inability to verify the specific location. The external check strongly contradicts this, with a confidence score of 7 and an alignment score of 45, asserting misrepresentation due to disparities in event context, setting, and potentially timeline. The external check observes that reference images lack the campaign banners, vibrant atmosphere, and attire indicative of the event suggested by the news image. Given the conflicting findings and relatively similar confidence scores, I prioritize the external check due to its concrete observations regarding contextual mismatches (absence of campaign banners, different audience attire, and subdued atmosphere). The validation hinges on the assessment that the image does not accurately portray the event described in the caption. The internal check's limitation is its inability to verify the specific location, a detail the external check indicates to be potentially misrepresented.",
    "validation_summary": "Internal check suggests general alignment with a campaign event, but external check finds significant discrepancies in event context and setting, indicating potential misrepresentation. The external check is prioritized."
  },
  "inference_time": 14.736544370651245
}