{
  "caption": "Vladimir Putin s government is following Argentina s in wanting to limit the number of online purchases residents can make from international sites",
  "ground_truth": true,
  "internal_check": {
    "visual_entities": [
      "Vitaly Mutko",
      "2018 World Cup",
      "Russian Football Union",
      "Inside World Football",
      "Stomil Olsztyn",
      "The FIFA Presidency",
      "Ministry of Sport of the Russian Federation",
      "Competition",
      "FIFA",
      "World Cup",
      "spokesperson"
    ],
    "image_evidences": [],
    "result": {
      "confidence_score": 2,
      "explanation": "The news caption discusses Vladimir Putin's government considering restricting imports from foreign online retailers. The detected visual entities include 'Vitaly Mutko', '2018 World Cup', 'Russian Football Union', 'Inside World Football', 'Stomil Olsztyn', 'The FIFA Presidency', 'Ministry of Sport of the Russian Federation', 'Competition', 'FIFA', 'World Cup', 'spokesperson'. These entities are related to sports and do not align with the caption's topic of online retail restrictions. Therefore, the caption is not related to the detected visual entities.",
      "verdict": false
    }
  },
  "external_check": {
    "text_evidences": [
      {
        "title": "Russia considering 30% import tax on foreign online retailers | Russia | The Guardian",
        "content": "Russia considering 30% import tax on foreign online retailers ...",
        "caption": "Vladimir Putin's government is following Argentina's in wanting to limit the number of online purchases residents can make from international sites. Photograph: Mikhail Metzel/AFP/Getty Images",
        "domain": "www.theguardian.com"
      },
      {
        "title": "South Korea considers giving arms to Ukraine after Russia-North Korea pact  | AP News",
        "content": "South Korea considers giving arms to Ukraine after Russia-North ...",
        "caption": "North Koreas leader Kim Jong Un stands during the departure ceremony of Russian President Vladimir Putin at an international airport outside Pyongyang, North Korea, on Wednesday, June 19, 2024. (Gavriil Grigorov, Sputnik, Kremlin Pool Photo via AP)",
        "domain": "apnews.com"
      }
    ],
    "result": {
      "verdict": false,
      "alignment_score": 30,
      "confidence_score": 6,
      "explanation": "The news image depicts a man in front of a red backdrop with 'RUSSIA 2018-2022,' suggesting it is related to a government setting or event in Russia. The reference images largely feature Vladimir Putin in various formal settings, suggesting key government actions or meetings, which may or may not relate to economic policies like the one mentioned in the caption. The primary visual element expected in the news image based on the caption regarding restrictions on online purchases would be graphics or symbols of online commerce, international sites, or government officials discussing digital policy. The news image does not directly show these subjects, leading to a disconnect with the expected content based on the search term. Furthermore, while the events and individuals may align with broader themes of governance and policy, they lack a visual connection to the specific action of limiting online purchases. Temporal elements are not significantly relevant as the news image depicts a stable government setting but lacks context with the expressed content of the caption.",
      "key_observations": [
        "The news image features a man, whereas the references primarily show Vladimir Putin, indicating a lack of direct visual subject relevance.",
        "There are no clear indicators of online commerce or digital policy in the news image, which is critical to the context of the caption.",
        "The backdrop in the news image suggests a government-related event, but it does not visually correlate with the specific topic concerning online purchases.",
        "Lighting and composition in the news image appear typical for a formal setting, but do not relate to any commerce theme."
      ]
    }
  },
  "final_result": {
    "OOC": true,
    "confidence_score": 8,
    "explanation": "Both internal and external checks indicate that the caption is out of context. The internal check, with a confidence score of 2, reveals a mismatch between the caption discussing online retail restrictions and the detected visual entities related to sports. The external check, with a higher confidence score of 6 and an alignment score of 30, highlights a lack of visual connection between the news image (man in front of 'RUSSIA 2018-2022' backdrop) and the expected content of online commerce or digital policy. The external check's key observations further strengthen this conclusion by noting the absence of online commerce indicators and the deviation of the image's subject (a man) from reference images of Vladimir Putin. Given the agreement between both checks and the external check's higher confidence and alignment scores, the caption is determined to be out of context.",
    "validation_summary": "Both internal and external checks confirm that the caption is out of context, with the external check providing more substantial evidence and a higher confidence level due to the mismatch between the image's content and the caption's topic of online retail restrictions."
  },
  "inference_time": 10.020689249038696
}