{
  "caption": "A woman begs for money outside Saks department store in New York The further the world falls into the inequality trap the harder it will be to escape",
  "ground_truth": false,
  "internal_check": {
    "visual_entities": [
      "Sustainable Development Goals",
      "Millennium Development Goals",
      "United Nations",
      "Working group",
      "Sustainability",
      "Job",
      "Goal",
      ""
    ],
    "image_evidences": [],
    "result": {
      "confidence_score": 8,
      "explanation": "The caption describes a scene of a woman begging outside a Saks department store in New York, suggesting economic inequality. The news content discusses economic inequality and the UN's Sustainable Development Goals. While the detected visual entities do not directly show a woman begging, the presence of terms like 'Sustainable Development Goals' and 'Millennium Development Goals' aligns with the article's discussion of global inequality and development objectives. The entity 'Goal' also supports this connection. The absence of direct visual confirmation of the begging scene lowers the confidence, but the thematic overlap between the caption and the detected entities supports a positive verdict.",
      "verdict": true
    }
  },
  "external_check": {
    "text_evidences": [
      {
        "title": "Mind the gap: why UN development goals must tackle economic inequality | Millennium development goals | The Guardian",
        "content": "Mind the gap: why UN development goals must tackle economic ...",
        "caption": "A woman begs for money outside Saks department store in New York. The further the world falls into the inequality trap, the harder it will be to escape. Photograph: AP",
        "domain": "www.theguardian.com"
      },
      {
        "title": "Mind the gap: why UN development goals must tackle economic inequality | Millennium development goals | The Guardian",
        "content": "Mind the gap: why UN development goals must tackle economic ...",
        "caption": "A woman begs for money outside Saks department store in New York. The further the world falls into the inequality trap, the harder it will be to escape. Photograph: AP",
        "domain": "www.theguardian.com"
      }
    ],
    "result": {
      "verdict": true,
      "alignment_score": 85,
      "confidence_score": 8,
      "explanation": "The news image depicts a contrast between a woman begging for money outside a Saks department store and a mannequin dressed in an extravagant outfit situated within the store's window. The visual elements present in the news image align well with those found in the reference images. In all images, the same location is evident, showcasing the disparity between the vulnerable individual outside and the lavish display inside the store. The temporal indicators suggest a consistent environment: the lighting is natural, indicating daytime, which corresponds across the images. The positioning of the subjects is consistent, with the woman on the left side of the frame and the mannequin situated directly adjacent in the window, emphasizing the socioeconomic divide addressed in the caption. There are no significant signs of digital manipulation or alterations in the images, maintaining their authenticity. This narrative about inequality resonates throughout all images, supporting the news caption. While some visual elements might differ slightly due to the angles or distances from which the images were captured, these variations do not detract from the overall context. Therefore, despite any minor discrepancies, the core message of the image remains faithfully represented, leading to a verdict of alignment with the news caption and a strong relevance of context.",
      "key_observations": [
        "Both the news image and reference images show the same woman begging and the same department store window display of a mannequin, establishing a clear visual narrative.",
        "The positioning of the woman and mannequin is consistent, reinforcing the theme of socioeconomic disparity.",
        "Natural daylight lighting is present in all images, suggesting a similar time of day when the photos were taken.",
        "There are no evident signs of digital manipulation or irregularities in any of the images, indicating authenticity."
      ]
    }
  },
  "final_result": {
    "OOC": false,
    "confidence_score": 8,
    "explanation": "Both the internal and external checks indicate that the caption accurately represents the image. The internal check identifies a thematic overlap between the caption describing economic inequality and the news content discussing the same issue. The external check confirms a strong alignment between the news image and reference images, highlighting the contrast between wealth and poverty, thereby supporting the caption's depiction of inequality. While the internal check notes the absence of direct visual confirmation of the begging scene in its detected entities, the overall thematic consistency and the external check's strong image alignment support the conclusion that the caption is not out of context. Since both checks agree, and the external check provides a high alignment score of 85, the final verdict is that the caption is not out of context.",
    "validation_summary": "Both internal and external checks confirm the caption accurately represents the image, depicting economic inequality, with a high image alignment score from the external check."
  },
  "inference_time": 12.547099113464355
}