{
  "caption": "Lee Westwood hits his second shot on the 17th during the third round of the BMW PGA Championship at Wentworth",
  "ground_truth": false,
  "internal_check": {
    "visual_entities": [
      "Championship",
      "Golf",
      "Four-ball golf",
      "Golf equipment",
      "Individual sport",
      "Competition",
      "Recreation",
      "ARM Cortex-M",
      "Individual",
      "ARM architecture",
      "Golfer",
      "Professional golfer",
      "golfer"
    ],
    "image_evidences": [],
    "result": {
      "confidence_score": 9,
      "explanation": "The caption mentions Lee Westwood hitting a shot during the BMW PGA Championship. The detected visual entities include 'Golfer,' 'Championship,' and 'Golf,' which align with the caption's description of a golf tournament and a golfer (presumably Lee Westwood) participating in it. The caption does not specify details that would contradict the visual entities. The presence of entities like 'Golf equipment,' 'Individual sport,' and 'Competition' further support the scenario described in the caption.",
      "verdict": true
    }
  },
  "external_check": {
    "text_evidences": [],
    "result": null
  },
  "final_result": {
    "OOC": false,
    "confidence_score": 9,
    "explanation": "The internal check result indicates a high confidence score (9) and a verdict of True, meaning the caption aligns with the image content based on visual entities like 'Golfer,' 'Championship,' and 'Golf' matching the description of a golf tournament featuring Lee Westwood. There is no external check result provided, but the strong internal check result is sufficient to determine the caption is not out of context. The caption accurately represents the image based on the available evidence.",
    "validation_summary": "The internal check confirms the caption accurately represents the image content with high confidence. No external check data is available."
  },
  "inference_time": 3.733505964279175
}