{
  "caption": "The DPP ruled that Janner was suffering from Alzheimer s and was thus incapable of considering evidence instructing lawyers or entering a plea",
  "ground_truth": true,
  "internal_check": {
    "visual_entities": [
      "Malcolm Rifkind",
      "David Cameron",
      "Politics",
      "Politics of the United Kingdom",
      "Conservative Party",
      "Op-ed",
      "Wee Jimmy Krankie",
      "John Major",
      "George Osborne",
      "Margaret Thatcher",
      "Jack Straw",
      "senior citizen"
    ],
    "image_evidences": [],
    "result": {
      "confidence_score": 2,
      "explanation": "The news caption discusses the DPP's ruling regarding Janner's Alzheimer's and his inability to stand trial. The detected visual entities include politicians and political figures. However, there's no direct link between the detected entities and the specific details mentioned in the caption (Janner, Alzheimer's, legal proceedings). The detected entities don't confirm or deny the caption's claims about Janner's condition or the legal ruling. Therefore, it is difficult to verify the caption's accuracy based solely on these visual entities. The low confidence score reflects this uncertainty.",
      "verdict": false
    }
  },
  "external_check": {
    "text_evidences": [
      {
        "title": "Police consider challenge to CPS ruling not to charge Janner over abuse allegations | Crown Prosecution Service | The Guardian",
        "content": "Police consider challenge to CPS ruling not to charge Janner over ...",
        "caption": "The DPP ruled that Janner was suffering from Alzheimers and was thus incapable of considering evidence, instructing lawyers or entering a plea.",
        "domain": "www.theguardian.com"
      },
      {
        "title": "Police consider challenge to CPS ruling not to charge Janner over abuse allegations | Crown Prosecution Service | The Guardian",
        "content": "Police consider challenge to CPS ruling not to charge Janner over ...",
        "caption": "The DPP ruled that Janner was suffering from Alzheimers and was thus incapable of considering evidence, instructing lawyers or entering a plea.",
        "domain": "www.theguardian.com"
      },
      {
        "title": "Police consider challenge to CPS ruling not to charge Janner over abuse allegations | Crown Prosecution Service | The Guardian",
        "content": "Police consider challenge to CPS ruling not to charge Janner over ...",
        "caption": "The DPP ruled that Janner was suffering from Alzheimers and was thus incapable of considering evidence, instructing lawyers or entering a plea.",
        "domain": "www.theguardian.com"
      },
      {
        "title": "Police consider challenge to CPS ruling not to charge Janner over abuse allegations | Crown Prosecution Service | The Guardian",
        "content": "Police consider challenge to CPS ruling not to charge Janner over ...",
        "caption": "The DPP ruled that Janner was suffering from Alzheimers and was thus incapable of considering evidence, instructing lawyers or entering a plea.",
        "domain": "www.theguardian.com"
      },
      {
        "title": "Police consider challenge to CPS ruling not to charge Janner over abuse allegations | Crown Prosecution Service | The Guardian",
        "content": "Police consider challenge to CPS ruling not to charge Janner over ...",
        "caption": "Alison Saunders, the director of public prosecutions.",
        "domain": "www.theguardian.com"
      }
    ],
    "result": {
      "verdict": false,
      "alignment_score": 40,
      "confidence_score": 5,
      "explanation": "The news image features two individuals, which appears to be a close-up, likely portraying a legal or public figure in profile, in a neutral or contemplative pose. The reference images predominantly feature one individual, a man speaking or appearing animated in different contexts. The backdrop in the news image is not conclusively identifiable as having a courtroom or relevant legal setting, which would have been expected based on the news caption. The presence of multiple people in the reference images versus the almost singular focus in the news image raises concerns about the contextual accuracy. Furthermore, the expressions and contexts conveyed in the news image seem to lack the gravitas typically associated with legal proceedings, especially one involving mental incapacity—this inconsistency in visual tone is critical. Overall, while the individuals may be valid representations related to the context of the caption, the visual cohesion with reference images is weak.",
      "key_observations": "- News image has a profile shot of two individuals, contrasting with singular focus on one individual in reference images.\n- Reference images are set in contexts more reflective of legal proceedings (including people and surrounding environments), while the news image lacks this context.\n- No clear signs of temporal consistency since the background and setting do not correlate with expected courthouse environments.\n- The lighting in the news image does not match the outdoor and legal settings present in reference images."
    }
  },
  "final_result": {
    "OOC": true,
    "confidence_score": 7,
    "explanation": "Both the internal and external checks indicate the caption is out of context. The internal check has a low confidence score (2) but suggests the visual entities detected in the image don't directly relate to the caption's claim about Janner's condition and legal proceedings. The external check, with a higher confidence score (5) and an alignment score of 40, reveals a mismatch between the news image (a profile shot of two individuals) and the reference images (singular focus on one individual in legal settings). Specifically, it points out that the news image lacks the expected courtroom or legal setting. Given that both checks suggest a disconnect, and the external check offers more concrete reasons related to the image's content, the caption is likely out of context. The limitations include the low confidence scores for both checks, signifying the evidence isn't definitive. However, based on the available data, particularly the external check's observations about the image's setting and subjects, it is concluded that the caption is likely out of context.",
    "validation_summary": "Both internal and external checks suggest the caption is out of context, with the external check highlighting a mismatch between the image's content and expected legal setting. The external check's alignment score is low."
  },
  "inference_time": 10.817925453186035
}