{
  "caption": "Hillary Clinton participating in a discussion on her book Hard Choices A Memoir at George Washington University in Washington in June",
  "ground_truth": false,
  "internal_check": {
    "visual_entities": [
      "President of the United States",
      "Candidate",
      "political candidate",
      "United States Secretary of State",
      "Bill Clinton",
      "Marc Mezvinsky",
      "Chelsea Clinton",
      "biografia de hillary clinton"
    ],
    "image_evidences": [
      {
        "title": "Hillary Clinton: I'm running for president | Hillary Clinton | The Guardian",
        "content": "",
        "caption": "Hillary Clinton.",
        "domain": "www.theguardian.com"
      },
      {
        "title": "Hillary Clinton's First Campaign Video Has Espaol",
        "content": "",
        "caption": "A file picture dated 13 June 2014 of former US Secretary of State Hillary Clinton participating in a discussion on her book 'Hard Choices: A Memoir', at George Washington University in Washington DC, USA. Hillary Rodham Clinton is expected to formally announce her presidential candidacy 12 April 2015, US media reports said, citing unnamed sources close to her campaign. \r\nClinton, 67, has made a run for the presidency before, narrowly losing to Barack Obama in the Democratic primaries in 2008. She has also spent time in the White House as first lady when her husband, Bill Clinton, was president from 1993 to 2001.  EPA/MICHAEL REYNOLDS *** Local Caption *** 51417387",
        "domain": "www.nbcnews.com"
      }
    ],
    "result": {
      "confidence_score": 10,
      "explanation": "The news caption describes Hillary Clinton participating in a discussion on her book 'Hard Choices' at George Washington University in June. Evidence 2 is a picture dated June 13, 2014, of Hillary Clinton participating in a discussion on her book 'Hard Choices: A Memoir' at George Washington University. This directly supports the news caption. Evidence 1 shows Hillary Clinton but doesn't specify the event. Therefore, evidence 2 strongly supports the claim.",
      "verdict": true
    }
  },
  "external_check": {
    "text_evidences": [
      {
        "title": "'The hardest, highest glass ceiling': Hillary Clinton on the chances of electing a female US president | Hillary Clinton | The Guardian",
        "content": "The hardest, highest glass ceiling': Hillary Clinton on the ...",
        "caption": "Hillary Clinton discusses her new book Hard Choices: A Memoir at George Washington University. Photograph: Chip Somodevilla/Getty Images",
        "domain": "www.theguardian.com"
      },
      {
        "title": "UNLV students call on Clinton to return speaking fee | CNN",
        "content": "UNLV students call on Clinton to return speaking fee | CNN",
        "caption": "WASHINGTON, DC - JUNE 13:  Former Secretary of State Hillary Clinton discusses her new book, 'Hard Choices: A Memoir,' at the Lisner Auditorium on the campus of George Washington University June 13, 2014 in Washington, DC. Clinton is on a nationwide tour to promote the new memoir with media interviews and book signings but has said she would not decide whether to run in the 2016 presidential race before the end of the year.  ",
        "domain": "www.cnn.com"
      },
      {
        "title": "Why has Hillary Clinton been silent on Ferguson? | CNN Politics",
        "content": "Why has Hillary Clinton been silent on Ferguson? | CNN Politics",
        "caption": "Former Secretary of State Hillary Clinton discusses her new book, 'Hard Choices: A Memoir,' at the Lisner Auditorium on the campus of George Washington University June 13, 2014 in Washington, DC. Clinton is on a nationwide tour to promote the new memoir with media interviews and book signings but has said she would not decide whether to run in the 2016 presidential race before the end of the year. ",
        "domain": "www.cnn.com"
      },
      {
        "title": "Why has Hillary Clinton been silent on Ferguson? | CNN Politics",
        "content": "Why has Hillary Clinton been silent on Ferguson? | CNN Politics",
        "caption": "Former Secretary of State Hillary Clinton discusses her new book, 'Hard Choices: A Memoir,' at the Lisner Auditorium on the campus of George Washington University June 13, 2014 in Washington, DC. Clinton is on a nationwide tour to promote the new memoir with media interviews and book signings but has said she would not decide whether to run in the 2016 presidential race before the end of the year. ",
        "domain": "www.cnn.com"
      }
    ],
    "result": {
      "verdict": true,
      "alignment_score": 85,
      "confidence_score": 8,
      "explanation": "The news image depicts Hillary Clinton in a professional setting, likely during a discussion, characterized by her formal attire (a black and white patterned coat or jacket) and a solid blue backdrop. This matches the context of her participating in a discussion about her book at George Washington University as described in the news caption. In comparison to the reference images, all of which feature her in similar settings and attire, there is a consistent thematic presence. \n\nThe primary news image’s focus on Hillary Clinton aligns well with the idea of her engaging in a conversation. The reference images vary in composition, with some depicting her interacting with the audience or gesturing during talks. Despite differences in the actual moments captured—some images show her making hand gestures while others focus on her facial expressions—the core essence remains intact, maintaining her identity and the context of public speaking or discussion. \n\nTemporal indicators such as lighting and environments are consistent across the reference images, all showcasing Clinton under similar stage lighting, implying an interior event setting possibly during the same period. \n\nThe overall analysis suggests that the news image fits within the broader context and public persona associated with Hillary Clinton's book promotion events, rendering it authentic.",
      "key_observations": [
        "Visual elements align: Hillary Clinton is depicted consistently across images with a similar hairstyle and outfit.",
        "Reference images show varied interactions (audience engagement vs. solo discussion), but core context maintains due to her attire and stage setting.",
        "Lighting and backdrop consistency reinforce the sense of being at an event discussing her book.",
        "No signs of digital manipulation are evident; the news image appears intact and reflective of the moment described."
      ]
    }
  },
  "final_result": {
    "OOC": false,
    "confidence_score": 9,
    "explanation": "Both the internal and external checks indicate that the news caption accurately represents the image. The internal check has a confidence score of 10, and the external check has a confidence score of 8 with an alignment score of 85. Both checks confirm that the image aligns with the caption's description of Hillary Clinton participating in a discussion about her book 'Hard Choices' at George Washington University. Given the consistent findings and high confidence scores, the caption is deemed not out of context.",
    "validation_summary": "Both internal and external checks confirm the caption's accuracy, indicating the image is not out of context. High alignment and confidence scores support this conclusion."
  },
  "inference_time": 13.24768853187561
}