{
  "caption": "Amazon beat IBM to win the CIA s contract and has set up a special data centre to fulfil it",
  "ground_truth": false,
  "internal_check": {
    "visual_entities": [
      "Central Intelligence Agency",
      "Intelligence Agency",
      "United States intelligence budget",
      "National Security Agency",
      "United States Intelligence Community",
      "Vault 7",
      "Espionage",
      "Counterintelligence",
      "News leak",
      "Edward Snowden",
      "lstkhbrt lmryky@"
    ],
    "image_evidences": [],
    "result": {
      "confidence_score": 7,
      "explanation": "The news caption discusses Amazon winning a CIA contract and establishing a data center. The detected visual entities include 'Central Intelligence Agency', 'Intelligence Agency', and related terms. This suggests a connection between the image's content and the CIA. The caption's claim of Amazon's involvement, while not directly visually verifiable, isn't contradicted by the listed entities. Therefore, there is a partial alignment. However, details about Amazon or a data center are missing from the visual entities, lowering the confidence.",
      "verdict": true
    }
  },
  "external_check": {
    "text_evidences": [],
    "result": null
  },
  "final_result": {
    "OOC": false,
    "confidence_score": 7,
    "explanation": "The internal check, with a confidence score of 7, indicates a partial alignment between the news caption and the image content. The caption mentions Amazon and the CIA, and the internal check detected visual entities related to the 'Central Intelligence Agency' and 'Intelligence Agency'. Although the internal check does not directly verify the presence of Amazon or a data center in the image, it does not contradict the caption's claims. The external check result is 'None', indicating a lack of data. Therefore, since the internal check suggests a relationship and the external check provides no contradicting evidence, the caption is not considered out of context. However, the confidence score is limited due to the absence of visual verification of Amazon or a data center.",
    "validation_summary": "Internal check suggests partial alignment between caption and image (CIA related entities detected). External check provided no data. Caption is not OOC, but confidence is limited."
  },
  "inference_time": 4.3133704662323
}