{
  "caption": "Ieuan Wyn Jones leader of Plaid Cymru His party believes drug policy should be based on scientific evidence and backs the decriminalisation of cannabis",
  "ground_truth": false,
  "internal_check": {
    "visual_entities": [
      "Ieuan Wyn Jones",
      "Wales",
      "Plaid Cymru",
      "Science",
      "Politics",
      "Political party",
      "Senedd",
      "Research",
      "David Cameron",
      "Elfyn Llwyd",
      "United Kingdom",
      "suit"
    ],
    "image_evidences": [],
    "result": {
      "confidence_score": 9,
      "explanation": "The news caption mentions Ieuan Wyn Jones as the leader of Plaid Cymru, and the detected visual entities include 'Ieuan Wyn Jones' and 'Plaid Cymru,' indicating a strong alignment. The content further elaborates on Plaid Cymru's views on drug policy, specifically mentioning the decriminalization of cannabis, which is directly linked to Ieuan Wyn Jones as the leader through the caption. Additionally, other entities like 'Wales,' 'Politics,' and 'Political party' are relevant to the context of a political leader and party. The presence of 'suit' as a visual entity is consistent with a formal political setting, further supporting the caption's accuracy.",
      "verdict": true
    }
  },
  "external_check": {
    "text_evidences": [
      {
        "title": "Plaid Cymru answers questions about its science policy | Science policy | The Guardian",
        "content": "Plaid Cymru answers questions about its science policy | Science ...",
        "caption": "Ieuan Wyn Jones, leader of Plaid Cymru. His party believes drug policy should be based on scientific evidence and backs the decriminalisation of cannabis. Photograph: Graham Turner/Guardian",
        "domain": "www.theguardian.com"
      },
      {
        "title": "Plaid Cymru answers questions about its science policy | Science policy | The Guardian",
        "content": "Plaid Cymru answers questions about its science policy | Science ...",
        "caption": "Ieuan Wyn Jones, leader of Plaid Cymru. His party believes drug policy should be based on scientific evidence and backs the decriminalisation of cannabis. Photograph: Graham Turner/Guardian",
        "domain": "www.theguardian.com"
      },
      {
        "title": "Plaid Cymru answers questions about its science policy | Science policy | The Guardian",
        "content": "Plaid Cymru answers questions about its science policy | Science ...",
        "caption": "Ieuan Wyn Jones, leader of Plaid Cymru. His party believes drug policy should be based on scientific evidence and backs the decriminalisation of cannabis. Photograph: Graham Turner/Guardian",
        "domain": "www.theguardian.com"
      },
      {
        "title": "Plaid Cymru answers questions about its science policy | Science policy | The Guardian",
        "content": "Plaid Cymru answers questions about its science policy | Science ...",
        "caption": "",
        "domain": "www.theguardian.com"
      },
      {
        "title": "Plaid Cymru answers questions about its science policy | Science policy | The Guardian",
        "content": "Plaid Cymru answers questions about its science policy | Science ...",
        "caption": "",
        "domain": "www.theguardian.com"
      }
    ],
    "result": {
      "verdict": true,
      "alignment_score": 85,
      "confidence_score": 8,
      "explanation": "The news image features Ieuan Wyn Jones, leader of Plaid Cymru, and it aligns appropriately with the context provided in the caption regarding his advocacy for scientific evidence-based drug policy and cannabis decriminalization. The key visual elements such as Jones's professional attire and the official backdrop of the Welsh Parliament are characteristic of a political figure addressing significant policy issues, which is consistent with the expected imagery related to drug policy discussions.\n\nIn comparing the news image to the reference images retrieved from the web search, notable similarities are observed, particularly in the setting and portrayal of Ieuan Wyn Jones. The background of wooden architecture is similarly present, which is indicative of the Welsh Parliament. The color of his suit and overall demeanor in the context of the reference images shows a coherent representation of his public persona.\n\nDespite involving some images taken in different times or contexts, the central theme remains intact: Ieuan Wyn Jones in a political setting, discussing relevant topics related to his party's stance. However, the temporal aspects are slightly off, as some reference images are dated back to 2010, indicating that visual comparisons may not perfectly align temporally. Nonetheless, the core context remains substantial.\n\nThe lighting in the news image mirrors the overall brightness found in the reference images, suggesting consistency in the time of day or setting. No signs of manipulation or digital alteration were noted in the images, which further supports their authenticity and relevancy.",
      "key_observations": [
        "Visual subject matches: Ieuan Wyn Jones is the central figure in both the news and reference images.",
        "Background consistency: The wooden structure aligns with the architectural style of the Welsh Parliament, seen in both the news and reference images.",
        "Attire is consistent: Corresponding formal suit and tie are representative of his public role.",
        "Temporal inconsistency: Some reference images are dated (2010), while the news context may suggest a more current discussion.",
        "Lighting conditions: Similar lighting suggests both images could have been taken under comparable settings, maintaining authenticity."
      ]
    }
  },
  "final_result": {
    "OOC": false,
    "confidence_score": 9,
    "explanation": "Both internal and external checks strongly suggest that the caption accurately represents the image. The internal check has a confidence score of 9, noting the presence of Ieuan Wyn Jones and Plaid Cymru in both the caption and detected visual entities, along with the relevance of the mentioned drug policy to the party's views. The external check, with an alignment score of 85 and confidence score of 8, confirms the presence of Ieuan Wyn Jones in the image and its consistency with reference images, especially regarding his political setting and attire. Given the high alignment and confidence scores, and no conflicting information, the caption is deemed not out of context.",
    "validation_summary": "Both internal and external checks confirm that the caption accurately represents the image, with high confidence and alignment scores."
  },
  "inference_time": 11.913546323776245
}