{
  "caption": "Angelique Kerber of Germany returns to Eugenie Bouchard of Canada",
  "ground_truth": true,
  "internal_check": {
    "visual_entities": [
      "Tennis",
      "2018 Wimbledon Championships",
      "2019 Wimbledon Championships",
      "2018 Wimbledon Championships - Women's Singles",
      "Serena Williams",
      "2004 Wimbledon Championships",
      "Championship",
      "Athlete",
      "Final",
      "Roger Federer",
      "Julia Gorges",
      "Wimbledon",
      "tennis player"
    ],
    "image_evidences": [],
    "result": {
      "confidence_score": 9,
      "explanation": "The news caption mentions \"Angelique Kerber of Germany returns to Eugenie Bouchard of Canada\", which aligns with the detected visual entities of \"Tennis\", \"2018 Wimbledon Championships\", \"2019 Wimbledon Championships\", \"2018 Wimbledon Championships - Women's Singles\", 'Wimbledon', 'tennis player', suggesting a tennis match. The news content discusses the Wimbledon women's semifinals, including Eugenie Bouchard. Therefore, the caption accurately represents the visual content, and there are no evident contradictions or missing elements based on the provided information.",
      "verdict": true
    }
  },
  "external_check": {
    "text_evidences": [
      {
        "title": "Simona Halep, Eugenie Bouchard advance to Wimbledon semifinals  The Denver Post",
        "content": "Simona Halep, Eugenie Bouchard advance to Wimbledon semifinals ...",
        "caption": "Eugenie Bouchard of Canada plays a return to Angelique Kerber of Germany during their womens singles quarterfinal match at the All England Lawn Tennis Championships in Wimbledon, London, on July 2, 2014.",
        "domain": "www.denverpost.com"
      }
    ],
    "result": {
      "verdict": true,
      "alignment_score": 85,
      "confidence_score": 8,
      "explanation": "The news image depicts Angelique Kerber returning a tennis ball, capturing an intense moment in the match. The reference images also display both players in similar action shots, maintaining the theme of a competitive tennis match. Key visual elements such as the tennis attire, similar equipment, and the background elements of a tennis court are consistent across the images. Although the lighting and positioning of the players differ slightly, the overall context of the match remains intact. No significant signs of digital manipulation were observed in any of the images. Therefore, despite minor differences, the news image accurately represents the event described in the caption.",
      "key_observations": "- All images show players engaging in a tennis match, aligned with the caption. \n- Kerber is effectively depicted returning a shot, a direct match to the news caption's action description. \n- Lighting varies between images, but does not detract from the core context of an outdoor match. \n- Similar tennis attire (white uniforms) helps maintain visual consistency.\n- No signs of digital manipulation were observed in the news image or reference images."
    }
  },
  "final_result": {
    "OOC": false,
    "confidence_score": 9,
    "explanation": "The internal check yielded a confidence score of 9 and a verdict of True, indicating that the caption accurately represents the image content. This assessment is based on the alignment of the caption's mention of 'Angelique Kerber' and 'Eugenie Bouchard' with the detected visual entities related to tennis and the Wimbledon Championships. Similarly, the external check also resulted in a True verdict, with an alignment score of 85 and a confidence score of 8. This indicates that the news image aligns well with reference images, showing players engaged in a tennis match, specifically capturing Kerber returning a shot as described in the caption. Both checks independently support the accuracy of the caption in representing the image. Since both checks agree and have high confidence scores, the caption is not out of context.",
    "validation_summary": "Both internal and external checks confirm that the caption accurately represents the image, with high confidence and alignment scores."
  },
  "inference_time": 7.371633052825928
}