{
  "caption": "David and Samantha Cameron at the Conservative party summer ball 2013",
  "ground_truth": false,
  "internal_check": {
    "visual_entities": [
      "Carpet",
      "Socialite",
      "Suit",
      "Event",
      "Statistics",
      "suit"
    ],
    "image_evidences": [],
    "result": {
      "confidence_score": 9,
      "explanation": "The caption mentions \"David and Samantha Cameron at the Conservative party summer ball 2013\". The detected visual entities include \"Socialite\", \"Suit\", and \"Event\". The entities 'Socialite' and 'Suit' are consistent with people attending a ball. 'Event' is directly related to the caption about the Conservative party summer ball. The news content supports the event being real and names David and Samantha Cameron as attendees, which strengthens the relationship between the caption and the visual entities. Therefore, the caption aligns with the detected visual entities and the article content.",
      "verdict": true
    }
  },
  "external_check": {
    "text_evidences": [
      {
        "title": "10 things we learned this week | UK news | The Guardian",
        "content": "10 things we learned this week | UK news | The Guardian",
        "caption": "David and Samantha Cameron arrive for the 2013 Conservative party summer ball. Photograph: Alan Davidson",
        "domain": "www.theguardian.com"
      },
      {
        "title": "Tory summer party drew super-rich supporters with total wealth of 11bn\r\n\r\n\r\n | Conservatives | The Guardian",
        "content": "Tory summer party drew super-rich supporters with total wealth of ...",
        "caption": "David and Samantha Cameron at the Conservative party summer ball 2013. Photograph: Alan Davidson/The Picture Library",
        "domain": "www.theguardian.com"
      }
    ],
    "result": {
      "verdict": true,
      "alignment_score": 90,
      "confidence_score": 9,
      "explanation": "The news image of David and Samantha Cameron aligns closely with the reference images retrieved under the caption 'David and Samantha Cameron at the Conservative party summer ball 2013.' The key visual elements, such as the attire of both individuals, were consistent across the images. David Cameron is observed in a dark suit and a blue tie, which matches the reference images, while Samantha Cameron is wearing a vibrant orange dress. This same dress is present in all reference images, ensuring visual consistency.  \n\nThe spatial arrangement within the images is also consistent, showing the couple together, hand-in-hand, walking in what appears to be a similar environment. The background features are slightly blurred yet recognizable across the images, enhancing the contextual connection. The lighting is consistent across the images, indicating that they were taken around the same time of day, likely in the evening, as evidenced by the indoor setting and lighting conditions. \n\nThere are no signs of digital manipulation that would suggest a misleading representation of the event or context. Minor differences, such as slight variations in the angle or framing, do not detract from the relevance or truthfulness of the image in relation to the event. Overall, the news image accurately represents the event described in the caption and is consistent in visual and contextual details with the reference images, leading to a high alignment score.",
      "key_observations": [
        "Both David and Samantha Cameron are wearing the same outfits as seen in reference images: David in a dark suit with a blue tie and Samantha in an orange dress.",
        "The positioning of the couple and their hand-holding gesture is consistent across the images.",
        "Similar lighting and indoor setting confirm the images likely depict the same event around the same time.",
        "No apparent digital manipulations or artifacts present—images appear authentic."
      ]
    }
  },
  "final_result": {
    "OOC": false,
    "confidence_score": 9,
    "explanation": "The internal check confirms that the caption aligns with the news content and detected visual entities. The external check, with a high alignment score of 90 and confidence of 9, further validates the caption's accuracy by confirming that the news image is consistent with reference images for the stated event and individuals. Both checks support the accuracy of the caption.",
    "validation_summary": "Both internal and external checks confirm that the caption accurately represents the image, showing David and Samantha Cameron at the Conservative party summer ball 2013."
  },
  "inference_time": 8.395035743713379
}