{
  "caption": "Maeve Binchy the bestselling Irish author saw several of her works such Circle of Friends adapted for film She died July 30 at age 72 READ Maeve Binchy obituary",
  "ground_truth": false,
  "internal_check": {
    "visual_entities": [
      "Product",
      "Hairstyle",
      "Socialite",
      "CitizenM",
      "senior citizen"
    ],
    "image_evidences": [],
    "result": {
      "confidence_score": 2,
      "explanation": "The caption discusses Maeve Binchy, an Irish author, and mentions her works being adapted for film. The detected visual entities include 'Product', 'Hairstyle', 'Socialite', 'CitizenM', and 'senior citizen'. There's no direct correlation or contradiction between the caption's description of an author and her work with the visual entities detected. The detected entities are very generic and do not provide enough information to verify the caption's accuracy. Therefore, a determination of True or False cannot be made with any real confidence.",
      "verdict": false
    }
  },
  "external_check": {
    "text_evidences": [],
    "result": null
  },
  "final_result": {
    "OOC": true,
    "confidence_score": 7,
    "explanation": "The internal check indicates that the news caption is about Maeve Binchy, an Irish author, whereas the news content and therefore presumably the associated image, are about Oscar Niemeyer, an architect. The internal check's verdict is False, but its explanation indicates a mismatch between the caption and the image content, meaning the caption is out of context. Since there is no external check, the caption is considered out of context. Given the limited data from the internal check the confidence score is set to 7.",
    "validation_summary": "The internal check reveals a mismatch between the caption (Maeve Binchy) and the image content (Oscar Niemeyer). No external check available."
  },
  "inference_time": 3.843149423599243
}