{
  "caption": "Malala Yousafzai at the United Nations General Assembly in New York City",
  "ground_truth": false,
  "internal_check": {
    "visual_entities": [
      "He Named Me Malala",
      "Malala Yousafzai",
      "Documentary",
      "Academy Award for Best Documentary (Feature)",
      "Women's rights",
      "Trailer",
      "2015",
      "Action/Adventure",
      "Davis Guggenheim",
      "An Inconvenient Truth",
      "He Named Me Malala: Review",
      "An Inconvenient",
      "official"
    ],
    "image_evidences": [
      {
        "title": "He Named Me Malala review  inspiring documentary about precocious campaigner | Film | The Guardian",
        "content": "",
        "caption": "Malala Yousafzai at the United Nations General Assembly in New York City.",
        "domain": "www.theguardian.com"
      },
      {
        "title": "Filmed in Supermarionation review  inspiring British puppetry success story | Documentary films | The Guardian",
        "content": "",
        "caption": "Peter Bradshaw",
        "domain": "www.theguardian.com"
      }
    ],
    "result": {
      "confidence_score": 10,
      "explanation": "The news caption mentions Malala Yousafzai at the United Nations General Assembly in New York City. Evidence 1 shows an image of Malala Yousafzai at the United Nations General Assembly in New York City, directly supporting the caption. The domain, www.theguardian.com, is a credible news source. Evidence 2 is not relevant as it features Peter Bradshaw and is about a different topic. Therefore, the image evidence strongly supports the news caption.",
      "verdict": true
    }
  },
  "external_check": {
    "text_evidences": [
      {
        "title": "The full text: Malala Yousafzai delivers defiant riposte to Taliban militants with speech to the UN General Assembly | The Independent | The Independent",
        "content": "The full text: Malala Yousafzai delivers defiant riposte to ...",
        "caption": "Malala addresses the UN",
        "domain": "www.independent.co.uk"
      },
      {
        "title": "World leaders confront COVIDs impact on education ahead of U.N. General Assembly | PBS News",
        "content": "World leaders confront COVID's impact on education ahead of U.N. ...",
        "caption": "Malala Yousafzai speaks during the Transforming Education Summit on the sidelines of the United Nations General Assembly a...",
        "domain": "www.pbs.org"
      }
    ],
    "result": {
      "verdict": false,
      "alignment_score": 55,
      "confidence_score": 7,
      "explanation": "The news image shows Malala Yousafzai seated at a table with a view of her and some delegates in the background. In contrast, the reference images depict her either speaking at a podium (the last image) or positioned more actively engaged in the event with a larger audience in the room (the second image). The setting of the news image suggests a more intimate setting, which may not accurately capture the larger context of a United Nations General Assembly where she is actively participating. \n\nIn terms of temporal consistency, the lighting and ambiance in the news image appear to be more subdued compared to the brighter, more dynamic settings of the reference images, particularly the visuals of her addressing the assembly. This could suggest a different moment or context rather than her being in a significant part of the event, which could mislead the viewer regarding the significance of her participation. \n\nFurthermore, the news image lacks the backdrop of the United Nations logo prominent in the last reference image, which plays a vital role in establishing the identity of the event. Overall, while the news image does include key elements—Malala herself and a setting resembling an assembly room—the overall context might mislead if interpreted as being aligned with her most impactful or recognized moments at the UN.",
      "key_observations": [
        "Subject consistency: Malala Yousafzai appears in both the news and reference images, ensuring subject alignment.",
        "Setting discrepancies: The news image appears to be a more intimate setting rather than the broader context of the UN General Assembly.",
        "Lighting differences: The lighting in the news image is dimmer compared to the brighter, more vibrant settings in the reference images.",
        "Lack of prominent UN branding: The news image does not feature a visible UN emblem or podium that is prominent in the reference images, affecting context recognition."
      ]
    }
  },
  "final_result": {
    "OOC": true,
    "confidence_score": 7,
    "explanation": "The internal check indicates a high confidence (10) that the caption accurately describes the image content, showing Malala Yousafzai at the United Nations General Assembly in New York City. However, the external check, while having a lower confidence score (7), raises concerns about the context. It notes discrepancies between the news image and reference images, pointing out a more intimate setting, dimmer lighting, and the absence of prominent UN branding in the news image. The external check's alignment score is 55, suggesting a moderate level of mismatch. Given these discrepancies, it's likely the image represents a different, less significant moment than what the caption implies about her being at the UN General Assembly. Since the external check identifies contextual inaccuracies not captured by the internal check, and both suggest it might be out of context, with the external check emphasizing a misleading context, the caption is considered out of context.",
    "validation_summary": "The internal check confirms the presence of Malala Yousafzai at the UN General Assembly. However, the external check indicates contextual discrepancies (setting, lighting, branding) compared to typical UN General Assembly appearances, leading to the determination that the caption is out of context, albeit with moderate confidence."
  },
  "inference_time": 11.841922998428345
}