{
  "caption": "Pope Francis acknowledges faithful on his way to celebrate Sunday Mass at Benjamin Franklin Parkway Sept 27 2015 in Philadelphia",
  "ground_truth": false,
  "internal_check": {
    "visual_entities": [
      "Pope",
      "Pope Sylvester I",
      "Catholic Faith Network",
      "Pope's Mass",
      "Holy See",
      "Politics",
      "Nuncio",
      "John Barres",
      "pope"
    ],
    "image_evidences": [
      {
        "title": "Vatican: Pope's only 'audience' was with gay former student  not Kim Davis | Pope Francis | The Guardian",
        "content": "",
        "caption": "Pope Francis acknowledges faithful as he parades on his way to celebrate Mass on 27 September 2015, in Philadelphia.",
        "domain": "www.theguardian.com"
      }
    ],
    "result": {
      "confidence_score": 10,
      "explanation": "The news caption states that Pope Francis acknowledged the faithful on his way to celebrate Sunday Mass at Benjamin Franklin Parkway on September 27, 2015, in Philadelphia. The provided image evidence shows Pope Francis acknowledging the faithful as he parades on his way to celebrate Mass on September 27, 2015, in Philadelphia. The domain of the image is a reputable news source, The Guardian. The visual entities detected such as 'Pope' and 'pope's Mass' align with the news caption. Therefore, the image provides reasonable visual support for the news caption.",
      "verdict": true
    }
  },
  "external_check": {
    "text_evidences": [
      {
        "title": "Pope extends permission on abortion forgiveness  The Denver Post",
        "content": "Pope extends permission on abortion forgiveness  The Denver Post",
        "caption": "Pope Francis acknowledges faithful as he parades on his way to celebrate Sunday Mass at Benjamin Franklin Parkway Sept. 27, 2015 in Philadelphia, Pennsylvania. Pope Francis concludes his tour of the U.S. with events in Philadelphia on Saturday and Sunday. ",
        "domain": "www.denverpost.com"
      }
    ],
    "result": {
      "verdict": true,
      "alignment_score": 90,
      "confidence_score": 9,
      "explanation": "The analysis of the news image, featuring Pope Francis waving to a crowd, aligns well with the reference images related to the event described in the caption. Both the news image and reference images depict the Pope in a similar setting with numerous attendees present, suggestive of a public gathering at Benjamin Franklin Parkway during his visit to Philadelphia on September 27, 2015. The attire of the Pope, characterized by his white cassock and distinctive white zucchetto, is consistent across both images. The joyful demeanor of the Pope, as he waves to the crowd, evokes the spirit of connection and engagement with the faithful present. \n\nIn terms of visual consistency, both images exhibit comparable lighting and camera angles. They capture the throngs of people holding mobile devices, further emphasizing the lively atmosphere of the event. Despite slight differences in focus and framing, these variations do not detract from the core context of the images. \n\nTemporal indicators such as weather conditions and seasonality appear consistent, denoting a warm atmosphere appropriate for a late September event.\n\nNo signs of digital manipulation are evident, reinforcing the authenticity of the captured moment. Overall, while there are minor visual discrepancies, they do not significantly detract from the overall representation of the event, resulting in a strong alignment with the news caption.",
      "key_observations": "- Subjects: Both images prominently feature Pope Francis, dressed in white, engaging with a crowd.\n- Expression: The Pope's joyful wave is captured similarly in both images.\n- Crowd: Both images include a visible, enthusiastic audience, indicative of the event's context.\n- Lighting and setting: Consistent warm lighting appropriate for an early autumn day.\n- Minor visual differences in framing or focus do not alter the event's representation."
    }
  },
  "final_result": {
    "OOC": false,
    "confidence_score": 9,
    "explanation": "The internal check result confirms that the news caption accurately describes the image, with a high confidence score of 10. The external check result also supports the caption's accuracy, providing a high alignment score of 90 and a confidence score of 9. Both checks affirm the caption's description of Pope Francis acknowledging the faithful on his way to celebrate Sunday Mass at Benjamin Franklin Parkway on September 27, 2015, in Philadelphia. Since both the internal and external checks align and have high confidence scores, the caption is deemed not out of context.",
    "validation_summary": "Both internal and external checks confirm the caption's accuracy with high confidence and alignment scores, indicating the caption is not out of context."
  },
  "inference_time": 8.071136713027954
}