{
  "caption": "Rising sea level is making Norfolk Va deal with higher tides that flood streets and more damage from storm surges By H Darr Beiser USA TODAY",
  "ground_truth": false,
  "internal_check": {
    "visual_entities": [
      "Chrysler Museum",
      "Chrysler Museum",
      "Water",
      "River",
      "Reflection",
      "Recreation",
      "Museum",
      "Geometry",
      "Transformation",
      "Mathematics",
      "chrysler museum"
    ],
    "image_evidences": [],
    "result": {
      "confidence_score": 7,
      "explanation": "The caption mentions rising sea levels and flooding in Norfolk, VA. The detected entities include 'Water' and 'River,' which are consistent with the caption's theme of rising sea levels causing flooding. The mention of the Chrysler Museum, detected multiple times, does not directly relate to the flooding theme but doesn't contradict it either. The caption also mentions 'streets' being flooded and 'storm surges', none of which can be directly confirmed or denied from the detected visual entities alone, but the presence of water bodies certainly supports the general context. Considering that the entities are not fully comprehensive but generally align with the caption's description, a moderately high confidence score is assigned.",
      "verdict": true
    }
  },
  "external_check": {
    "text_evidences": [
      {
        "title": "Aftermath of Sandy",
        "content": "Aftermath of Sandy",
        "caption": "Mark and Kathy Rossi take a break as they use a toy wagon to move debris from their East Railway Avenue home inOrtley Beach, N.J.",
        "domain": "www.usatoday.com"
      },
      {
        "title": "Aftermath of Sandy",
        "content": "Aftermath of Sandy",
        "caption": "A road is filled with discarded furniture and debris on Nov. 14 in Ortley Beach, N.J. Residents finally got home to salvage belongings and clean up their homes after Hurricane Sandy struck their neighborhood.",
        "domain": "www.usatoday.com"
      }
    ],
    "result": {
      "verdict": true,
      "alignment_score": 85,
      "confidence_score": 9,
      "explanation": "The news image effectively captures the context described by the caption, which focuses on rising sea levels in Norfolk, Virginia, leading to higher tides and subsequent flooding. The main image shows a scene in an urban area adjacent to water, with visible flooding that aligns with the narrative of higher tides impacting the locality. Reference images retrieved from the web search exhibit similar themes, displaying damage, flooded streets, and debris, possibly caused by storm surges. These visual cues are consistent with the challenges mentioned in the caption.\n\nKey visual elements in the news image include water overflow on streets, reflecting nearby buildings, and possibly a resident, which effectively conveys a flood scenario relevant to rising sea levels and storm surges. The reference images feature environments affected by flooding, aligning with the thematic context. The spatial composition and subjects (flooded streets, buildings) maintain coherence across the images, ensuring contextual representation is intact. \n\nLighting and environmental conditions across the images appear consistent, reflecting similar weather conditions, likely reflecting the same time period covered by the caption. There are no significant signs of manipulation or digital alteration in the news image. Though there may be slight variations in scenes or angles, these do not detract from the core narrative of the flooding events in Norfolk.",
      "key_observations": "- The news image depicts flooded urban streets consistent with sea-level rise impacts.\n- All images include flood-related themes: affected buildings, water on streets, debris.\n- Consistent lighting and environmental conditions across news and reference images.\n- No apparent signs of image manipulation or digital alteration.\n- Temporal indicators suggest recency, aligning with the caption's contemporary context."
    }
  },
  "final_result": {
    "OOC": false,
    "confidence_score": 9,
    "explanation": "Both the internal and external checks indicate that the caption accurately represents the image. The internal check, with a confidence score of 7, confirms that the detected entities align with the caption's theme of rising sea levels and flooding in Norfolk, VA. The external check, with a confidence score of 9 and an alignment score of 85, further validates this by showing that the news image and reference images share consistent themes of flooding in urban environments. Since both checks agree and the external check has a high confidence and alignment score, the caption is deemed not out of context.",
    "validation_summary": "Both internal and external checks confirm the caption accurately reflects the image content, depicting flooding in Norfolk, VA, due to rising sea levels."
  },
  "inference_time": 10.623336791992188
}