{
  "caption": "Cities including Manchester and Newcastle have campaigned for more power",
  "ground_truth": false,
  "internal_check": {
    "visual_entities": [
      "Minister for Portsmouth",
      "Rayleigh and Wickford",
      "Minister",
      "BBC News",
      "Penny Mordaunt",
      "Mark Francois",
      "Michael Fallon",
      "Matt Hancock",
      "Flick Drummond",
      "United Kingdom",
      "handbag"
    ],
    "image_evidences": [
      {
        "title": "Portsmouth minister 'no longer needed' - BBC News",
        "content": "",
        "caption": "Shipyard protests in Portsmouth, the Manchester skyline and the Angel of the North",
        "domain": "www.bbc.com"
      },
      {
        "title": "Michael Fallon replaced as Portsmouth minister in reshuffle - BBC News",
        "content": "",
        "caption": "Shipyard protests in Portsmouth, the Manchester skyline and the Angel of the North",
        "domain": "www.bbc.com"
      },
      {
        "title": "Mark Francois is new minister for Portsmouth - BBC News",
        "content": "",
        "caption": "Shipyard protests in Portsmouth, the Manchester skyline and the Angel of the North",
        "domain": "www.bbc.com"
      }
    ],
    "result": {
      "confidence_score": 7,
      "explanation": "The news caption mentions Manchester and Newcastle campaigning for more power. The image evidence titles refer to Portsmouth, and the captions below the titles mention the 'Manchester skyline'. While this partially aligns with the news caption by mentioning Manchester, the image evidence primarily focuses on Portsmouth and shipyard protests, which are not directly related to the core claim of Manchester and Newcastle campaigning for more power. Therefore, the images offer limited support for the news caption. The presence of Manchester skyline is a weak positive signal, but the overall context of the images is different, reducing the confidence.",
      "verdict": false
    }
  },
  "external_check": {
    "text_evidences": [
      {
        "title": "Manchester Citys inexorable hard power crushes Real Madrid | Manchester City | The Guardian",
        "content": "Manchester City's inexorable hard power crushes Real Madrid ...",
        "caption": "Bernardo Silva celebrates with his Manchester City teammates after scoring the first of his double against Real Madrid.",
        "domain": "www.theguardian.com"
      }
    ],
    "result": {
      "verdict": true,
      "alignment_score": 85,
      "confidence_score": 9,
      "explanation": "The news image features a collage representing events and symbols relevant to Manchester and Newcastle, aligning well with the caption about cities campaigning for more power. The images include people protesting and signs related to industrial action, a cityscape likely representing Manchester, and the Angel of the North, a notable landmark in Newcastle. The inclusion of a political symbol (red briefcase) complements the theme of power and governance. Reference images retrieved, such as football events in Manchester, lack direct relevance but do not conflict with the main theme, suggesting that the news image successfully represents the diversity of issues related to the campaign described in the caption.",
      "key_observations": "- The news image includes protest imagery, reflecting civic activism expected from campaigning.\n- Cityscape image resembles known views of Manchester, aligning with the caption.\n- The Angel of the North represents Newcastle, consistent with the caption.\n- Political symbol of a red briefcase suggests governance and power themes.\n- Reference images primarily feature unrelated events, such as sports, but do not contradict the news image's theme."
    }
  },
  "final_result": {
    "OOC": true,
    "confidence_score": 8,
    "explanation": "The internal and external checks provide conflicting results. The internal check indicates a mismatch between the news caption and the image content, assigning a confidence score of 7. It argues the image primarily focuses on Portsmouth and shipyard protests, with only a weak connection to Manchester through a skyline image. The external check, however, finds the news image aligns well with the caption, showing symbols and events relevant to Manchester and Newcastle, and assigns a confidence score of 9 with an alignment score of 85. Since the external check has a slightly higher confidence score and a strong alignment score, it is considered more reliable. The caption 'Cities including Manchester and Newcastle have campaigned for more power' is deemed to accurately represent the collage image containing elements from both cities. Given the conflict and the higher confidence in the external result concluding alignment, plus the higher confidence of the external check, the internal check's conclusion is overturned. However, since the internal check initially flagged a discrepancy, the final confidence score reflects the initial uncertainty.",
    "validation_summary": "Internal check suggests the caption is out of context (low alignment), while external check indicates alignment (high alignment). The external check has a higher confidence score and alignment score. The final decision favors the external check result."
  },
  "inference_time": 11.697619438171387
}