{
  "caption": "Donald Trump at a rally in Nevada just before he won the caucuses there Did GOP elites fail to stop him because they thought they did nt have to",
  "ground_truth": true,
  "internal_check": {
    "visual_entities": [
      "Crowd",
      "2016 Donald Trump Chicago rally protest",
      "Demonstration",
      "Cancel culture",
      "Fan",
      "2016",
      "Never Trump movement",
      "Herd mentality",
      "fan"
    ],
    "image_evidences": [],
    "result": {
      "confidence_score": 7,
      "explanation": "The caption mentions \"Donald Trump at a rally in Nevada\", and the detected entities include terms associated with Trump rallies like \"2016 Donald Trump Chicago rally protest\", \"Demonstration\", \"Fan\", and \"Never Trump movement\". While the entities don't explicitly confirm the Nevada location, the presence of rally-related terms suggests a connection to the caption's event. The article also discusses Trump winning. The caption says, 'Did GOP elites fail to stop him because they thought they didnt have to', which cannot be validated by visual elements.",
      "verdict": true
    }
  },
  "external_check": {
    "text_evidences": [
      {
        "title": "How Donald Trump became the GOP's front-runner | AP News",
        "content": "How Donald Trump became the GOP's front-runner | AP News",
        "caption": "Republican presidential candidate former President Donald Trump arrives to speak after meeting with members of the International Brotherhood of Teamsters at their headquarters in Washington, Wednesday, Jan. 31, 2024. (AP Photo/Andrew Harnik)",
        "domain": "apnews.com"
      },
      {
        "title": "Trump begins openly embracing and amplifying false fringe QAnon conspiracy theory | PBS News",
        "content": "Trump begins openly embracing and amplifying false fringe QAnon ...",
        "caption": "Former U.S. President Donald Trump attends a rally in Wilkes-Barre, Pennsylvania, U.S., September 3, 2022. Photo by Andrew...",
        "domain": "www.pbs.org"
      }
    ],
    "result": {
      "verdict": false,
      "alignment_score": 40,
      "confidence_score": 7,
      "explanation": "The news image depicts a scene from a political rally with a group of attendees, hinting at the excitement surrounding Donald Trump's campaign. However, it primarily showcases the audience and does not feature Trump himself, which is a central element indicated by the news caption. The reference images contain prominent depictions of Trump at rallies, particularly in moments of speaking or interaction with the crowd, which is essential considering the context of his activities prior to winning the caucuses in Nevada.\n\nVisual elements such as banners and t-shirts in the news image match the pro-Trump theme expected at such events, which offers some contextual alignment. However, the absence of Trump in the news image is a significant discrepancy.  \n\nThe temporal indicators across reference images display varied lighting conditions and settings, which are typical for different moments during a rally. However, they consistently present Trump as a focal point, something lacking in the news image.\n\nIn terms of spatial relationships, the news image lacks the impact of showcasing Trump, leading to a diminished context for understanding the rally's energy. Similarly, lighting and camera angles differ with reference images typically featuring Trump front and center, whereas the news image is more cluttered with attendees and lacks a clear focal point.\n\nNo identifiable signs of digital manipulation are present in the news image, but the core issue is the misrepresentation related to the focal subject matter of the news caption.",
      "key_observations": [
        "News image focuses on the crowd, while reference images prominently feature Donald Trump.",
        "Visual elements like banners and attire suggest a pro-Trump atmosphere, but the subject matter discrepancy remains significant.",
        "Temporal indicators vary but typically represent Trump in engaging scenarios; this is missing in the news image.",
        "Lighting and camera angles differ, with reference images favoring Trump as the focal point, contradicting the cluttered ensemble in the news image."
      ]
    }
  },
  "final_result": {
    "OOC": true,
    "confidence_score": 7,
    "explanation": "The internal check suggests the caption aligns with the image content, noting rally-related terms. However, the external check indicates a misalignment because the image focuses on the crowd and lacks a prominent depiction of Donald Trump, who is central to the caption's context. The external check has a higher confidence score (7), but the alignment score is only 40. Given the image does not contain the central figure mentioned in the caption, Trump, and prioritizing the external check due to its relevance to visual representation, the caption is considered out of context. The article's content cannot be validated against visual features.",
    "validation_summary": "Internal check positive but external check negative due to the absence of Trump in the image. External check's focus on visual representation is prioritized."
  },
  "inference_time": 12.768565893173218
}