{
  "caption": "David Cameron addresses a session at the World Economic Forum in Davos",
  "ground_truth": true,
  "internal_check": {
    "visual_entities": [
      "David Cameron",
      "Ian Donald Cameron",
      "Nick Clegg",
      "Politics",
      "Prime minister",
      "North Korea",
      "Prime Minister of the United Kingdom",
      "Panama Papers",
      "Alan Milburn",
      "Peter Mandelson",
      "crowd"
    ],
    "image_evidences": [],
    "result": {
      "confidence_score": 9,
      "explanation": "The caption states \"David Cameron addresses a session at the World Economic Forum in Davos\". The detected visual entities include \"David Cameron\". The news content describes David Cameron's speech at the World Economic Forum in Davos. Therefore, the caption aligns with the detected entities and the news content. Other detected entities, while present in news articles related to David Cameron, do not directly contradict the caption's claim.",
      "verdict": true
    }
  },
  "external_check": {
    "text_evidences": [
      {
        "title": "David Cameron attempts to lift economic gloom in Davos | David Cameron | The Guardian",
        "content": "David Cameron attempts to lift economic gloom in Davos | David ...",
        "caption": "David Cameron addresses a session at the World Economic Forum in Davos. Photograph: Michel Euler/AP",
        "domain": "www.theguardian.com"
      },
      {
        "title": "Bank governor Mark Carney is the archetypal Davos Man | The Independent | The Independent",
        "content": "Bank governor Mark Carney is the archetypal 'Davos Man' | The ...",
        "caption": "British Prime Minister David Cameron addresses the attendees during the session \"Britain in the World\" during the Annual Meeting 2016 of the World Economic Forum (WEF) in Davos, Switzerland",
        "domain": "www.independent.co.uk"
      }
    ],
    "result": {
      "verdict": false,
      "alignment_score": 25,
      "confidence_score": 7,
      "explanation": "The news image depicts David Cameron in a casual setting, interacting with an older gentleman, which contrasts significantly with the reference images that show him speaking at a podium during the World Economic Forum in a formal context. Key visual elements inferred from the news caption include formal attire, an audience, and a professional setting, which are not present in the news image. The reference images reveal a starkly different environment (stage, audience, and backdrop) more aligned with a conference atmosphere. Temporal elements are also inconsistent; the news image appears to be bright and outdoor, whereas the reference images are indoors with subdued lighting typical of a conference venue. Therefore, despite any potential emotional context provided by the news image, it fails to align with the formal event described in the caption. This indicates a significant deviation in context, warranting a \"False\" verdict on alignment.",
      "key_observations": [
        "News image features David Cameron in casual interaction, contrasting with expected formal speech setting.",
        "Reference images show Cameron at a podium at the World Economic Forum, dressed formally.",
        "Temporal indicators differ: news image appears to be outdoors, bright lighting; reference images are indoor, professionally lit.",
        "Spatial relationships differ significantly; the composition in the news image does not align with the formal event context.",
        "No signs of digital manipulation detected in any image."
      ]
    }
  },
  "final_result": {
    "OOC": true,
    "confidence_score": 8,
    "explanation": "The internal check suggests the caption is accurate based on the news content and detected entity 'David Cameron'. However, the external check, with a confidence score of 7 and an alignment score of 25, indicates the image does not align with the typical setting of David Cameron addressing the World Economic Forum in Davos. The external check reveals that the image depicts a casual interaction, contrasting sharply with the formal setting expected for such an event. Given the significant discrepancy identified by the external check and its description of contextual misalignment, the caption is considered out of context. The lower alignment score from the external check reinforces this conclusion. Prioritizing the external check due to its direct comparison of the image with expected representations of the event, I conclude the caption is out of context.",
    "validation_summary": "Internal check positive, external check negative due to image showing a casual interaction inconsistent with the formal setting of the World Economic Forum in Davos."
  },
  "inference_time": 10.977121829986572
}