{
  "caption": "The recentlyrestored Hadlow Tower in Kent now a holiday let rented out by the Vivat Trust",
  "ground_truth": false,
  "internal_check": {
    "visual_entities": [
      "The Hadlow Tower",
      "Lighting",
      "Daylighting",
      "Folly",
      "Gothic Revival architecture",
      "Symmetry",
      "Martin Thomas Associates Ltd",
      "1830s",
      "Listed building",
      "Hadlow Tower",
      "Gothic fiction",
      "Hadlow",
      "Geometry",
      "Mathematics",
      "ceiling"
    ],
    "image_evidences": [],
    "result": {
      "confidence_score": 9,
      "explanation": "The news caption states \"The recentlyrestored Hadlow Tower in Kent now a holiday let rented out by the Vivat Trust\". The detected visual entities include \"The Hadlow Tower\", \"Hadlow Tower\", and \"Hadlow\", which strongly supports the caption's reference to the tower. The presence of terms like \"Gothic Revival architecture\", \"Folly\", and \"Listed building\" also align with the description of Hadlow Tower as a historic structure, further supporting the caption. The visual entities do not contradict any part of the caption, and there are no significant missing elements, therefore the caption is likely accurate based on the visual entities detected.",
      "verdict": true
    }
  },
  "external_check": {
    "text_evidences": [
      {
        "title": "Heritage Open Days puts on record number of events around England | United Kingdom holidays | The Guardian",
        "content": "Heritage Open Days puts on record number of events around England ...",
        "caption": "The recently-restored Hadlow Tower in Kent, now a holiday let, rented out by the Vivat Trust",
        "domain": "www.theguardian.com"
      },
      {
        "title": "Heritage Open Days puts on record number of events around England | United Kingdom holidays | The Guardian",
        "content": "e44223b3-5227-4679-9b3c- ...",
        "caption": "The Old Hall Hotel in Buxton, possibly the oldest hotel in England, will be opening up the room where Mary Queen of Scots was kept prisoner",
        "domain": "www.theguardian.com"
      }
    ],
    "result": {
      "verdict": true,
      "alignment_score": 95,
      "confidence_score": 9,
      "explanation": "The news image depicts the interior of Hadlow Tower, showcasing its spiral staircase, exposed brick walls, and large windows. This aligns well with reference images that also feature the interior of the tower, highlighting similar architectural elements like the structure's brickwork and the design of the stairway. The lighting in the news image appears bright and natural, consistent with the interior brightness seen in the referenced images. The composition focuses down the spiral staircase, presenting a unique viewpoint that emphasizes its design, which matches the focus and angle seen in the reference images. \n\nIn terms of temporal consistency, while no explicit timestamps are shown in the news or reference images, the bright lighting indicates a similar time of day, likely during the day when the tower is accessible to visitors. Spatial relationships, such as the scale of the staircase in relation to walls and windows, are consistent across images, maintaining a cohesive representation of the tower’s interior.\n\nThere are no visible signs of digital manipulation in the news image; it appears to be a straightforward photograph without artifacts or modifications. Overall, both the visual elements and broader context align well with the news caption, confirming that the image accurately represents the recently restored Hadlow Tower.",
      "key_observations": "- The news image and reference images depict the same architectural interior of Hadlow Tower.\n- Similar architectural features such as the spiral staircase, windows, and brick walls appear in both.\n- Lighting conditions in the news image are bright and consistent with the references.\n- The viewpoint of the staircase is unique but maintains consistency in showing the tower's interior design.\n- No signs of digital manipulation detected in the news image."
    }
  },
  "final_result": {
    "OOC": false,
    "confidence_score": 9,
    "explanation": "Both internal and external checks indicate that the news caption accurately represents the image. The internal check has a confidence score of 9 and confirms that the visual entities detected align with the caption's reference to Hadlow Tower. The external check, also with a confidence score of 9 and an alignment score of 95, further supports the accuracy by verifying that the image aligns with reference images of the tower's interior. Since both checks agree and the confidence scores are high, the caption is deemed not out of context. There are no conflicting elements or missing information to suggest otherwise. No speculation is made beyond the provided data.",
    "validation_summary": "Both internal and external checks confirm the caption accurately represents the image of Hadlow Tower; high confidence and alignment scores support this conclusion."
  },
  "inference_time": 10.510719776153564
}