{
  "caption": "Ngee Ann City a major mall on Singapore s main shopping belt sits on what was formerly the largest Teochew cemetery on the island",
  "ground_truth": false,
  "internal_check": {
    "visual_entities": [
      "Ngee Ann City",
      "Ngee Ann Polytechnic",
      "Shopping center",
      "Man On Commercial Building",
      "Cemetery",
      "Shopping",
      "Takashimaya",
      "Street",
      "Tourist attraction",
      "Mixed-use",
      "Road",
      "Singapore",
      "ngee ann city"
    ],
    "image_evidences": [],
    "result": {
      "confidence_score": 9,
      "explanation": "The news caption refers to Ngee Ann City, a major mall on Singapore's main shopping belt, situated on what was formerly the largest Teochew cemetery on the island. The detected visual entities include 'Ngee Ann City,' 'Shopping center,' 'Shopping,' 'Tourist attraction,' 'Mixed-use,' and 'Singapore'. These detected entities strongly support the claim that the image contains Ngee Ann City, which is a shopping center and a tourist attraction in Singapore. The information aligns well and provides a strong basis for verification. The other detected entities such as 'Man On Commercial Building', 'Ngee Ann Polytechnic', 'Takashimaya', 'Street', 'Road' and 'ngee ann city' further corroborates the location and its function, although these are secondary to the main subject, Ngee Ann City itself. While the caption mentions the historical aspect of it being a former cemetery, this is not visually detectable in the image, but the existence of Ngee Ann City is well supported by the visual entities.",
      "verdict": true
    }
  },
  "external_check": {
    "text_evidences": [
      {
        "title": "Land-starved Singapore exhumes its cemeteries to build roads and malls | Cities | The Guardian",
        "content": "Land-starved Singapore exhumes its cemeteries to build roads and ...",
        "caption": "Ngee Ann City, a major mall on Singapores main shopping belt, sits on what was formerly the largest Teochew cemetery on the island.",
        "domain": "www.theguardian.com"
      },
      {
        "title": "Land-starved Singapore exhumes its cemeteries to build roads and malls | Cities | The Guardian",
        "content": "Land-starved Singapore exhumes its cemeteries to build roads and ...",
        "caption": "A grave digger hands over coffin nails while exhuming a grave at Bukit Brown cemetery, Singapore.",
        "domain": "www.theguardian.com"
      },
      {
        "title": "Land-starved Singapore exhumes its cemeteries to build roads and malls | Cities | The Guardian",
        "content": "Land-starved Singapore exhumes its cemeteries to build roads and ...",
        "caption": "A man walks through the Choa Chu Kang cemetery. As more graves are exhumed, the Chinese custom of ancestor worship at grave sites is fading in Singapore.",
        "domain": "www.theguardian.com"
      },
      {
        "title": "Land-starved Singapore exhumes its cemeteries to build roads and malls | Cities | The Guardian",
        "content": "Land-starved Singapore exhumes its cemeteries to build roads and ...",
        "caption": "If you dig up all the memories, [your new development] will become a hotel room ... Darren Koh, one of the tour guides of historic Bukit Brown.",
        "domain": "www.theguardian.com"
      },
      {
        "title": "Land-starved Singapore exhumes its cemeteries to build roads and malls | Cities | The Guardian",
        "content": "Land-starved Singapore exhumes its cemeteries to build roads and ...",
        "caption": "Private homes encroaching on grave sites at Bukit Brown cemetery.",
        "domain": "www.theguardian.com"
      }
    ],
    "result": {
      "verdict": true,
      "alignment_score": 85,
      "confidence_score": 8,
      "explanation": "The news image of Ngee Ann City aligns well with the expected elements from the caption. The photo shows the prominent mall situated on Singapore's main shopping belt, and the architectural features and urban setting are consistent with a major city environment. The reference images primarily show graves and cemeteries, which are historically linked to the area where Ngee Ann City was built. Although the news image does not depict the graves directly, it is representative of the broader context mentioned in the caption. The temporal aspects, including the day lighting, match across the images as well, indicating no discrepancies in the time of day when the photos were taken. There are no evident signs of manipulative edits in the news image, maintaining a consistent and natural appearance. Overall, while the specific elements of a cemetery are not present in the news image, it remains contextually relevant to the historical narrative of the location, validating its use alongside the caption. Thus, the assessment concludes that the news image effectively represents the captioned context despite visual differences.",
      "key_observations": [
        "The news image features Ngee Ann City, an urban major mall, which corresponds to the caption's reference to Singapore's main shopping belt.",
        "The reference images depict cemeteries or grave sites that historically relate to the area, demonstrating the transition from a cemetery to a bustling commercial center.",
        "Temporal consistency in lighting suggests all images were likely captured during daylight, enhancing the contextual link between the news image and historical images of cemeteries.",
        "No signs of digital manipulation were detected in the news image, supporting its authenticity."
      ]
    }
  },
  "final_result": {
    "OOC": false,
    "confidence_score": 9,
    "explanation": "The internal and external checks both indicate that the news caption accurately represents the image. The internal check has a confidence score of 9, noting that the visual entities detected in the image (Ngee Ann City, shopping center, etc.) support the caption's claim. The external check, with a confidence score of 8 and an alignment score of 85, confirms that the image of Ngee Ann City aligns with the caption's description of it being on Singapore's main shopping belt and historically being a Teochew cemetery. While the historical aspect is not directly visible in the image, the presence of Ngee Ann City itself validates the caption. Both checks agree, so the caption is deemed not out of context.",
    "validation_summary": "Both internal and external checks confirm that the news caption accurately represents the image of Ngee Ann City. The historical context, while not visually evident, is supported by the location of Ngee Ann City."
  },
  "inference_time": 12.50016474723816
}