{
  "caption": "South of the border Kathryn Bigelow at the Latin American film festival",
  "ground_truth": false,
  "internal_check": {
    "visual_entities": [
      "Kathryn Bigelow",
      "Zero Dark Thirty",
      "Image",
      "Photograph",
      "Wallpaper",
      "Academy Award for Best Picture",
      "Film director",
      "2011",
      "Mark Boal",
      "Greg Shapiro",
      "Triple Frontier",
      "Barrie Rice",
      "Angelina Jolie",
      "human"
    ],
    "image_evidences": [],
    "result": {
      "confidence_score": 7,
      "explanation": "The news caption mentions \"Kathryn Bigelow at the Latin American film festival\". The detected visual entities include 'Kathryn Bigelow'. The news content discusses Kathryn Bigelow's projects. The presence of 'Kathryn Bigelow' in both the caption and the detected entities supports the accuracy of the caption to some extent. However, the other components of the caption, such as 'Latin American film festival', are not directly verifiable from the provided entities. Without further visual information confirming the film festival setting, the assessment is partially supported but not fully conclusive. Thus the verdict is set to True with a confidence score of 7.",
      "verdict": true
    }
  },
  "external_check": {
    "text_evidences": [
      {
        "title": "Kathryn Bigelow plans black ops tale before braving Triple Frontier | Kathryn Bigelow | The Guardian",
        "content": "Kathryn Bigelow plans black ops tale before braving Triple ...",
        "caption": "South of the border ... Kathryn Bigelow at the Latin American film festival. Photograph: EPA",
        "domain": "www.theguardian.com"
      },
      {
        "title": "Jessica Chastain redeems a televangelist in 'Tammy Faye' | AP News",
        "content": "Jessica Chastain redeems a televangelist in 'Tammy Faye' | AP News",
        "caption": "Jessica Chastain, left, the star of \"The Eyes of Tammy Faye,\" poses for a portrait with director Michael Showalter during the 2021 Toronto International Film Festival, Sunday, Sept. 12, 2012, at the Royal Fairmont York in Toronto. (AP Photo/Chris Pizzello)",
        "domain": "apnews.com"
      },
      {
        "title": "Kathryn Bigelow plans black ops tale before braving Triple Frontier | Kathryn Bigelow | The Guardian",
        "content": "Kathryn Bigelow plans black ops tale before braving Triple ...",
        "caption": "South of the border ... Kathryn Bigelow at the Latin American film festival. Photograph: EPA",
        "domain": "www.theguardian.com"
      }
    ],
    "result": {
      "verdict": true,
      "alignment_score": 75,
      "confidence_score": 7,
      "explanation": "The news image features Kathryn Bigelow, a well-known film director, which aligns with the search caption about her attending the Latin American film festival. The news image captures a close-up of her, emphasizing her facial expression during a moment, possibly during a discussion or Q&A. The reference images include other similar close-ups of her that maintain the same context, confirming that this sighting is indeed closely related to her public appearances. The overall presentation in terms of lighting and framing is consistent between the images. However, the presence of other reference images displaying different attendees and settings at what could be similar film events introduces variety that might not be visually distinct but retains the event's essence. There are no apparent signs of digital manipulation in any of the images reviewed. Thus, while the news image is a bit different in composition and purpose (a close-up versus possibly more event-oriented wide shots), it still accurately represents the context of the Latin American film festival as described in the caption.",
      "key_observations": [
        "The primary subject in the news image is Kathryn Bigelow, aligning with the news caption about her attending a film festival.",
        "Visual consistency is present in terms of expression and lighting in relation to reference images, highlighting her thoughtful demeanor during an event.",
        "Temporal aspects are confirmed with reference images, indicating a timely representation of her appearance at the festival, as it could correspond to a major film event.",
        "No signs of digital manipulation or alterations were detected in the news image or the reference images, ensuring valid authenticity."
      ]
    }
  },
  "final_result": {
    "OOC": false,
    "confidence_score": 7,
    "explanation": "The internal check suggests the caption is partially accurate, noting the presence of Kathryn Bigelow but lacking confirmation of the 'Latin American film festival' aspect. The external check corroborates the presence of Kathryn Bigelow and supports the 'Latin American film festival' context. Both checks have a confidence score of 7. Given the agreement between the internal and external checks, with the external check providing additional support for the film festival context, the caption is deemed not out of context. The alignment score of 75 from the external check further supports this conclusion.",
    "validation_summary": "Both internal and external checks confirm Kathryn Bigelow's presence. The external check supports the 'Latin American film festival' context, resolving the uncertainty from the internal check. Thus, the caption is not out of context."
  },
  "inference_time": 10.169397115707397
}