{
  "caption": "In this image by Mert Alas and Marcus Piggott singer Adele is shown on the cover of the March issue of Vogue",
  "ground_truth": true,
  "internal_check": {
    "visual_entities": [
      "Musical Instrument Accessory",
      "Theatre",
      "Les Cordes en Nylon D'ukulele de Rechange 8pcs Hawaiian 4 Cordes de Guitare Partie 68cm",
      "Wallpaper",
      "Computer",
      "Theater",
      "stage"
    ],
    "image_evidences": [],
    "result": {
      "confidence_score": 2,
      "explanation": "The news caption mentions singer Adele on the cover of Vogue. However, the detected visual entities are generic and do not include any specific elements related to a person or magazine cover, such as 'person', 'magazine', or 'cover'. The detected entities are more related to objects or structures like 'Musical Instrument Accessory', 'Theatre', 'stage', which are completely unrelated to the news caption and content. Due to the lack of alignment between the detected visual entities and the caption's content, I cannot verify the caption's accuracy based on the provided information.",
      "verdict": false
    }
  },
  "external_check": {
    "text_evidences": [
      {
        "title": "Adele tells Vogue shes done with break-up music  San Diego Union-Tribune",
        "content": "Adele tells Vogue she's done with break-up music  San Diego Union ...",
        "caption": "In this magazine cover image photographed by Mert Alas and Marcus Piggott and released by Vogue, singer Adele is shown on the cover of the March issue of \"Vogue.\"  The singer vows to \"never\" write a breakup record again and adds she's \"done being a bitter witch.\" (AP Photo/Vogue)",
        "domain": "www.sandiegouniontribune.com"
      },
      {
        "title": "Adele Graces Vogue's March Cover - ABC News",
        "content": "Adele Graces Vogue's March Cover - ABC News",
        "caption": "",
        "domain": "abcnews.go.com"
      },
      {
        "title": "Adele Graces Vogue's March Cover - ABC News",
        "content": "Adele Graces Vogue's March Cover - ABC News",
        "caption": "",
        "domain": "abcnews.go.com"
      }
    ],
    "result": {
      "verdict": false,
      "alignment_score": 30,
      "confidence_score": 6,
      "explanation": "The news image depicted is not aligned with the expectations set by the caption regarding singer Adele on the cover of Vogue's March issue. The news image shows Adele performing on a stage, likely at an event, which does not correspond to a magazine cover context. Meanwhile, the reference images retrieved from web searches for the caption clearly illustrate Adele posed in stylized settings typical of magazine covers, with specific emphasis on her face and attire, colorful and polished backgrounds, and composition focused on her as a style icon. These images show her in different poses but all maintain a clear connection to a fashion editorial context, contrasting markedly with the news image's performance setting. Moreover, differences in lighting, background, and elements present further indicate the images represent fundamentally divergent contexts—a magazine cover versus a live performance. Therefore, despite sharing the central figure of Adele, the disparity in situational context undermines the claim that the news image accurately reflects what is suggested by the caption, making the visual representation misleading.",
      "key_observations": "- News image features Adele in a performance context, while reference images show her on a magazine cover.\n- Reference images use a clean, studio-like background that supports editorial styling, contrasting with the dynamic background in the news image.\n- None of the reference images depict a live event setting or performance, highlighting a clear content inconsistency.\n- The lighting in the news image is dramatically different—a stage performance scenario versus the softer, controlled lighting typical of magazine photoshoots.\n- The poses in the reference images are static and focused on Adele's facial expressions and attire, differing significantly from the action-oriented pose in the news image."
    }
  },
  "final_result": {
    "OOC": true,
    "confidence_score": 8,
    "explanation": "The internal check reports a low confidence score (2) and a negative verdict, stating that the detected visual entities do not align with the caption's description of Adele on the cover of Vogue. The external check, with a higher confidence score (6) and an alignment score of 30, also returns a negative verdict, confirming the image does not depict Adele on a magazine cover. Instead, it shows her performing on a stage, contrasting with reference images of Vogue covers. Both checks independently conclude that the image is not a magazine cover featuring Adele, leading to the determination that the caption is out of context. The external check provides more concrete evidence with key observations that are consistent with the internal check's conclusion. Given the agreement and the relatively higher confidence of the external check, the final verdict is that the caption is out of context.",
    "validation_summary": "Both internal and external checks indicate the image does not match the caption's claim of Adele on the cover of Vogue. The image shows Adele on stage, not in a magazine cover context. The external check provides higher confidence, and both results align."
  },
  "inference_time": 9.586945533752441
}