{
  "caption": "Miss Oklahoma Sarah Klein waves as she is selected to move on in the competition during the Miss America 2017 pageant",
  "ground_truth": false,
  "internal_check": {
    "visual_entities": [
      "Miss America 2017",
      "Miss Arkansas",
      "Beauty Pageant",
      "Miss California",
      "Miss New York",
      "Miss Oklahoma",
      "Miss Missouri",
      "Miss Turkey 2017",
      "Swimsuit competition",
      "Model",
      "Savvy Shields",
      "Erin O'Flaherty",
      "Miss America",
      "performance"
    ],
    "image_evidences": [],
    "result": {
      "confidence_score": 9,
      "explanation": "The news caption mentions 'Miss Oklahoma Sarah Klein' and the 'Miss America 2017 pageant'. Both of these entities are detected in the visual entities list. The caption accurately represents the visual content by referring to a specific contestant (Miss Oklahoma) and the pageant itself. The news content also corroborates the presence of Miss Oklahoma as a top 15 finalist.",
      "verdict": true
    }
  },
  "external_check": {
    "text_evidences": [],
    "result": null
  },
  "final_result": {
    "OOC": false,
    "confidence_score": 9,
    "explanation": "The internal check result has a high confidence score (9) and indicates that the caption accurately represents the image. The caption mentions Miss Oklahoma Sarah Klein and the Miss America 2017 pageant, both of which are confirmed to be present. The news content further supports the presence of Miss Oklahoma as a top 15 finalist. Since the external check result is 'None', we rely on the internal check. Therefore, the caption is not out of context.",
    "validation_summary": "The internal check confirms that the caption accurately represents the image content. The external check provides no additional information. Therefore, the caption is not out of context."
  },
  "inference_time": 3.806358814239502
}