{
  "caption": "President Obama makes a statement from the Rose Garden on Nov 6 2009 after ordering flags to fly at halfstaff following the attack at a Texas army base",
  "ground_truth": false,
  "internal_check": {
    "visual_entities": [
      "United States",
      "Speech",
      "Unemployment",
      "Unemployment rate",
      "Plant",
      "Public speaking",
      "El Nuevo Diario",
      "October",
      "Record",
      "Symbol",
      "Science",
      "Biology",
      "public speaking"
    ],
    "image_evidences": [],
    "result": {
      "confidence_score": 7,
      "explanation": "The caption mentions \"President Obama makes a statement from the Rose Garden on Nov 6 2009\". The detected entities include \"Speech\", \"Public speaking\", \"Plant\", and \"Symbol\", which are consistent with a possible scene of President Obama delivering a statement. Without an actual image, it is difficult to verify the date, location (Rose Garden), or specific individuals present (President Obama). The presence of \"Plant\" is generally consistent with a garden setting. The presence of \"Symbol\" could be related to the US flag. Overall, based solely on the detected entities, there is no direct contradiction, and the entities support the caption to some degree, although a definitive confirmation is not possible.",
      "verdict": true
    }
  },
  "external_check": {
    "text_evidences": [
      {
        "title": "Donald Trump sworn in as president on Inauguration Day 2025 | NPR",
        "content": "Donald Trump sworn in as president on Inauguration Day 2025 | NPR",
        "caption": "President Trump signs an executive order regarding Department of Government Efficiency (DOGE), in the Oval Office of the White House in Washington, D.C., on Monday.",
        "domain": "www.npr.org"
      }
    ],
    "result": {
      "verdict": false,
      "alignment_score": 35,
      "confidence_score": 8,
      "explanation": "The news image purportedly depicts President Obama making a statement from the Rose Garden on Nov 6, 2009, following a tragic event at a Texas army base. In the news image, President Obama is clearly visible in the Rose Garden setting, characterized by the outdoor environment, standing at the microphone. Key visual elements such as columns, foliage, and seasonal autumn colors are present. The lighting suggests a bright day, consistent with outdoor settings but does not indicate a specific date.\n\nComparing this with the reference images retrieved, the second image features a different context entirely—it shows a different president, Donald Trump, sitting in the Oval Office and focused on signing documents. Given that a significant portion of the news caption relates to context about President Obama’s actions and setting, the juxtaposition with an image of President Trump in an indoor office lacks temporal and contextual alignment.\n\nThe absence of any conflicting elements in the news image such as signs of digital manipulation indicates that it may accurately represent the event described, but the significant difference in subject matter detracts from its validity as a corresponding image for the captioned event. While the colors and lighting in the news image might align with a season typical for November (fall), the additional context required for verification—namely the identification of the president in action—does not align with any visuals from the second image, indicating a mismatched visual narrative.",
      "key_observations": [
        "News image shows President Obama in the Rose Garden, consistent environment with the caption.",
        "Reference image shows a different president (Donald Trump) in the Oval Office, which is contextually unrelated to the news caption.",
        "Light and colors in the news image suggest a fall setting but do not provide direct temporal verification for Nov 6.",
        "No discernible signs of digital manipulation in the news image."
      ]
    }
  },
  "final_result": {
    "OOC": true,
    "confidence_score": 8,
    "explanation": "The internal check suggests the caption is somewhat aligned with the image content based on detected entities. However, the external check reveals a significant mismatch. The news image shows President Obama in the Rose Garden, which aligns with the caption's description of the setting and subject. However, the reference image shows a different president (Donald Trump) in the Oval Office, which is contextually unrelated and contradicts the caption's information about President Obama. The external check has a higher confidence score (8) compared to the internal check (7) and a low alignment score (35), leading to the conclusion that the caption is out of context. The key issue is the presence of President Trump in the reference image, which contradicts the caption's claim about President Obama.",
    "validation_summary": "The internal check found some alignment, but the external check identified a mismatch between the reference image (President Trump in the Oval Office) and the caption (President Obama in the Rose Garden). The external check's higher confidence and low alignment score indicate the caption is out of context."
  },
  "inference_time": 16.515365839004517
}