{
  "caption": "Jonathan Blundell 3D data wrangler scans a fossilized metatarsal bone of the Wankel T rex at the Smithsonian s National Museum of Natural History",
  "ground_truth": true,
  "internal_check": {
    "visual_entities": [
      "Dinosaur",
      "Tree",
      "horn"
    ],
    "image_evidences": [],
    "result": {
      "confidence_score": 7,
      "explanation": "The caption mentions 'fossilized metatarsal bone of the Wankel T rex' and 'Smithsonian s National Museum of Natural History.' The detected entities include 'Dinosaur,' which aligns with the presence of a T-rex fossil. However, the specific bone (metatarsal) is not explicitly identifiable from the detected entities alone, nor is the activity of 'scanning'. The presence of 'Tree' and 'horn' in the detected entities is irrelevant to the caption. Given the partial match and the relevance of 'Dinosaur' to a T-rex fossil, the caption has some validity, but the lack of specific bone identification reduces confidence.",
      "verdict": true
    }
  },
  "external_check": {
    "text_evidences": [],
    "result": null
  },
  "final_result": {
    "OOC": false,
    "confidence_score": 7,
    "explanation": "The internal check result suggests the caption is likely accurate, although not with complete confidence. The caption describes the scanning of a 'fossilized metatarsal bone of the Wankel T rex' at the Smithsonian, and the internal check confirms the presence of 'Dinosaur,' which aligns with a T-rex fossil. The check expresses uncertainty regarding the bone and scanning activity, decreasing confidence. As no external check was provided, I rely solely on the internal check, which indicates some validity. Therefore, based on the available data, the caption does not seem to be out of context.",
    "validation_summary": "The internal check indicates that the caption is likely not out of context, although it lacks complete confidence due to the lack of specific bone identification."
  },
  "inference_time": 3.9527275562286377
}