{
  "caption": "Pope Francis at the Roman Curia at the Clementina Hall HIs speech listed the ills of Vatican bureaucracy and powermongering",
  "ground_truth": false,
  "internal_check": {
    "visual_entities": [
      "Holy See",
      "Pope",
      "Bishops in the Catholic Church",
      "Swiss Guard",
      "Ordination of women",
      "Pontiff",
      "Papal infallibility",
      "person"
    ],
    "image_evidences": [],
    "result": {
      "confidence_score": 7,
      "explanation": "The news caption mentions Pope Francis, Vatican bureaucracy and powermongering. The detected visual entities include 'Pope' which aligns with the caption. Additionally, terms like 'Holy See', 'Bishops in the Catholic Church', and 'Pontiff' suggest elements related to the Vatican, although not directly 'bureaucracy and powermongering'. The caption describes Pope Francis delivering a speech addressing ills within the Vatican. Since the visual entities primarily focus on religious figures and institutions, and lack specific details about bureaucracy or power struggles, the match is partial. Therefore, the alignment is reasonable but not complete, hence the confidence score of 7.",
      "verdict": true
    }
  },
  "external_check": {
    "text_evidences": [
      {
        "title": "Pope Francis makes scathing critique of Vatican officials in Curia speech | Vatican | The Guardian",
        "content": "Pope Francis makes scathing critique of Vatican officials in Curia ...",
        "caption": "Pope Francis at the Roman Curia at the Clementina Hall. HIs speech listed the ills of Vatican bureaucracy and power-mongering. Photograph: Franco Origlia/Getty",
        "domain": "www.theguardian.com"
      },
      {
        "title": "Pope Francis makes scathing critique of Vatican officials in Curia speech | Vatican | The Guardian",
        "content": "Pope Francis makes scathing critique of Vatican officials in Curia ...",
        "caption": "Pope Francis at the Roman Curia at the Clementina Hall. HIs speech listed the ills of Vatican bureaucracy and power-mongering. Photograph: Franco Origlia/Getty",
        "domain": "www.theguardian.com"
      },
      {
        "title": "Pope Francis makes scathing critique of Vatican officials in Curia speech | Vatican | The Guardian",
        "content": "Pope-Francis-Curia-012.jpg? ...",
        "caption": "Pope Francis at the Roman Curia at the Clementina Hall. HIs speech listed the ills of Vatican bureaucracy and power-mongering. Photograph: Franco Origlia/Getty",
        "domain": "www.theguardian.com"
      },
      {
        "title": "Pope Francis makes scathing critique of Vatican officials in Curia speech | Vatican | The Guardian",
        "content": "Pope-Francis-Curia-011.jpg? ...",
        "caption": "Pope Francis at the Roman Curia at the Clementina Hall. HIs speech listed the ills of Vatican bureaucracy and power-mongering. Photograph: Franco Origlia/Getty",
        "domain": "www.theguardian.com"
      },
      {
        "title": "Pope Francis makes scathing critique of Vatican officials in Curia speech | Vatican | The Guardian",
        "content": "Pope Francis makes scathing critique of Vatican officials in Curia ...",
        "caption": "",
        "domain": "www.theguardian.com"
      }
    ],
    "result": {
      "verdict": true,
      "alignment_score": 90,
      "confidence_score": 8,
      "explanation": "The news image of Pope Francis captures him at a formal event, likely during a speech or address, in the Clementina Hall, which is consistent with the context provided by the news caption. The predominant visual elements include the Pope dressed in white, seated in a grand chair against a richly decorated backdrop. Comparison with reference images confirms the same setting and attire, reinforcing the scene's authenticity. The lighting and color saturation appear uniform, suggesting that the image aligns temporally with other images of Pope Francis taken in similar hall settings. Despite some variations in angles and minor details, such as frame cropping or image quality, the core elements remain intact: Pope Francis in a ceremonial setting, emphasizing themes of authority and gravity in the context of addressing issues within Vatican bureaucracy. No significant signs of digital manipulation or alteration were observed that could suggest misleading representation.",
      "key_observations": "- Similar backdrop with ornate decorations typical of Vatican settings.\n- Consistent representation of Pope Francis in formal attire.\n- Lighting conditions appear comparably consistent across images.\n- No identifiable digital alterations or anomalies detected.\n- Variations in framing but does not detract from event context."
    }
  },
  "final_result": {
    "OOC": false,
    "confidence_score": 8,
    "explanation": "Both internal and external checks indicate that the news caption is not out of context. The internal check has a confidence score of 7, and the external check has a confidence score of 8. The external check's higher alignment score (90) further supports the match. Both checks confirm the presence of Pope Francis and elements related to the Vatican, aligning with the caption's description of Pope Francis delivering a speech addressing issues within the Vatican bureaucracy.",
    "validation_summary": "Both internal and external checks confirm the caption accurately represents the image, showing Pope Francis at the Vatican. The caption is not out of context."
  },
  "inference_time": 8.969702243804932
}