{
  "caption": "A party of Vatican priests deacons and seminarians will leave Rome for one of the papacy s most daring incursions on English soil",
  "ground_truth": false,
  "internal_check": {
    "visual_entities": [
      "Cricket Bat",
      "Cricket",
      "Baseball",
      "cricket bat"
    ],
    "image_evidences": [],
    "result": {
      "confidence_score": 2,
      "explanation": "The news caption mentions a party of Vatican priests, deacons, and seminarians traveling to England. However, the detected visual entities are 'Cricket Bat', 'Cricket', and 'Baseball'. These entities are related to sports, not religious figures or travel. Therefore, the caption does not align with the visual entities detected in the image. Low confidence due to relying only on a list of detected objects.",
      "verdict": false
    }
  },
  "external_check": {
    "text_evidences": [
      {
        "title": "Vatican cricket team to go head-to-head with Anglican rivals on UK tour | Vatican | The Guardian",
        "content": "Vatican cricket team to go head-to-head with Anglican rivals on UK ...",
        "caption": "A party of Vatican priests, deacons and seminarians will leave Rome for one of the papacys most daring incursions on English soil. Photograph: Peter Huggins/Alamy",
        "domain": "www.theguardian.com"
      },
      {
        "title": "Vatican cricket team to go head-to-head with Anglican rivals on UK tour | Vatican | The Guardian",
        "content": "Vatican cricket team to go head-to-head with Anglican rivals on UK ...",
        "caption": "A party of Vatican priests, deacons and seminarians will leave Rome for one of the papacys most daring incursions on English soil. Photograph: Peter Huggins/Alamy",
        "domain": "www.theguardian.com"
      },
      {
        "title": "Vatican cricket team to go head-to-head with Anglican rivals on UK tour | Vatican | The Guardian",
        "content": "Vatican cricket team to go head-to-head with Anglican rivals on UK ...",
        "caption": "A party of Vatican priests, deacons and seminarians will leave Rome for one of the papacys most daring incursions on English soil. Photograph: Peter Huggins/Alamy",
        "domain": "www.theguardian.com"
      }
    ],
    "result": {
      "verdict": true,
      "alignment_score": 90,
      "confidence_score": 8,
      "explanation": "The news image and reference images all depict the same type of cricket bat, specifically the 'V12' model. This commonality in subject matter establishes a strong correlation between the news image and reference images. Additionally, all images share a similar design and orientation of the bat, focusing on the same branding and visual style, which is significant for clarity. The consistency in colors and model across all images adds to this coherence. Furthermore, since references show various angles, they contribute to a broader view of the same object, reinforcing the time period and the brand identity relevant to cricket equipment. There are only minor variations among the images, such as the angle of the shot and some slight differences in cropping, which do not impact the overall recognition of the subject. Based on the type, design, and similarities of the images, a reasonable person would ascertain that the news image accurately represents the same subject as that depicted across the reference images.",
      "key_observations": [
        "All images depict the same model of cricket bat (V12).",
        "Visual consistency in branding and colors across images.",
        "Minor differences in angles and cropping, but all capture the same object.",
        "Temporal consistency as the model and style of the bat are recognized and have similarities.",
        "No signs of manipulation or misleading alterations present."
      ]
    }
  },
  "final_result": {
    "OOC": true,
    "confidence_score": 8,
    "explanation": "The internal check indicates that the news caption, which describes a group of Vatican priests, deacons, and seminarians traveling to England, does not align with the visual entities detected in the image ('Cricket Bat', 'Cricket', and 'Baseball'). This check has a low confidence score of 2. However, the external check, which has a higher confidence score of 8 and an alignment score of 90, confirms that the image depicts a cricket bat. Based on the higher confidence and alignment scores of the external check, the image appears to be related to cricket, while the caption describes a religious delegation. Therefore, the caption is considered out of context with the image. The discrepancy between the caption and the image content leads to the conclusion that the caption is out of context.",
    "validation_summary": "Internal check suggests caption mismatch with detected image entities. External check confirms the image's relation to cricket. The higher confidence and alignment scores of the external check indicate that the caption about a religious delegation is out of context."
  },
  "inference_time": 8.82828426361084
}