{
  "caption": "The recentlyrestored Hadlow Tower in Kent now a holiday let rented out by the Vivat Trust",
  "ground_truth": true,
  "internal_check": {
    "visual_entities": [
      "Credit Suisse",
      "Archegos Capital Management",
      "Stock",
      "Hedge fund",
      "Bank",
      "Nomura Holdings",
      "Investment banking",
      "Stock market",
      "Finance",
      "Financial Times",
      "Credit",
      "Investment fund",
      "furniture"
    ],
    "image_evidences": [],
    "result": {
      "confidence_score": 2,
      "explanation": "The news caption describes Hadlow Tower in Kent, which is now a holiday let. The detected visual entities include financial terms like 'Credit Suisse', 'Archegos Capital Management', 'Stock', 'Hedge fund', 'Bank', 'Nomura Holdings', 'Investment banking', 'Stock market', 'Finance', 'Financial Times', 'Credit', 'Investment fund'. These entities are related to finance and investment, and do not directly relate to buildings or architecture like a tower or holiday let. Therefore, there is no visual evidence in the detected entities to support the caption.",
      "verdict": false
    }
  },
  "external_check": {
    "text_evidences": [
      {
        "title": "Heritage Open Days puts on record number of events around England | United Kingdom holidays | The Guardian",
        "content": "Heritage Open Days puts on record number of events around England ...",
        "caption": "The recently-restored Hadlow Tower in Kent, now a holiday let, rented out by the Vivat Trust",
        "domain": "www.theguardian.com"
      },
      {
        "title": "Heritage Open Days puts on record number of events around England | United Kingdom holidays | The Guardian",
        "content": "e44223b3-5227-4679-9b3c- ...",
        "caption": "The Old Hall Hotel in Buxton, possibly the oldest hotel in England, will be opening up the room where Mary Queen of Scots was kept prisoner",
        "domain": "www.theguardian.com"
      }
    ],
    "result": {
      "verdict": false,
      "alignment_score": 25,
      "confidence_score": 5,
      "explanation": "The primary news image is not consistent with the referenced images based on several key visual elements related to Hadlow Tower. First, the news image does not depict the tower itself or its architectural features, which are critical to represent the context of it being a restored holiday let by the Vivat Trust. Instead, it appears to showcase a financial institution’s signage, which is wholly unrelated to Hadlow Tower and its surroundings. In terms of spatial relationships, the news image features a flat perspective, alluding to a business facility, whereas reference images display the intricate designs and unique structure associated with the Hadlow Tower. There are significant discrepancies in lighting and camera angles as well, as the lighting in the news image suggests an urban setting during daylight, while reference images depict natural lighting and architectural details aligned with the tower’s restoration. Additionally, there are no visible signs of digital manipulation in the news image; however, its complete thematic divergence from the Hadlow Tower context raises concerns regarding its authenticity in relation to the news caption. Therefore, despite its clarity, the news image represents a misleading location that does not align with the caption’s intended meaning.",
      "key_observations": "- News image displays a bank or business signage, unrelated to Hadlow Tower.\n- Reference images present architectural details of Hadlow Tower, visually distinct from the news image.\n- News image lacks seasonal and environmental elements associated with a historical site.\n- Inconsistencies in lighting and perspective between the news image and reference images.\n- Overall context misalignment suggests the news image fails to accurately represent the event described."
    }
  },
  "final_result": {
    "OOC": true,
    "confidence_score": 8,
    "explanation": "Both internal and external checks indicate that the news caption is out of context with respect to the image. The internal check, with a confidence score of 2, identifies that the visual entities detected in the image are related to finance, while the caption describes a building (Hadlow Tower). The external check, with a higher confidence score of 5 and an alignment score of 25, confirms this discrepancy by comparing the news image to reference images of Hadlow Tower. The news image appears to show a bank or business signage, which is unrelated to the tower. The external check's detailed observations further reinforce this conclusion, noting inconsistencies in visual elements like architectural details, spatial relationships, lighting, and perspective. Therefore, despite the low internal confidence, the convergence of both checks, especially considering the external check's more detailed analysis and higher confidence, leads to the determination that the caption does not accurately represent the image.",
    "validation_summary": "Both internal and external checks indicate the caption is out of context. The internal check reveals financial entities, while the external check confirms the image displays a bank or business signage, not Hadlow Tower."
  },
  "inference_time": 10.79732060432434
}