{
  "caption": "Ebola testing at the African Cup of Nations football tournament in Bata Equatorial Guinea",
  "ground_truth": false,
  "internal_check": {
    "visual_entities": [
      "West African Ebola virus epidemic",
      "Liberia",
      "Sierra Leone",
      "Ebola virus epidemic in Sierra Leone",
      "Guinea",
      "World Health Organization",
      "Epidemic",
      "Viral hemorrhagic fever",
      "Virus",
      "Margaret Chan",
      "child"
    ],
    "image_evidences": [
      {
        "title": "Ebola crisis: 'Too slow' WHO promises reforms - BBC News",
        "content": "",
        "caption": "Ebola testing at the African Cup of Nations football tournament in Bata, Equatorial Guinea",
        "domain": "www.bbc.com"
      }
    ],
    "result": {
      "confidence_score": 10,
      "explanation": "The news caption mentions Ebola testing at the African Cup of Nations in Bata, Equatorial Guinea. The image evidence from BBC News has the title 'Ebola crisis: 'Too slow' WHO promises reforms' and the caption 'Ebola testing at the African Cup of Nations football tournament in Bata, Equatorial Guinea'. This indicates that the image is directly related to the news caption and supports it visually. The domain (bbc.com) is credible. The detected entities, such as 'World Health Organization' and 'Ebola virus epidemic', are relevant to the content of the news article. The image provides visual confirmation of the events described in the caption.",
      "verdict": true
    }
  },
  "external_check": {
    "text_evidences": [
      {
        "title": "AFCON  Equatorial Guinea's biggest test | Football | Al Jazeera",
        "content": "AFCON  Equatorial Guinea's biggest test | Football | Al Jazeera",
        "caption": "The tournament will take place across four venues [Al Jazeera]",
        "domain": "www.aljazeera.com"
      }
    ],
    "result": {
      "verdict": true,
      "alignment_score": 85,
      "confidence_score": 8,
      "explanation": "The news image depicts a healthcare worker measuring the temperature of a child, which aligns contextually with the Ebola testing referenced in the news caption about the African Cup of Nations in Bata, Equatorial Guinea. Both images correlate with the theme of health precautions during the tournament. Visual elements such as the protective gear, use of a thermometer, and the presence of signage relevant to Ebola control support this context. \n\nWhile the second reference image shows the exterior of the stadium, it doesn't directly reflect the health measures being implemented. The atmosphere of preparation for a major public event related to football remains consistent between both images. \n\nTemporal elements such as warm lighting and a vibrant environment are consistent with the sunny conditions expected at such an event. There were no signs of digital manipulation in either image, ensuring authenticity in representation. Hence, despite the different focuses (medical testing vs. stadium exterior), the essential context regarding the event is preserved.",
      "key_observations": "- Both images captivate the overarching theme of health awareness during the African Cup of Nations.\n- The news image emphasizes health checks related to Ebola, while the reference image showcases the venue.\n- Signage in the foreground of the news image directly references Ebola care.\n- No visual indicators of digital manipulation noted in either image."
    }
  },
  "final_result": {
    "OOC": false,
    "confidence_score": 9,
    "explanation": "The internal check, with a confidence score of 10, confirms the caption accurately represents the image content, stating that the image shows 'Ebola testing at the African Cup of Nations football tournament in Bata, Equatorial Guinea'. The external check, although with a lower confidence score of 8, supports this by aligning the image with the theme of health precautions during the tournament. Given the agreement between both checks and the high confidence score of the internal check, the caption is deemed not out of context. Both checks provide visual confirmation of the events described in the caption.",
    "validation_summary": "Both internal and external checks confirm the caption accurately represents the image content, indicating Ebola testing at the African Cup of Nations tournament. The internal check has higher confidence."
  },
  "inference_time": 10.048440217971802
}