{
  "caption": "Juventus fans during a Serie A home match at the impressive Juventus Stadium",
  "ground_truth": true,
  "internal_check": {
    "visual_entities": [
      "Manchester United F.C.",
      "Old Trafford",
      "Paris",
      "Multi-sport event",
      "Championship",
      "UNICEF",
      "Stadium",
      "Security",
      "Squad",
      "Manchester",
      "Zinedine Zidane",
      "crowd"
    ],
    "image_evidences": [],
    "result": {
      "confidence_score": 7,
      "explanation": "The caption mentions \"Juventus fans during a Serie A home match at the impressive Juventus Stadium\". The detected entities include \"Stadium\" and \"crowd\", which are consistent with the caption. The news content also discusses Juventus and their stadium. However, the specific detail of 'Juventus fans' is not directly confirmed, though 'crowd' implies fans. The absence of direct visual confirmation of 'Juventus fans' lowers the confidence.",
      "verdict": true
    }
  },
  "external_check": {
    "text_evidences": [
      {
        "title": "Italys ambition grows to resurrect glory days for Serie A clubs | Serie A | The Guardian",
        "content": "Italy's ambition grows to resurrect glory days for Serie A clubs ...",
        "caption": "Juventus fans during a Serie A home match at the impressive Juventus Stadium. Photograph: Giuseppe Cacace/AFP/Getty",
        "domain": "www.theguardian.com"
      }
    ],
    "result": {
      "verdict": false,
      "alignment_score": 30,
      "confidence_score": 5,
      "explanation": "The news image depicts a large crowd dispersed across an empty stadium, likely after an event, while the reference images showcase Juventus fans actively engaging during a match, filled with colorful displays and cheering. Key visual elements expected based on the caption, which describes 'Juventus fans during a Serie A home match at the impressive Juventus Stadium', align with scenes showing fans, vibrant colors, and excitement. The news image lacks the essence of an active matchday atmosphere. While it does depict a stadium environment, the temporal context significantly deviates; it appears to capture the aftermath, not the event mentioned in the caption. Lighting differences also denote a contrasting time of day: the news image shows nighttime, while matchday references often depict daylight or evening light with a filled stadium environment. Overall, the news image fails to represent the core context and excitement that is implied by the caption.",
      "key_observations": [
        "The news image shows a large crowd in an empty stadium, indicating a post-event scenario.",
        "Reference images depict active Juventus fans with vibrant displays and a match atmosphere.",
        "Lighting in the news image indicates nighttime, contrasting with the likely day or evening setting of an ongoing match.",
        "Spatial relationships show the crowd dispersed, lacking the dense congregation typical of a match atmosphere.",
        "Overall context of fans supporting their team is missing in the news image, which shows a departure from the energetic scene expected from the caption."
      ]
    }
  },
  "final_result": {
    "OOC": true,
    "confidence_score": 7,
    "explanation": "The internal check suggests the caption is likely accurate (confidence: 7), noting consistency between caption elements and image features, but lacks direct confirmation of 'Juventus fans'. However, the external check strongly indicates the caption is out of context (confidence: 5, alignment: 30). It highlights that the image portrays a dispersed crowd in an empty stadium post-event, lacking the vibrant match atmosphere expected from the caption describing 'Juventus fans during a Serie A home match'. Given the substantial misalignment identified by the external check, which focuses on the context and atmosphere, the caption is deemed out of context. The external check is prioritized due to its focus on environmental context, even though its confidence score is lower.",
    "validation_summary": "Internal check finds the caption plausible but lacks direct confirmation. External check decisively indicates an out-of-context caption due to a mismatch between the image's post-event scene and the caption's description of an active match."
  },
  "inference_time": 10.982487440109253
}