{
  "caption": "Geoffrey Howe and Margaret Thatcher at the European Union summit meeting in Copenhagen December 1987",
  "ground_truth": false,
  "internal_check": {
    "visual_entities": [
      "Margaret Thatcher",
      "Resignation speech",
      "Microphone",
      "Conversation",
      "Human behavior",
      "Secretary of State for Foreign, Commonwealth and Development Affairs",
      "Speech",
      "Public speaking",
      "Summit",
      "Chancellor",
      "Loudspeaker",
      "The Guardian",
      "Resignation",
      "Geoffrey Howe",
      "human behavior"
    ],
    "image_evidences": [
      {
        "title": "Lord Howe of Aberavon obituary | Geoffrey Howe | The Guardian",
        "content": "",
        "caption": "Geoffrey Howe and Margaret Thatcher at the European Union summit meeting in Copenhagen, December 1987.",
        "domain": "www.theguardian.com"
      }
    ],
    "result": {
      "confidence_score": 10,
      "explanation": "The news caption and the provided image evidence are highly consistent. The caption describes Geoffrey Howe and Margaret Thatcher at the European Union summit in Copenhagen in December 1987, and the image's title and caption from The Guardian directly corroborate this. The visual entities detected, such as 'Margaret Thatcher', 'Geoffrey Howe', 'Summit', and 'Conversation', align with the image content. The domain 'www.theguardian.com' is a credible source, enhancing the reliability of the image. There are no apparent contradictions or manipulations. The image is used in its original context and adequately supports the news caption.",
      "verdict": true
    }
  },
  "external_check": {
    "text_evidences": [
      {
        "title": "Lord Howe of Aberavon obituary | Geoffrey Howe | The Guardian",
        "content": "Lord Howe of Aberavon obituary | Geoffrey Howe | The Guardian",
        "caption": "Geoffrey Howe and Margaret Thatcher at the European Union summit meeting in Copenhagen, December 1987.",
        "domain": "www.theguardian.com"
      },
      {
        "title": "Lord Howe of Aberavon obituary | Geoffrey Howe | The Guardian",
        "content": "Lord Howe of Aberavon obituary | Geoffrey Howe | The Guardian",
        "caption": "Geoffrey Howe addressing a Conservative party conference in Brighton.",
        "domain": "www.theguardian.com"
      }
    ],
    "result": {
      "verdict": true,
      "alignment_score": 85,
      "confidence_score": 8,
      "explanation": "The analysis of the news image against reference images reveals a significant alignment in context and visual elements associated with the EU summit meeting in Copenhagen in December 1987. Both the news image and reference images prominently feature Geoffrey Howe and Margaret Thatcher, which strongly supports the context specified in the caption. The primary focus is on the two subjects at a press conference setting, evident from the microphones positioned in front of them, a typical setup for such events. \n\nIn terms of visual consistency, the attire of both individuals—Geoffrey Howe's light-colored suit and Margaret Thatcher's gray blazer—matches across the images, reinforcing their identification and situating the event in the specified timeframe. The background's simplicity across the images directs the viewer's attention to the speakers. \n\nTemporal indicators such as black-and-white photography are consistent across all images, reflecting the era's photographic style and aligning with the time period of the event. The lighting in all photos appears similarly subdued yet appropriate for a press conference, further supporting the timeframe. \n\nHowever, there are minor differences present in the specific expressions and gestures of the subjects. But rather than indicating a misleading representation, these variations are likely due to differences in captured moments, which is common in photographic documentation. The essence of the political dialogue and event remains intact.\n\nOverall, despite slight visual discrepancies in posture and expression, the overall representation in the news image accurately correlates to the context provided in the caption, justifying a 'True' verdict.",
      "key_observations": [
        "Both images feature Geoffrey Howe and Margaret Thatcher prominently, aligning with the caption.",
        "Attire is consistent; Howe's light suit and Thatcher's gray blazer match across images.",
        "Lighting and background elements are neutral and match typical press conference settings of the time.",
        "Differences in expressions and postures do not detract from the event's context and represent plausible captured moments."
      ]
    }
  },
  "final_result": {
    "OOC": false,
    "confidence_score": 9,
    "explanation": "Both the internal and external checks indicate that the news caption accurately represents the image. The internal check has a confidence score of 10 and confirms the caption's description of Geoffrey Howe and Margaret Thatcher at the European Union summit in Copenhagen in December 1987. The external check, with a confidence score of 8 and an alignment score of 85, supports this, noting the presence of Howe and Thatcher and the setting aligns with a press conference. Although there are minor visual discrepancies in the external check, these are attributed to natural variations in captured moments and do not invalidate the caption's accuracy. Given the high confidence scores and agreement between the internal and external checks, there is no evidence to suggest the caption is out of context.",
    "validation_summary": "Both internal and external checks confirm the caption accurately represents the image of Geoffrey Howe and Margaret Thatcher at the 1987 Copenhagen EU summit."
  },
  "inference_time": 12.456821918487549
}