{
  "caption": "Nick Lehman president of digital for NBCUniversal talks about their new fitness brand Radius at SXSW",
  "ground_truth": false,
  "internal_check": {
    "visual_entities": [
      "2015 South by Southwest",
      "Festival",
      "Austin",
      "Exercise",
      "Film festival",
      "Physical fitness",
      "NBCUniversal",
      "2015",
      "USA Today",
      "South by Southwest",
      "youth"
    ],
    "image_evidences": [],
    "result": {
      "confidence_score": 8,
      "explanation": "The news caption mentions Nick Lehman, president of digital for NBCUniversal, discussing their new fitness brand Radius at SXSW. The detected visual entities include 'NBCUniversal' and 'South by Southwest' which aligns with the caption. The text also mentions 'physical fitness' and 'exercise' which would be related to a 'fitness brand'. There are multiple references to 'SXSW', '2015 South by Southwest', and 'South by Southwest' in the news article, confirming it as the setting. Therefore, the caption accurately represents the visual content based on the detected visual entities.",
      "verdict": true
    }
  },
  "external_check": {
    "text_evidences": [
      {
        "title": "NBCUniversal's Radius keeps SXSW 2015 in shape",
        "content": "NBCUniversal's Radius keeps SXSW 2015 in shape",
        "caption": "",
        "domain": "www.usatoday.com"
      }
    ],
    "result": {
      "verdict": false,
      "alignment_score": 60,
      "confidence_score": 7,
      "explanation": "The news image presents a group of people engaged in a fitness activity outdoors, which aligns broadly with the description of Nick Lehman discussing NBCUniversal's new fitness brand at SXSW. However, there are discrepancies regarding the specific identity of the individuals and the context of the event itself. The focus in the image is more on the fitness activity rather than on the specific event or presentation related to the branding. Additionally, the lighting appears consistent in both images, supporting a similar time of day, yet the lack of any direct representation of Nick Lehman or a clear branding element related to Radius diminishes the alignment with the caption’s expectations. The backdrop offers a colorful setting which could suggest an event atmosphere, but without visible elements that directly tie it to NBCUniversal or Radius, it feels slightly disconnected from the caption's specificity.",
      "key_observations": [
        "The image depicts multiple individuals exercising, which is contextually relevant to the fitness brand mentioned in the caption.",
        "Lighting conditions in both the news image and any available references appear to be similar, suggesting both are taken in a comparable timeframe.",
        "The individuals in the news image do not clearly identify Nick Lehman or any direct branding elements related to Radius, making alignment with the caption ambiguous.",
        "The composition focuses on the group workout rather than on any promotional or conversational aspects tied to the new brand.",
        "Despite visual consistency in terms of action (fitness), the specific connection to the branded event is weak."
      ]
    }
  },
  "final_result": {
    "OOC": true,
    "confidence_score": 7,
    "explanation": "The internal check suggests the caption accurately represents the image with a confidence score of 8, based on the presence of 'NBCUniversal,' 'South by Southwest,' and the theme of 'fitness.' However, the external check, while acknowledging the fitness theme, finds a low alignment score of 60 and confidence of 7 due to the absence of clear visuals of Nick Lehman or 'Radius' branding in the image. Given the conflicting results and that the external check identifies specific missing elements (Nick Lehman, Radius branding) directly related to the caption, the caption is determined to be out of context. The external check highlights that while the image contains individuals exercising which aligns with the fitness brand concept, there are no identifiable figures or brand elements that directly link the image to the caption's claim of Nick Lehman presenting Radius at SXSW. Prioritizing the external check due to its specific discrepancies, it suggests the image lacks direct visual corroboration of the caption's claims, leading to the conclusion that the caption is likely out of context.",
    "validation_summary": "Internal check supports the caption's accuracy, while the external check identifies a lack of specific visual elements (Nick Lehman, Radius branding) to support the claim. The external check has slightly lower confidence, but is prioritized due to its focus on specific caption elements. The caption is determined to be out of context."
  },
  "inference_time": 10.610393524169922
}