{
  "caption": "Untitled by Josie Connolly aged 14",
  "ground_truth": true,
  "internal_check": {
    "visual_entities": [
      "Man in Shower in Beverly Hills",
      "Tate",
      "Painting",
      "Mr and Mrs Clark and Percy",
      "Acrylic Paint",
      "Art",
      "The Metropolitan Museum of Art",
      "Pop art",
      "David Hockney: We Two Boys Together Clinging",
      "Work of art",
      "Oil painting",
      "1937",
      "David Hockney Man in Shower in Beverly Hills vintage poster",
      "David Hockney",
      "Jay Lynn Gomez",
      "man in shower in beverly hills"
    ],
    "image_evidences": [],
    "result": {
      "confidence_score": 2,
      "explanation": "The news content mentions 'Untitled by Josie Connolly aged 14,' suggesting the image is artwork. The detected entities include paintings, acrylic paint, art, and work of art, which are potentially related. However, without seeing the actual image, it's impossible to verify if Josie Connolly's work matches these general art-related entities. The other detected entities such as 'Man in Shower in Beverly Hills' and 'David Hockney' seem unrelated to the title. Therefore, the caption only weakly aligns with the detected entities.",
      "verdict": false
    }
  },
  "external_check": {
    "text_evidences": [
      {
        "title": "Lord of the Flies cover designs - the shortlisted pictures | Books | The Guardian",
        "content": "Lord of the Flies cover designs - the shortlisted pictures | Books ...",
        "caption": "Lord of the Flies covers: Josie Connolly",
        "domain": "www.theguardian.com"
      },
      {
        "title": "Lord of the Flies cover designs - the shortlisted pictures | Books | The Guardian",
        "content": "Lord of the Flies cover designs - the shortlisted pictures | Books ...",
        "caption": "Lord of the Flies covers: Josie Connolly",
        "domain": "www.theguardian.com"
      }
    ],
    "result": {
      "verdict": false,
      "alignment_score": 20,
      "confidence_score": 6,
      "explanation": "The news image depicts a person showering, while the reference images retrieved from the search based on \"Untitled by Josie Connolly aged 14\" primarily feature a unique concept involving miniature figures around a candle flame. This discrepancy indicates a significant shift in subject matter and context. The news image does match elements of modern abstract representation, evoking artistic interpretations which could be aligned with adolescent creativity, yet it lacks visual connections with the referenced works. Temporal consistency cannot be verified as there are no timestamps in the references, but the lighting in the news image suggests an indoor setting that is brighter and more directly lit compared to the darker, more atmospheric conditions seen in the reference images. Spatial relationships reveal a contrast as well; backgrounds and settings diverge significantly. The evident artistic style of an abstract nature in the news image adds complexity, as it may mislead viewers expecting more literal or direct imagery reflecting the art piece associated with Josie Connolly. Thus, despite retaining artistic value, the news image does not accurately represent the expected context from the caption, leading to a conclusion of potentially misleading content.",
      "key_observations": "- News image depicts a person showering, contrasting starkly with the candle-centered thematic references. \n- Reference images feature dark backgrounds and lighting focused on small figures, lacking any connection with the shower scene. \n- Artistic style in the news image is abstract, while reference images lean towards atmospheric photography. \n- The absence of shared themes or elements indicates a minimal contextual overlap."
    }
  },
  "final_result": {
    "OOC": true,
    "confidence_score": 7,
    "explanation": "The internal and external checks both indicate that the caption 'Untitled by Josie Connolly aged 14' is out of context for the given image. The internal check had a confidence score of 2 and the external check a confidence score of 6. The external check provides a more concrete reason for determining the image to be OOC, contrasting the image of a person showering with reference images of candle-centered art. The internal check suggests the title relates to artwork, but cannot confirm a match. Given the higher confidence of the external check and its specific observation of mismatch, I conclude that the caption is out of context. Limitations: assessment relies heavily on descriptions of the image and reference images. Access to the actual images would improve confidence.",
    "validation_summary": "Both internal and external checks suggest the caption is out of context, but external check provides stronger evidence based on contrasting image content."
  },
  "inference_time": 8.255287408828735
}