{
  "caption": "Lance Armstrong of team Astana",
  "ground_truth": true,
  "internal_check": {
    "visual_entities": [
      "Lance Armstrong",
      "Alberto Contador",
      "Road bicycle racing",
      "Bicycle helmet",
      "Bicycle",
      "Tour de France",
      "Road cycling",
      "Cycling",
      "Cycling",
      "Racing bicycle",
      "Triathlon",
      "Road Bike",
      "Hybrid Bike",
      "Cyclo-cross bicycle",
      "Cyclo-cross",
      "road bicycle"
    ],
    "image_evidences": [
      {
        "title": "Lance Armstrong: The master storyteller - BBC News",
        "content": "",
        "caption": "Armstrong behind eventual 2009 Tour winner Alberto Contador",
        "domain": "www.bbc.com"
      }
    ],
    "result": {
      "confidence_score": 9,
      "explanation": "The news caption and content mention Lance Armstrong's participation in the 2009 Tour de France with team Astana, alongside Alberto Contador. The image evidence from BBC News shows Lance Armstrong and Alberto Contador in the 2009 Tour de France, supporting the news. The domain (BBC) is a credible news source. The detected entities like 'Lance Armstrong', 'Alberto Contador', 'Tour de France', 'bicycle', 'bicycle helmet', 'road bicycle racing', 'cycling' align with both the news content and image. The image context aligns with the news narrative, suggesting the image is used in its original context. Therefore, the image evidence reasonably supports the news caption and content.",
      "verdict": true
    }
  },
  "external_check": {
    "text_evidences": [
      {
        "title": "Lance Armstrong's Astana team secure ahead of Tour de France | Tour de France 2009 | The Guardian",
        "content": "Lance Armstrong's Astana team secure ahead of Tour de France ...",
        "caption": "Lance Armstrong's Astana team have sorted out their financial affairs. Photograph: Stefano Rellandini/Reuters",
        "domain": "www.theguardian.com"
      },
      {
        "title": "Lance Armstrong's Astana team could lose its licence | Lance Armstrong | The Guardian",
        "content": "Lance Armstrong's Astana team could lose its licence | Lance ...",
        "caption": "Lance Armstrong is planning to ride in the Giro d'Italia due to start on Saturday despite uncertainty over his Astana team's future.  Photograph: Marcio Jose Sanchez/AP",
        "domain": "www.theguardian.com"
      },
      {
        "title": "Tensions high with Lance, Team Astana  The Denver Post",
        "content": "Tensions high with Lance, Team Astana  The Denver Post",
        "caption": "Lance Armstrong and his Team Astana riders are at odds over who will be the lead in the Tour de France.",
        "domain": "www.denverpost.com"
      }
    ],
    "result": {
      "verdict": true,
      "alignment_score": 85,
      "confidence_score": 8,
      "explanation": "The news image depicts Lance Armstrong participating in a cycling race as a member of Team Astana. This aligns well with the caption provided, which is confirmed by the blue and yellow team jersey bearing the 'Astana' logo. This element is consistent across multiple reference images. The composition of the news image shows Armstrong in a competitive cycling position, surrounded by fellow cyclists, which accurately reflects the dynamic of a race, similar to what is depicted in the reference images where he is also seen in a racing context.\n\nTemporal elements also show consistency; the lighting in the news image suggests a sunny day, typical of outdoor cycling events, as seen in the reference images, particularly in the first and fourth reference images, which share similar lighting and seasonal aspects. \n\nIn terms of spatial relationships, the positioning of Armstrong with other cyclists in the news image is consistent with the crowded nature of cycling races depicted in the reference images. The focus on Armstrong in both the news image and several reference images lends further credibility to his portrayal in the race. \n\nSigns of digital manipulation were not evident; the subjects in each image maintain a natural appearance without any apparent artifacts or irregularities.",
      "key_observations": [
        "Armstrong is wearing the 'Astana' jersey in the news image, matching the reference images.",
        "Similar sunny outdoor lighting in the news image and several reference images, indicating a consistent temporal context.",
        "The composition shows Armstrong in a cycling race environment with other cyclists, which matches the context of the reference images.",
        "No apparent signs of digital manipulation present in any of the images, maintaining authenticity."
      ]
    }
  },
  "final_result": {
    "OOC": false,
    "confidence_score": 9,
    "explanation": "Both the internal and external checks suggest that the caption accurately represents the image. The internal check has a confidence score of 9 and confirms that the image aligns with the news content, depicting Lance Armstrong with team Astana. The external check, with a confidence score of 8 and an alignment score of 85, further supports this by verifying that the image shows Armstrong in his Astana jersey, consistent with reference images of him in cycling races. Given the high confidence scores and agreement between the internal and external checks, the caption is deemed not out of context.",
    "validation_summary": "Both internal and external checks confirm the caption accurately represents the image, showing Lance Armstrong with team Astana. Confidence is high, with no conflicting evidence."
  },
  "inference_time": 8.929696798324585
}