{
  "caption": "Prairie story a remark about Canada s landscape inspired Gregory Hughes",
  "ground_truth": false,
  "internal_check": {
    "visual_entities": [
      "Grassland",
      "Grasses",
      "Steppe",
      "Mustard plant",
      "Plant",
      "Energy",
      "Land lot",
      "Farm",
      "Crop",
      "Ecoregion",
      "Canola oil",
      "Hill station",
      "Biology",
      "Chemistry",
      "Science",
      "grassland"
    ],
    "image_evidences": [],
    "result": {
      "confidence_score": 8,
      "explanation": "The news caption refers to \"Prairie story a remark about Canada's landscape inspired Gregory Hughes.\" The detected visual entities include 'Grassland', 'Grasses', 'Steppe', 'Farm', 'Crop', and 'Ecoregion'. These entities are consistent with the caption's mention of a prairie landscape. The news content further elaborates on the story's origin in the Canadian prairielands. Therefore, based on the visual entities and the news content, the caption accurately represents the visual content.",
      "verdict": true
    }
  },
  "external_check": {
    "text_evidences": [
      {
        "title": "A traveller's tale: the story behind Gregory Hughes's Unhooking the Moon | Booktrust teenage prize | The Guardian",
        "content": "A traveller's tale: the story behind Gregory Hughes's Unhooking ...",
        "caption": "Prairie story ... a remark about Canada's landscape inspired Gregory Hughes. Photograph: Ken Gigliotti/CP",
        "domain": "www.theguardian.com"
      },
      {
        "title": "A traveller's tale: the story behind Gregory Hughes's Unhooking the Moon | Booktrust teenage prize | The Guardian",
        "content": "A traveller's tale: the story behind Gregory Hughes's Unhooking ...",
        "caption": "Prairie story ... a remark about Canada's landscape inspired Gregory Hughes. Photograph: Ken Gigliotti/CP",
        "domain": "www.theguardian.com"
      },
      {
        "title": "A traveller's tale: the story behind Gregory Hughes's Unhooking the Moon | Booktrust teenage prize | The Guardian",
        "content": "A traveller's tale: the story behind Gregory Hughes's Unhooking ...",
        "caption": "Prairie story ... a remark about Canada's landscape inspired Gregory Hughes. Photograph: Ken Gigliotti/CP",
        "domain": "www.theguardian.com"
      }
    ],
    "result": {
      "verdict": true,
      "alignment_score": 90,
      "confidence_score": 9,
      "explanation": "The news image depicts a striking landscape scene characterized by a vibrant green field adorned with yellow flowers, set against a backdrop of a blue sky interspersed with clouds. This visual representation aligns closely with the reference images retrieved based on the news caption concerning Canada’s landscape. The presence of the individual in the foreground adds context to the scene, evocatively matching the narrative of Gregory Hughes engaging with the prairie environment. All images display similar compositional elements including the horizon line, the grassy texture of the field, and the dynamic cloud formation overhead.\n\nUpon further inspection, temporal consistency is evident as well; the lighting across the images appears consistent with a bright daytime setting, suggesting summertime or late spring. The angles from which the images are captured contribute to a cohesive understanding of the landscape, maintaining similar shadow directionality and light intensity.\n\nHowever, minor discrepancies do exist. While the composition is largely consistent, some reference images incorporate text overlays or watermarks which could be seen as clutter in comparison to the clean visual narrative of the news image. Nevertheless, these elements do not significantly detract from the overall context presented in the main image. Ultimately, despite the differences in presentation (such as overlays), the core context remains intact, visually representing the prairie story mentioned in the caption.",
      "key_observations": [
        "The color palette of the news image is consistent with the bright greens and yellows depicted in reference images.",
        "The presence of clouds and overall sky conditions matches closely across all images, suggesting similar environmental settings.",
        "Lighting conditions in all images appear to be consistent with bright and sunny weather, likely in early to mid-summer season.",
        "The composition of the grassy field with a distant hill in the background is a common theme found in the reference images, reinforcing the theme of the Canadian landscape.",
        "Some reference images feature watermarks or overlaid text which do not appear in the news image, but this does not alter the fundamental landscape representation."
      ]
    }
  },
  "final_result": {
    "OOC": false,
    "confidence_score": 9,
    "explanation": "Both the internal and external checks indicate that the news caption accurately represents the image. The internal check, with a confidence score of 8, confirms the visual entities in the image are consistent with the caption's reference to a prairie landscape. The external check, with a higher confidence score of 9 and an alignment score of 90, reinforces this by demonstrating the image's similarity to reference images of Canadian prairies. Since both checks align and the external check has a higher confidence score, the caption is not out of context.",
    "validation_summary": "Both internal and external checks confirm the caption accurately represents the image; therefore, the caption is not out of context."
  },
  "inference_time": 11.073017120361328
}