{
  "caption": "Donald Trump shakes hands and signs autographs after a rally June 18 2016 at the Veterans Memorial Coliseum in Phoenix",
  "ground_truth": true,
  "internal_check": {
    "visual_entities": [
      "Trump Tower",
      "Presidency of Donald Trump",
      "Candidate",
      "Member of Congress",
      "Ted Cruz",
      "Roy Blunt",
      "donald trump saying stop"
    ],
    "image_evidences": [
      {
        "title": "China and Donald Trump: GOP Candidate's Rise Is Big News",
        "content": "",
        "caption": "Republican presidential candidate Donald Trump speaks during a campaign stop on May 2, 2016, in South Bend, Indiana.",
        "domain": "www.nbcnews.com"
      },
      {
        "title": "Trump on Taxes for Rich: 'By the Time It's Negotiated, They'll Go Up'",
        "content": "",
        "caption": "Republican presidential candidate Donald Trump speaks during a campaign stop on May 2, 2016, in South Bend, Indiana.",
        "domain": "www.nbcnews.com"
      },
      {
        "title": "Looks Like it's Trump: Latinos React to Cruz, Kasich Exiting GOP Race",
        "content": "",
        "caption": "Republican presidential candidate Donald Trump speaks during a campaign stop on May 2, 2016, in South Bend, Indiana.",
        "domain": "www.nbcnews.com"
      }
    ],
    "result": {
      "confidence_score": 7,
      "explanation": "The news caption describes Donald Trump shaking hands and signing autographs after a rally on June 18, 2016, in Phoenix. The provided image evidences show Donald Trump speaking at campaign stops in South Bend, Indiana on May 2, 2016. While the images confirm Donald Trump was actively campaigning and holding rallies in 2016, they do not depict the specific event described in the news caption (Phoenix rally on June 18, 2016). The images are from a different location and date, thus failing to provide direct visual support. However, they do confirm Trump was campaigning during that time, increasing the likelihood that the event described in the news caption did occur. Therefore, without an image from the specific Phoenix rally, the verdict is 'False'.",
      "verdict": false
    }
  },
  "external_check": {
    "text_evidences": [],
    "result": null
  },
  "final_result": {
    "OOC": true,
    "confidence_score": 7,
    "explanation": "The internal check, with a confidence score of 7, concludes that the news caption is false because the images do not depict the specific Phoenix rally described in the caption. The images provided are from a different location and date. The external check has no data to contribute. Therefore, based on the available evidence, the caption is considered out of context due to the mismatch between the caption's description of the event and the image provided.",
    "validation_summary": "The internal check found the caption to be false, as the image does not match the described event. The external check had no available data."
  },
  "inference_time": 4.7227442264556885
}