{
  "caption": "Thanet s 300MW offshore windfarm off the Kent coast the largest of its type in the world",
  "ground_truth": false,
  "internal_check": {
    "visual_entities": [
      "Wind Turbine",
      "Wind farm",
      "Vestas",
      "Windmill",
      "Energy",
      "Wind power",
      "Turbine",
      "Renewable energy",
      "Darrieus wind turbine",
      "Offshore wind power",
      "Electric generator",
      "Mill",
      "Offshore",
      "Ditlev Engel",
      "Anders Runevad",
      "wind farm"
    ],
    "image_evidences": [],
    "result": {
      "confidence_score": 9,
      "explanation": "The news caption states \"Thanet s 300MW offshore windfarm off the Kent coast the largest of its type in the world\". The news content supports this claim by mentioning \"shipments for the 300MW Thanet windfarm, which is currently the largest offshore windfarm ever built.\" The detected visual entities include 'Wind Turbine', 'Wind farm', and 'Offshore wind power'. These entities align with the concept of an offshore windfarm, suggesting the caption is accurate based on the detected entities and the news article content.",
      "verdict": true
    }
  },
  "external_check": {
    "text_evidences": [
      {
        "title": "British windfarms blow Vestas towards 25% profit rise | Vestas | The Guardian",
        "content": "British windfarms blow Vestas towards 25% profit rise | Vestas ...",
        "caption": "Thanet's 300MW offshore windfarm off the Kent coast  the largest of its type in the world. Photograph: Gareth Fuller/PA",
        "domain": "www.theguardian.com"
      },
      {
        "title": "British windfarms blow Vestas towards 25% profit rise | Vestas | The Guardian",
        "content": "British windfarms blow Vestas towards 25% profit rise | Vestas ...",
        "caption": "Thanet's 300MW offshore windfarm off the Kent coast  the largest of its type in the world. Photograph: Gareth Fuller/PA",
        "domain": "www.theguardian.com"
      },
      {
        "title": "British windfarms blow Vestas towards 25% profit rise | Vestas | The Guardian",
        "content": "British windfarms blow Vestas towards 25% profit rise | Vestas ...",
        "caption": "Thanet's 300MW offshore windfarm off the Kent coast  the largest of its type in the world. Photograph: Gareth Fuller/PA",
        "domain": "www.theguardian.com"
      }
    ],
    "result": {
      "verdict": true,
      "alignment_score": 95,
      "confidence_score": 9,
      "explanation": "The news image and the reference images all depict a similar scene: offshore wind turbines situated in an open water setting, consistent with a wind farm. The orientation, shape, and placement of the wind turbines in the news image match those shown in the reference images. This suggests that the news image likely represents the industrial setting described in the caption. Although minor differences in color tones or contrast might be present, they do not affect the overall representation of the scene as described by the caption. The timing-related elements such as lighting and weather conditions appear consistent across the images, supporting the continuity and authenticity of the context. No signs of digital manipulation or inconsistencies in shadow or perspective were detected. While the exact angle or number of turbines may vary, these do not detract from the image’s contextual alignment with the caption about Thanet's offshore wind farm.",
      "key_observations": "- Consistent visual representation of wind turbines offshore in all images.\n- Spatial arrangement and scale of turbines aligned with reference images.\n- No noticeable manipulations or alterations in the news image.\n- Lighting conditions and environmental cues are consistent across all images.\n- Core elements such as turbine structure and sea setting accurately reflect the caption's context."
    }
  },
  "final_result": {
    "OOC": false,
    "confidence_score": 9,
    "explanation": "Both internal and external checks indicate that the caption is not out of context. The internal check confirms the caption's claim about the Thanet windfarm based on the news article content and detected visual entities. The external check further validates this by confirming that the image aligns with the caption and reference images, depicting offshore wind turbines consistent with a wind farm. Both checks have high confidence scores (9), and the external check also reports a high alignment score (95). Given the consistent findings and high confidence, there is no evidence to suggest that the caption is out of context.",
    "validation_summary": "Both internal and external validations confirm that the news caption accurately represents the image of the Thanet offshore windfarm. High confidence and alignment scores support this conclusion."
  },
  "inference_time": 9.311446189880371
}