{
  "caption": "Brazil s biggest garbage dump which was located on the outskirts of Rio de Janeiro closed in 2012",
  "ground_truth": false,
  "internal_check": {
    "visual_entities": [
      "Landfill",
      "Waste",
      "Waste",
      "Recycling",
      "Food waste",
      "Pollution",
      "Waste collector",
      "Recycling in Brazil",
      "Plastic",
      "Waste Management",
      "Natural environment",
      "Water",
      "waste"
    ],
    "image_evidences": [
      {
        "title": "Airbnb for cars and Canada's food waste fight: 10 circular businesses in the Davos spotlight | Guardian sustainable business | The Guardian",
        "content": "",
        "caption": "Brazils biggest garbage dump, which was located on the outskirts of Rio de Janeiro, closed in 2012.",
        "domain": "www.theguardian.com"
      },
      {
        "title": "Postcards from landfills: where one man's trash turns into methane gas | Environment | The Guardian",
        "content": "",
        "caption": "People collect recyclable materials from one of the largest dumps in Rio de Janeiro, Brazil.",
        "domain": "www.theguardian.com"
      }
    ],
    "result": {
      "confidence_score": 9,
      "explanation": "The news caption states that Brazil's biggest garbage dump, located on the outskirts of Rio de Janeiro, closed in 2012. Evidence 1, sourced from The Guardian, directly supports this claim, using the same caption. The image associated with Evidence 1 likely shows the closed garbage dump. Evidence 2, also from The Guardian, shows people collecting recyclable materials from a large dump in Rio de Janeiro. Although this image does not explicitly confirm the closure, it aligns with the theme of waste management and recycling in the area. The detected visual entities like 'Landfill', 'Waste', 'Recycling', and 'Recycling in Brazil' are consistent with the content of the news caption and the images presented as evidence. Both images are from a reputable source (The Guardian), increasing the reliability of the evidence. There is no clear contradiction between the news caption and the image evidence. The images visually support the claim that Brazil had a large garbage dump near Rio de Janeiro.",
      "verdict": true
    }
  },
  "external_check": {
    "text_evidences": [
      {
        "title": "Life amid the trash of a Rio dump | Brazil | The Guardian",
        "content": "Life amid the trash of a Rio dump | Brazil | The Guardian",
        "caption": "A scene from Stephen Daldrys latest film, Trash, set at the Gramacho waste dump  its closure has made life worse for many people",
        "domain": "www.theguardian.com"
      }
    ],
    "result": {
      "verdict": false,
      "alignment_score": 55,
      "confidence_score": 7,
      "explanation": "The news image shows individuals amidst a large dump with birds flying overhead, indicative of a trash-filled environment consistent with a garbage dump. This aligns well with the caption mentioning Brazil's largest garbage dump outside Rio de Janeiro. However, significant differences arise when compared to reference images. The reference images mainly depict children rummaging through debris in a garbage dump, emphasizing a different perspective and theme, potentially highlighting poverty or scavenging behavior rather than the broader aspect of waste management or the environment depicted in the news image. Temporal consistency is somewhat lacking, as lighting conditions appear more overcast in the news image, while reference images feature brighter conditions. Additionally, the reference images have a different composition with children centrally positioned, creating distinct emotional narratives.",
      "key_observations": [
        "News image features two adults contrasting with children in reference images.",
        "Presence of birds in the news image adds a dynamic element not seen in reference images.",
        "Lighting appears darker and more overcast in the news image compared to brighter, clearer days in reference images.",
        "Spatial arrangement is different; news image focuses on adults working, while reference images depict children playing or scavenging.",
        "Overall composition and emotional context differ despite all images depicting garbage dump scenes."
      ]
    }
  },
  "final_result": {
    "OOC": false,
    "confidence_score": 8,
    "explanation": "The internal check, with a confidence score of 9, confirms the caption's accuracy, stating the image supports the claim about Brazil's largest garbage dump closing in 2012. The external check, though less confident (confidence score 7), suggests the news image aligns with the caption but differs in specific details from reference images. Specifically, the external check's alignment score is 55. The internal check's higher confidence and direct support of the caption outweigh the external check's nuanced discrepancies. Therefore, the caption is deemed not out of context. The agreement of the internal check that the image supports the caption, despite the external image comparison differences, leads to this conclusion. The external images differed from the news image, however, they all depict garbage dumps.",
    "validation_summary": "Internal check validates caption, external check identifies image differences but does not negate caption accuracy. Higher confidence in internal check prevails."
  },
  "inference_time": 11.502243041992188
}