{
  "caption": "Millennium Square in Bristol a harbourside space set to become one of the UK s first major smokefree outdoor zones",
  "ground_truth": true,
  "internal_check": {
    "visual_entities": [
      "Winter",
      "Snow",
      "Building",
      "Phenomenon",
      "Window",
      "standing"
    ],
    "image_evidences": [],
    "result": {
      "confidence_score": 5,
      "explanation": "The caption mentions 'Millennium Square in Bristol', which should be identifiable through visual entities, but the provided entities are generic ('Winter', 'Snow', 'Building', 'Phenomenon', 'Window', 'standing'). There's no direct match or contradiction, but the lack of specific entities related to 'Millennium Square' makes it difficult to confirm the caption's accuracy. The entities 'Building' and 'standing' are too general to be helpful. Thus, the confidence is low.",
      "verdict": false
    }
  },
  "external_check": {
    "text_evidences": [
      {
        "title": "Bristol squares aim to stub out cigarettes with voluntary outdoor smoking ban | Smoking | The Guardian",
        "content": "Bristol squares aim to stub out cigarettes with voluntary outdoor ...",
        "caption": "Millennium Square in Bristol  a harbourside space set to become one of the UK's first major smoke-free outdoor zones.  Photograph: Matt Cardy/Getty Images",
        "domain": "www.theguardian.com"
      },
      {
        "title": "Bristol squares aim to stub out cigarettes with voluntary outdoor smoking ban | Smoking | The Guardian",
        "content": "Millennium-Square-in-Bris-009. ...",
        "caption": "Millennium Square in Bristol  a harbourside space set to become one of the UK's first major smoke-free outdoor zones.  Photograph: Matt Cardy/Getty Images",
        "domain": "www.theguardian.com"
      },
      {
        "title": "Bristol squares aim to stub out cigarettes with voluntary outdoor smoking ban | Smoking | The Guardian",
        "content": "Millennium-Square-in-Bris-009. ...",
        "caption": "Millennium Square in Bristol  a harbourside space set to become one of the UK's first major smoke-free outdoor zones.  Photograph: Matt Cardy/Getty Images",
        "domain": "www.theguardian.com"
      },
      {
        "title": "Bristol squares aim to stub out cigarettes with voluntary outdoor smoking ban | Smoking | The Guardian",
        "content": "Millennium-Square-in-Bris-005. ...",
        "caption": "Millennium Square in Bristol  a harbourside space set to become one of the UK's first major smoke-free outdoor zones.  Photograph: Matt Cardy/Getty Images",
        "domain": "www.theguardian.com"
      }
    ],
    "result": {
      "verdict": false,
      "alignment_score": 25,
      "confidence_score": 6,
      "explanation": "The news image presents a figure with a backpack and a gate in a snowy environment, which contrasts sharply with the reference images of Millennium Square in Bristol, showcasing a modern urban space with a reflective orb and people walking in clear weather. The expected key visual elements based on the news caption include the vibrant, open space of Millennium Square, which is characterized by its clean urban design and prominent landmarks like the mirrored globe. In contrast, the news image's wintery and closed-off scene suggests a completely different setting and time of year, indicating a significant temporal inconsistency. Therefore, while the news image has a figure and a public setting, it fails to accurately represent the specific context of a smokefree outdoor zone in Bristol. There are no signs of digital manipulation in the news image, but its lack of alignment with the expected visual elements renders it misleading. Thus, despite some superficial similarities (being public spaces), the essence and context differ drastically, leading to a determination of misinformation.",
      "key_observations": [
        "The news image shows a figure in a snowy environment, while reference images depict a bright, modern urban square.",
        "Reference images highlight significant elements like the reflective orb and a lively pedestrian atmosphere, absent in the news image.",
        "The news image suggests winter, conflicting with the autumnal or spring-like conditions seen in the reference images. The visual context (clean, vibrant) expected in Millennium Square is not present."
      ]
    }
  },
  "final_result": {
    "OOC": true,
    "confidence_score": 7,
    "explanation": "The external check has a confidence score of 6, while the internal check has a confidence score of 5. The external check indicates a high level of misalignment, with an alignment score of 25. It highlights a significant mismatch between the image (snowy environment with a figure) and the expected visuals of Millennium Square in Bristol (modern urban space). The internal check also flags discrepancies, noting the lack of specific entities related to 'Millennium Square'. Given the higher confidence and the clearer evidence of misalignment from the external check, the caption is determined to be out of context. The image does not accurately represent the scene described in the caption.",
    "validation_summary": "Both internal and external checks suggest the caption is out of context, with the external check providing stronger evidence due to a higher confidence score and a low alignment score between the image and reference images of the location described in the caption."
  },
  "inference_time": 10.223860263824463
}