{
  "caption": "Donald Trump walks into Quicken Loans Arena site of the Republican National Convention on July 20 2016",
  "ground_truth": true,
  "internal_check": {
    "visual_entities": [
      "United States",
      "Politics",
      "President of the United States",
      "Donald Trump"
    ],
    "image_evidences": [],
    "result": {
      "confidence_score": 10,
      "explanation": "The news caption mentions Donald Trump and the Republican National Convention. The detected visual entities include 'Donald Trump', 'United States', and 'Politics', which are all consistent with the caption. The caption accurately describes the visual content by identifying a relevant person (Donald Trump) and the event (Republican National Convention) taking place in the United States. Therefore, the caption aligns well with the detected visual entities.",
      "verdict": true
    }
  },
  "external_check": {
    "text_evidences": [
      {
        "title": "Boos fill hall as Ted Cruz ends RNC speech, fails to endorse Trump  The Denver Post",
        "content": "Boos fill hall as Ted Cruz ends RNC speech, fails to endorse Trump ...",
        "caption": "Sen. Ted Cruz (R-TX) delivers a speech on the third day of the Republican National Convention on July 20, 2016 at the Quicken Loans Arena in Cleveland, Ohio.",
        "domain": "www.denverpost.com"
      }
    ],
    "result": {
      "verdict": false,
      "alignment_score": 25,
      "confidence_score": 4,
      "explanation": "The news image depicts Donald Trump greeting attendees as he arrives at a venue, presumably for the Republican National Convention. In contrast, the reference images extracted based on the caption primarily relate to the speaking events at the convention, showing other speakers like Ted Cruz on stage. Notably, while Trump is a prominent figure in the context, the specific event captured in the news image differs from the core activities showcased in the reference images. Furthermore, the news image is focused on Trump's arrival, whereas the reference images capture moments from the convention's proceedings. There are also discrepancies in the environment—such as the outdoor setting in the news image versus an indoor stage setting in the reference images—which contributes to a lack of visual consistency.",
      "key_observations": [
        "The news image shows Donald Trump arriving at an event, while reference images feature different individuals speaking on stage during the convention.",
        "Lighting and environment differ: the news image is likely outdoors with direct sunlight, while reference images are typically indoors with stage lights.",
        "Temporal difference: the event depicted in the news image (arrival) does not align with the actual speaking sessions in the reference images."
      ]
    }
  },
  "final_result": {
    "OOC": true,
    "confidence_score": 7,
    "explanation": "The internal check suggests the caption accurately represents the image (confidence: 10, verdict: True). It notes the presence of Donald Trump and the Republican National Convention, aligning with the visual entities detected. However, the external check indicates a mismatch (confidence: 4, verdict: False, alignment: 25). It highlights differences between the news image (Trump's arrival) and reference images (convention proceedings, speakers on stage). Given the conflict, the higher confidence score of the internal check is considered. However, the low alignment score from the external check is significant. Despite the internal check's high confidence, the external check raises serious doubts about the caption's accuracy in the broader context of the event. Therefore, prioritizing the external context, the caption is determined to be out of context. The lower confidence score of 7 reflects uncertainty due to conflicting results.",
    "validation_summary": "Internal check affirms caption accuracy, while the external check identifies contextual discrepancies regarding the specific event captured (arrival vs. convention proceedings)."
  },
  "inference_time": 8.45009469985962
}