{
  "caption": "Peru Daria Werbowy s second home Worth a look then",
  "ground_truth": false,
  "internal_check": {
    "visual_entities": [
      "Llama",
      "Alpaca",
      "New York",
      "Terrestrial animal",
      "Chiltern Firehouse",
      "Marge Simpson",
      "Peru",
      "The Timberland Company",
      "Color",
      "Skort",
      "2015",
      "Nostalgia",
      "llama"
    ],
    "image_evidences": [
      {
        "title": "From Marge Simpson's MAC range to Bush bores: what's hot and what's not on planet fashion this week | Fashion | The Guardian",
        "content": "",
        "caption": "Peru: Daria Werbowy's second home. Worth a look, then. Photograph: Alamy",
        "domain": "www.theguardian.com"
      }
    ],
    "result": {
      "confidence_score": 10,
      "explanation": "The news caption mentions \"Peru Daria Werbowy's second home. Worth a look then\" and the image evidence provided has the caption \"Peru: Daria Werbowy's second home. Worth a look, then.\". The image source is a credible news domain (theguardian.com). The image caption is identical to the news caption. Therefore, the image provides direct visual support for the news caption.",
      "verdict": true
    }
  },
  "external_check": {
    "text_evidences": [
      {
        "title": "From Marge Simpson's MAC range to Bush bores: what's hot and what's not on planet fashion this week | Fashion | The Guardian",
        "content": "From Marge Simpson's MAC range to Bush bores: what's hot and ...",
        "caption": "Peru: Daria Werbowy's second home. Worth a look, then. Photograph: Alamy",
        "domain": "www.theguardian.com"
      },
      {
        "title": "From Marge Simpson's MAC range to Bush bores: what's hot and what's not on planet fashion this week | Fashion | The Guardian",
        "content": "From Marge Simpson's MAC range to Bush bores: what's hot and ...",
        "caption": "Peru: Daria Werbowy's second home. Worth a look, then. Photograph: Alamy",
        "domain": "www.theguardian.com"
      },
      {
        "title": "From Marge Simpson's MAC range to Bush bores: what's hot and what's not on planet fashion this week | Fashion | The Guardian",
        "content": "From Marge Simpson's MAC range to Bush bores: what's hot and ...",
        "caption": "Peru: Daria Werbowy's second home. Worth a look, then. Photograph: Alamy",
        "domain": "www.theguardian.com"
      },
      {
        "title": "From Marge Simpson's MAC range to Bush bores: what's hot and what's not on planet fashion this week | Fashion | The Guardian",
        "content": "From Marge Simpson's MAC range to Bush bores: what's hot and ...",
        "caption": "Photograph: Rex Features",
        "domain": "www.theguardian.com"
      }
    ],
    "result": {
      "verdict": false,
      "alignment_score": 25,
      "confidence_score": 6,
      "explanation": "The news image depicting a llama in front of the terraces of Machu Picchu does not align with the expected visual elements based on the caption referring to Daria Werbowy, a model known to have a second home in Peru. This discrepancy indicates a lack of relevance. While the image captures an iconic Peruvian site, it fails to connect to any specific context related to Daria Werbowy or her personal life, as suggested in the caption. The reference images also prominently feature llamas against terraced landscapes, reinforcing the image's iconic representation of Peru, yet none relate to the person indicated in the caption. The key observations highlight a complete mismatch in subject matter, posing significant concerns about the appropriateness of the news image in relation to the caption.",
      "key_observations": "- News image shows a llama at Machu Picchu, diverging from the focus on Daria Werbowy.\n- Reference images featuring llamas also do not relate to Daria Werbowy or her second home.\n- Artefacts or signs of manipulation were not discernible in the news image, though they are not necessary due to lack of contextual relevance.\n- The thematic alignment is poor; the llama image represents Peru generally but fails to address the specific individual in the caption."
    }
  },
  "final_result": {
    "OOC": true,
    "confidence_score": 7,
    "explanation": "The internal check indicates the news caption matches the image caption from a credible news source with a high confidence score of 10. However, the external check, although with lower confidence (6), reveals a significant misalignment. The image shows a llama at Machu Picchu, which doesn't align with the caption's reference to Daria Werbowy. The external check's alignment score is low (25), highlighting the mismatch. Given the visual evidence contrasting with the caption's claim about Daria Werbowy and her second home, I prioritize the external check's conclusion of a mismatch. The image, while related to Peru, does not depict Daria Werbowy or anything directly associated with her, making the caption out of context for this image. The final confidence score reflects the conflict between the internal and external checks and the slightly lower reliability of external checks.",
    "validation_summary": "Internal check finds caption matches image source caption. External check reveals image of a llama at Machu Picchu misaligned with caption referencing Daria Werbowy, indicating out-of-context usage."
  },
  "inference_time": 8.789995193481445
}