{
  "caption": "Olympic gold medal swimmer Katie Ledecky of Bethesda waves as she is introduced during the game",
  "ground_truth": false,
  "internal_check": {
    "visual_entities": [
      "Gold medal",
      "Championship",
      "Team sport",
      "Competition",
      "Gold",
      "Player",
      "Tournament",
      "Outerwear / M",
      "Team",
      "Product",
      "Medal",
      "Chemistry",
      "Science",
      "player"
    ],
    "image_evidences": [],
    "result": {
      "confidence_score": 2,
      "explanation": "The news caption mentions \"Olympic gold medal swimmer Katie Ledecky of Bethesda waves as she is introduced during the game\", while the detected visual entities are generic such as 'Gold medal', 'Championship', 'Team sport', 'Competition', 'Gold', 'Player', 'Tournament', 'Outerwear / M', 'Team', 'Product', 'Medal', 'Chemistry', 'Science', 'player'. The caption refers to a specific person, Katie Ledecky, and a specific activity related to swimming. The entities list does not contain anything specific that would allow validating this. Therefore, the caption and visual entities do not align.",
      "verdict": false
    }
  },
  "external_check": {
    "text_evidences": [
      {
        "title": "What to know about Katie Ledecky before 2024 Paris Olympics",
        "content": "What to know about Katie Ledecky before 2024 Paris Olympics",
        "caption": "",
        "domain": "www.usatoday.com"
      }
    ],
    "result": {
      "verdict": false,
      "alignment_score": 60,
      "confidence_score": 7,
      "explanation": "The news image and the reference images both feature Olympic swimmer Katie Ledecky, depicting her in moments of public acknowledgment. The news image shows Ledecky waving during a game introduction, which is consistent with the event context indicated by the caption. However, these images are set against different backgrounds and lighting conditions, suggesting distinct events. In the news image, Ledecky is outdoors at a sports event, recognized by the audience behind her and the sunlight, while the reference images portray her indoors with different lighting and more saturated colors, possibly indicating various ceremonies or award presentations. The attire differs as well; in the news image, she wears a jacket with an Olympic emblem, while in the references, she is dressed in a black outfit with medals and flowers, signifying a victory lap or awards ceremony. Despite these differences, the core action of Ledecky waving is present in both the news and reference images. Overall, the elements of lighting, attire, and environment do not entirely align with what is implied by the caption, suggesting a discrepancy regarding the specific context of the appearance. However, the concept of Ledecky being cheered or acknowledged is consistent, thus the context remains relevant. This leads to a lower alignment score but not a complete discredit of the image.",
      "key_observations": [
        "Subject is Olympic swimmer Katie Ledecky in both images",
        "News image portrays an outdoor setting; reference images are indoors",
        "Lighting conditions differ, with the news image being bright and sunny, while references have artificial lighting",
        "Attire differences: news image has Olympic gear while references show her in different celebratory clothing",
        "Both images depict Ledecky waving, reflecting the action mentioned in the caption, but context is slightly mismatched."
      ]
    }
  },
  "final_result": {
    "OOC": true,
    "confidence_score": 7,
    "explanation": "Both the internal and external checks suggest that the caption is potentially out of context, though not definitively. The internal check reports a mismatch between the specific details of the caption (Katie Ledecky, swimming context) and the generic entities detected in the image. The external check identifies Katie Ledecky in both the news image and reference images, but notes inconsistencies in the setting, lighting, and attire, suggesting the image may not be directly related to the event described in the caption. The external check gives an alignment score of 60 and a confidence score of 7, while the internal check gives a confidence score of 2, so I am prioritizing the results from the external check and concluding the caption is out of context. Due to differences in the setting, attire and lighting, the context is not accurately represented in the provided image. The confidence score is 7 because there is a clear person match.",
    "validation_summary": "Both internal and external checks indicate a contextual mismatch, though Katie Ledecky is confirmed to be in both news and reference images. Setting, attire, and lighting differences suggest the news image does not align with the specific event in the caption."
  },
  "inference_time": 13.258996725082397
}