{
  "caption": "Police detain a Kurdish politician in the southeastern Turkish city of Diyarbakir on Nov 4",
  "ground_truth": true,
  "internal_check": {
    "visual_entities": [
      "Car",
      "Military police",
      "Civil servant",
      "official"
    ],
    "image_evidences": [],
    "result": {
      "confidence_score": 6,
      "explanation": "The caption mentions \"Police detain a Kurdish politician in the southeastern Turkish city of Diyarbakir\". The detected visual entities include 'Military police', 'Civil servant', and 'official', which are consistent with the presence of police. However, the detected entities do not explicitly confirm the presence of a 'Kurdish politician' being detained, nor the specific location of Diyarbakir. Thus, the alignment is partial, meriting a moderate confidence score.",
      "verdict": true
    }
  },
  "external_check": {
    "text_evidences": [
      {
        "title": "Car Bomb Kills 8 In Turkey After Pro-Kurdish Legislators Detained For Questioning : The Two-Way : NPR",
        "content": "Car Bomb Kills 8 In Turkey After Pro-Kurdish Legislators Detained ...",
        "caption": "",
        "domain": "www.npr.org"
      }
    ],
    "result": {
      "verdict": false,
      "alignment_score": 20,
      "confidence_score": 5,
      "explanation": "The news image being evaluated shows a group of individuals appearing to be checked or detained by an officer, which aligns with the context of police engaging with individuals. However, the visual content diverges significantly from the expected imagery based on the caption regarding the detention of a Kurdish politician in Diyarbakir on November 4. In contrast, the reference images depict chaotic scenes related to destruction or a humanitarian crisis, which may suggest violence or conflict rather than a police check. \n\nThe first reference image is predominantly focused on law enforcement detaining individuals, while the second reference shows individuals responding to an injured person amidst wreckage, possibly suggesting a broader context of turmoil or civil unrest, but ultimately lacks a connection to a specific politician's detention. \n\nAdditionally, the specific elements such as the presence of Kurdish symbols, attire, or any distinguishable signs that would link the primary news event (the detention of a Kurdish politician) are missing from both the news image and reference images. Furthermore, there is a lack of temporal indicators or context within the news image that aligns with the inherently political nature of the incident described in the caption. The setting, lighting, and overall atmosphere contrast starkly with what would be expected from an event that involves the detention of a public figure in a politically tense situation.",
      "key_observations": "- The news image depicts police interactions with individuals, but lacks any direct reference to a Kurdish politician or Diyarbakir.\n- Reference images depict a scene of destruction and crisis rather than an arrest, showing stark contrasts in themes.\n- No visual indicators or elements that suggest the specific event described in the caption are present.\n- Overall, the emotional and contextual atmosphere of the news image is not consistent with that expected from the police detaining a politician."
    }
  },
  "final_result": {
    "OOC": true,
    "confidence_score": 7,
    "explanation": "The internal check suggests partial alignment because while visual entities like 'Military police', 'Civil servant', and 'official' are present, the existence of a 'Kurdish politician' being detained in Diyarbakir is not explicitly confirmed. The internal check confidence score is 6. The external check, with a confidence score of 5 and an alignment score of 20, indicates that the image does not depict the detention of a Kurdish politician in Diyarbakir, as the reference images show unrelated events. Given that both checks do not fully confirm the caption's accuracy, and the external check specifically contradicts it, the caption is considered out of context. The confidence score is moderate due to the partial alignment identified by the internal check.",
    "validation_summary": "Both internal and external checks raise concerns about the caption's accuracy. The internal check shows a partial alignment. The external check indicates that the image does not accurately represent the detention of a Kurdish politician in Diyarbakir."
  },
  "inference_time": 11.756201267242432
}