{
  "caption": "London Mayor Boris Johnson was at the service",
  "ground_truth": false,
  "internal_check": {
    "visual_entities": [
      "Speech",
      "Veteran",
      "Diplomat M",
      "official"
    ],
    "image_evidences": [],
    "result": {
      "confidence_score": 7,
      "explanation": "The news caption mentions London Mayor Boris Johnson at a service. The detected visual entities include 'Diplomat M' and 'official,' which are consistent with the presence of a mayor or other public figure. Given that London Mayor Boris Johnson is mentioned in the news content, and the visual entities align with public figures, there's a reasonable basis to believe the caption represents the image content. However, without explicit visual confirmation of Boris Johnson himself, the confidence is not extremely high. The term 'Speech' could also indicate some event, but the provided details are not sufficient for a definitive positive.",
      "verdict": true
    }
  },
  "external_check": {
    "text_evidences": [
      {
        "title": "Boris Johnson unveils redesigned Routemaster bus for London | New bus for London | The Guardian",
        "content": "Boris Johnson unveils redesigned Routemaster bus for London | New ...",
        "caption": "Boris Johnson takes a ride on the new Routemaster. Photograph: Luke Macgregor/Reuters",
        "domain": "www.theguardian.com"
      }
    ],
    "result": {
      "verdict": true,
      "alignment_score": 75,
      "confidence_score": 7,
      "explanation": "The news image of Boris Johnson during the service aligns contextually with the reference images attained through the caption search. Key visual elements such as attire (formal clothing) and setting (ceremony context) support this. The presence of poppy flowers worn on lapels, indicating a remembrance service, is a significant visual cue that is common in the reference images and supports the event's context. Temporal aspects are consistent as they both appear to be in a similar seasonal setting, likely autumn due to the remembrance themes. While the second reference image differs significantly in context, it does not detract from the alignment of the news image with the core context of a formal service. The overall atmosphere, with the gathered crowd and formal components depicted in the news image, is consistent with a public service event. Therefore, while there are visual differences, the core context remains aligned with the news caption, leading to the conclusion that the image is not misleading but rather captures a genuine event involving Boris Johnson.",
      "key_observations": "- Boris Johnson is present in both the news and reference images, confirming his participation.\n- The attire of Boris Johnson in the news image (formal suit, poppy flower) is consistent with a ceremonial occasion.\n- Reference images depict similar formal settings, albeit in different contexts.\n- Temporal consistency is indicated through the use of seasonal attire and event themes.\n- Overall atmosphere reflects a public service context that is in line with the news caption."
    }
  },
  "final_result": {
    "OOC": false,
    "confidence_score": 7,
    "explanation": "The internal and external checks both suggest that the caption accurately represents the image. The internal check had a confidence score of 7, noting the presence of visual entities consistent with a mayor and mentioning Boris Johnson's presence in the news content. The external check also scored a 7 for confidence, supported by the presence of Boris Johnson in reference images, similar attire, and a ceremonial setting aligning with the caption. Although neither check provides absolute certainty, they converge to suggest the caption is not out of context. The alignment score of 75 from the external check further strengthens this conclusion.",
    "validation_summary": "Both internal and external checks indicate that the caption accurately represents the image, citing the presence of Boris Johnson and consistent visual elements."
  },
  "inference_time": 9.449413776397705
}