{
  "caption": "Pope Francis acknowledges faithful on his way to celebrate Sunday Mass at Benjamin Franklin Parkway Sept 27 2015 in Philadelphia",
  "ground_truth": true,
  "internal_check": {
    "visual_entities": [
      "Amoris laetitia",
      "Holy See",
      "Pope",
      "Divorce",
      "Pontiff",
      "Swiss Guard",
      "Archbishop of the Roman Catholic Archdiocese of Santiago de Chile",
      "Ricardo Ezzatti",
      "Federico Lombardi",
      "paus franciscus"
    ],
    "image_evidences": [
      {
        "title": "Pope has good news for divorced, but not for gays",
        "content": "",
        "caption": "",
        "domain": "www.usatoday.com"
      }
    ],
    "result": {
      "confidence_score": 8,
      "explanation": "The news caption describes Pope Francis acknowledging faithful on his way to celebrate Sunday Mass at Benjamin Franklin Parkway in Philadelphia on Sept 27 2015. The news content confirms this event took place, adding details about the Mass and other activities during his visit. The image evidence shows an article about Pope Francis with a picture. While it does not directly show the specific event described in the news caption (the mass on Benjamin Franklin Parkway), it depicts the Pope, which aligns with the visual entities detected and the news content. Because of this, the claim is reasonably supported by the images, however, the link is indirect, thus impacting the confidence.",
      "verdict": true
    }
  },
  "external_check": {
    "text_evidences": [
      {
        "title": "Pope extends permission on abortion forgiveness  The Denver Post",
        "content": "Pope extends permission on abortion forgiveness  The Denver Post",
        "caption": "Pope Francis acknowledges faithful as he parades on his way to celebrate Sunday Mass at Benjamin Franklin Parkway Sept. 27, 2015 in Philadelphia, Pennsylvania. Pope Francis concludes his tour of the U.S. with events in Philadelphia on Saturday and Sunday. ",
        "domain": "www.denverpost.com"
      }
    ],
    "result": {
      "verdict": false,
      "alignment_score": 65,
      "confidence_score": 7,
      "explanation": "The news image portrays Pope Francis waving, likely during the event indicated in the caption. However, a comparison with reference images also showing him waving during the same event reveals critical differences. The news image appears to depict the Pope in isolation, against a blurred background, whereas reference images consistently depict him engaged with a crowd. This discrepancy in context impacts the representation of the event itself, which involves the Pope interacting with many faithful on the Benjamin Franklin Parkway. \n\nIn terms of temporal consistency, differing crowd engagement levels matter; the news image conveys a more subdued interaction, while references show a vibrant crowd, indicating higher energy during the event. Also, the reference images display clear indicators of a packed event atmosphere, trending towards a celebratory vibe, which the news image does not convey fully. Lighting appears bright in both, matching well with a daytime event, though a slight tonal difference might suggest varying conditions of exposure. No signs of digital manipulation are discernable in either image, and both seem authentic. \n\nOverall, the core context remains slightly misaligned, as the news image does not faithfully represent the communal atmosphere or scale of the event described. While visually similar in depicting Pope Francis, the context of interaction and engagement is pivotal and notably less dynamic in the news image compared to the lively engagement shown in the references.",
      "key_observations": "- Pope Francis is depicted waving in both images, a core visual of the event. \n- The news image presents less crowd interaction, contrasting sharply with reference images that encompass large crowds engaging with the Pope. \n- Temporal consistency is upheld in daylight exposure; however, the energetic atmosphere evident in reference images is missing. \n- No apparent signs of digital manipulation detected in either image."
    }
  },
  "final_result": {
    "OOC": true,
    "confidence_score": 7,
    "explanation": "The internal check suggests the caption is accurate based on the news content, while the external check indicates the image is out of context due to discrepancies in crowd engagement compared to reference images. The external check has a confidence score of 7, whereas the internal check has a confidence score of 8. However, the external check's alignment score of 65 indicates notable misalignment. Given the focus of the task is whether the caption accurately represents the image, I prioritize the external check's findings. Because the external check reveals that the image does not represent a crowd actively engaging with the Pope during the described event, and since that is a significant element of the event, I must conclude the caption is out of context. The isolated nature of the Pope in the image versus the expected crowd dynamic suggests the image is being used inaccurately. The slightly higher internal confidence score does not outweigh the more direct evidence of contextual mismatch from the external check.",
    "validation_summary": "Internal check says caption is accurate based on news content, but external check reveals the image is out of context because the image lacks the crowd interaction expected at the event."
  },
  "inference_time": 8.577869892120361
}