{
  "caption": "The US embassy at Abdoun district in Amman Jordan is among the US embassies and consulates closed due to a terror threat",
  "ground_truth": true,
  "internal_check": {
    "visual_entities": [
      "Facade",
      "Tourism",
      "protest"
    ],
    "image_evidences": [],
    "result": {
      "confidence_score": 7,
      "explanation": "The news caption mentions the US embassy in Amman, Jordan, and its closure due to a terror threat. The detected visual entities include 'Facade,' 'Tourism,' and 'protest.' The 'Facade' could potentially relate to the embassy building itself. However, 'Tourism' and 'protest' do not directly align with the caption's focus on a terror threat and embassy closure, although a protest could theoretically be related to the threat. Without further information about the image, it's difficult to definitively confirm the caption's accuracy based solely on these entities, but the presence of 'facade' leads to a moderately confident assessment. It's possible the facade shown is the embassy referenced.",
      "verdict": true
    }
  },
  "external_check": {
    "text_evidences": [],
    "result": null
  },
  "final_result": {
    "OOC": false,
    "confidence_score": 7,
    "explanation": "The internal check suggests the caption is likely accurate based on the presence of 'Facade' potentially relating to the embassy building. While 'Tourism' and 'protest' raise some uncertainty, the 'Facade' entity is deemed relevant. The external check result is 'None', so there is no contradictory evidence. Given the moderately confident internal check and the absence of conflicting external information, the caption is determined to not be out of context. The confidence score reflects the moderate certainty due to the ambiguity introduced by the 'Tourism' and 'protest' entities.",
    "validation_summary": "Internal check moderately supports the caption's accuracy; external check provides no additional information."
  },
  "inference_time": 4.192225933074951
}