{
  "caption": "Democratic presidential candidate Hillary Clinton last month in Reno Nev",
  "ground_truth": true,
  "internal_check": {
    "visual_entities": [
      "Getty Images",
      "Stock photography",
      "Chappaqua",
      "Photography",
      "Illustration",
      "Ballot",
      "Image",
      "Presidential nominee",
      "Quality",
      "Sports venue",
      "New York",
      "sport venue"
    ],
    "image_evidences": [],
    "result": {
      "confidence_score": 7,
      "explanation": "The caption mentions Hillary Clinton, and although her image isn't explicitly listed in the detected visual entities, terms like 'Presidential nominee' are present. This suggests a potential, but not definite, link. The caption also mentions Reno, Nevada, which is not directly represented in the detected entities. However, some entities like 'New York' could indirectly relate, given Clinton's political history. Because the entities are vague and lack specific facial recognition, a definitive match is not possible, hence a moderate confidence score.",
      "verdict": true
    }
  },
  "external_check": {
    "text_evidences": [
      {
        "title": "Denver employee that oversaw Hillary Clinton e-mail server granted immunity",
        "content": "Denver employee that oversaw Hillary Clinton e-mail server granted ...",
        "caption": "In this photo taken Aug.25, 2016, Democratic presidential candidate Hillary Clinton speaks during at a campaign event in Reno, Nev. Rep. Jason Chaffetz, R-Utah, chairman of the House committee investigating Hillary Clintons email practices asked a federal prosecutor Tuesday, Sept. 6, 2016, to determine whether she and others working with her played a role in the deletion of thousands of her emails by a Colorado technology firm overseeing her private computer server in 2015. ",
        "domain": "www.denverpost.com"
      },
      {
        "title": "Harry Reid's Last Senate Stand - Roll Call",
        "content": "Harry Reid's Last Senate Stand - Roll Call",
        "caption": "Senate Minority Leader Harry Reid speaks about Hillary Clinton and Nevada Democratic Senate candidate Catherine Cortez Masto with campaign staff and volunteers at the Washoe County Democratic Party office in Reno, Nevada. (Bill Clark/CQ Roll Call)",
        "domain": "rollcall.com"
      }
    ],
    "result": {
      "verdict": false,
      "alignment_score": 35,
      "confidence_score": 7,
      "explanation": "The news image depicts Hillary Clinton greeting voters in a seemingly informal setting, likely at a polling station in Reno, Nevada. Key visual elements such as the setting and her attire are contextually significant. In comparison, the reference images show different contexts: one focuses on her speaking at an event, while the other features another political figure (Harry Reid) in a union setting. There is no related visual connection to a polling place in the references. The temporal indicators in the news image suggest a daylight environment, while the other images have varied lighting conditions and settings that do not correlate with the election context. Furthermore, the two reference images are from different events and contexts, which adds to the inconsistency with the news image. Although the news image capitalizes on a recognizable moment in Clinton's campaign, it fails to establish a visual connection with either of the reference images. Therefore, despite capturing Clinton in a public-facing role, it cannot be said to represent the implied context of her campaigning in Reno, leading to the determination that the image may be misleading.",
      "key_observations": "- News image shows Hillary Clinton interacting with voters in a polling setting\n- Reference images show different contexts: public speaking, interactions at a union\n- Temporal indicators differ: lighting and context of events are not aligned\n- No clear visual continuity with the campaign environment suggested by news caption\n- Different times and locations depicted across images"
    }
  },
  "final_result": {
    "OOC": true,
    "confidence_score": 7,
    "explanation": "The internal check suggests the caption is potentially related to the image, noting the presence of 'Hillary Clinton' and 'Presidential nominee,' but expresses uncertainty due to vague entities and lack of facial recognition, resulting in a confidence score of 7. The external check, also with a confidence score of 7, concludes the caption is misleading because the news image shows Clinton interacting with voters in a polling setting, which doesn't align with the reference images showing different contexts like public speaking and interactions at a union. Given that both checks have similar confidence scores, the conflict in their verdicts is considered. The external check's focus on the specific environment and activity depicted in the image (a polling place) as not being represented in the reference images is given more weight, leading to the overall conclusion that the caption may be misleading and is therefore out of context. Limitations include the lack of explicit facial recognition in the internal check and the reliance on contextual comparison in the external check. The moderate confidence score reflects these uncertainties.",
    "validation_summary": "Both internal and external checks have confidence scores of 7. Internal check suggests the caption is related to the image. External check says that reference images show different contexts. External check given greater weight. Concluded to be out of context."
  },
  "inference_time": 15.047691822052002
}