{
  "caption": "Hillary Clinton pressed on email server during Iowa town hall",
  "ground_truth": false,
  "internal_check": {
    "visual_entities": [
      "Iowa Caucus",
      "Democratic National Convention",
      "Hillary Clinton 2016 presidential campaign",
      "Presidential nominee",
      "United States Department of State",
      "music artist"
    ],
    "image_evidences": [],
    "result": {
      "confidence_score": 7,
      "explanation": "The news caption mentions \"Hillary Clinton pressed on email server during Iowa town hall.\" The detected visual entities include \"Hillary Clinton 2016 presidential campaign\" and \"Iowa Caucus.\" While the detected entities do not directly confirm she is being 'pressed on email server,' the presence of 'Hillary Clinton 2016 presidential campaign' and 'Iowa Caucus' suggests a political event in Iowa, which is consistent with a town hall setting where she might be questioned. The presence of 'United States Department of State' also indirectly relates to the email server issue, as she was Secretary of State during that time. Thus, the caption is reasonably aligned but not perfectly confirmed. The confidence score is relatively high as these are reasonable associations, but without direct visual confirmation of the specific email server questioning, it is not a perfect match.",
      "verdict": true
    }
  },
  "external_check": {
    "text_evidences": [
      {
        "title": "Clinton pressed on emails and Trump defends praising Putin as they compete for military support - Los Angeles Times",
        "content": "Clinton pressed on emails and Trump defends praising Putin as they ...",
        "caption": "Hillary Clinton speaks during a military issues forum Wednesday in New York.",
        "domain": "www.latimes.com"
      }
    ],
    "result": {
      "verdict": false,
      "alignment_score": 70,
      "confidence_score": 8,
      "explanation": "The news image shows Hillary Clinton in a red jacket, gesturing during a town hall meeting. In the reference images, while Clinton remains the focal point, the settings vary. In particular, the news image presents a more dynamic background with colorful lighting, which contrasts with the more subdued atmosphere in the reference images. Although Clinton's clothing (red jacket) matches across images, the backgrounds, audience positioning, and lighting significantly differ, which could confuse the event's context. Furthermore, the presence of another speaker in the reference images adds a layer of complexity not seen in the news image. These aspects lead to a partial alignment but raise concerns over whether the news image accurately represents the described event. The lighting variations and the lack of other contextual clues, such as the presence of an audience and the specific setting of the town hall, further complicate the verification process.",
      "key_observations": "- Hillary Clinton is consistently depicted in a red jacket across images; however, the portrayal context changes.\n- The background in the news image is less conventional for a town hall setting compared to the references.\n- Differences in audience presence and visibility between the images.\n- Lighting and coloration in the news image are notably more vibrant, altering context perception. \n- The second reference image includes another speaker, providing a more accurate depiction of a typical town hall format."
    }
  },
  "final_result": {
    "OOC": true,
    "confidence_score": 8,
    "explanation": "The internal check suggests the caption is reasonably aligned with the image, while the external check indicates potential misrepresentation due to differences in background, audience, and lighting compared to reference images of similar events. The external check has a slightly higher confidence score (8) than the internal check (7), and a significantly high alignment score of 70. Given these discrepancies, the caption cannot be fully validated. The external check raises concerns that the image might not accurately represent the described town hall setting due to significant contextual differences, leading to the assessment that the caption is likely out of context. The 'Iowa Caucus' indirectly supports the town hall claim, but cannot confirm that she was being pressed on email server issue as the internal check states.",
    "validation_summary": "Internal check suggests caption alignment, while external check raises concerns about image misrepresentation due to contextual differences. External check has a slightly higher confidence and alignment score, leading to an OOC determination."
  },
  "inference_time": 9.85201907157898
}