{
  "caption": "Donald Trump Jr walks into the hall at Washington University in St Louis before the second presidential debate",
  "ground_truth": true,
  "internal_check": {
    "visual_entities": [
      "Donald Trump Jr.",
      "Trump Tower",
      "Politics",
      "President of the United States",
      "Eric Trump",
      "Tiffany Trump",
      "Lara Trump",
      "Ivana Trump",
      "Jared Kushner",
      "trump kids"
    ],
    "image_evidences": [],
    "result": {
      "confidence_score": 9,
      "explanation": "The news caption mentions \"Donald Trump Jr walks into the hall at Washington University in St Louis before the second presidential debate\". The detected visual entities include \"Donald Trump Jr.\", indicating the presence of Donald Trump Jr. in the image. The news content corroborates that the second presidential debate occurred at Washington University in St Louis. Thus, the caption accurately reflects the visual content and context, making the verdict true.",
      "verdict": true
    }
  },
  "external_check": {
    "text_evidences": [
      {
        "title": "Clinton and Trump meet for second presidential debate",
        "content": "Clinton and Trump meet for second presidential debate",
        "caption": "Democratic presidential candidate Hillary Clinton and Republican presidential candidate Donald Trump shake hands after the second presidential debate at Washington University in St. Louis.",
        "domain": "www.usatoday.com"
      },
      {
        "title": "Roles of Trump children blur line between politics, business  The Denver Post",
        "content": "Roles of Trump children blur line between politics, business  The ...",
        "caption": "From left, President-elect Donald Trump's wife, Melania; daughter, Ivanka; son, Eric; and son Donald Trump, Jr. attend the town hall debate at Washington University on Oct. 9, 2016 in St Louis, Missouri.",
        "domain": "www.denverpost.com"
      }
    ],
    "result": {
      "verdict": false,
      "alignment_score": 30,
      "confidence_score": 6,
      "explanation": "The news image purportedly depicting Donald Trump Jr. at Washington University prior to the second presidential debate does not align visually or contextually with the reference images obtained from web searches, despite capturing a significant event. The primary visual elements in the news image where Donald Trump Jr. is the central subject, contrasts starkly with the context implied in the news caption. The reference images feature Donald Trump in various debate settings, indicating active participation in political events, especially the second presidential debate. The lighting in the news image appears bright and indoor, lacking the ambiance of a debate environment which is generally dimly lit or with stage lighting. Additionally, the background spaces differ significantly; the news image is likely set in an office whereas reference images prominently showcase an audience environment typical of a debate backdrop. Furthermore, the clothing styles do not resonate with the high-profile nature of a debate event; the attire in the news image suggests a more casual environment. There are no signs of digital manipulation detected within the news image, but its divergence in terms of context and visual dynamics raises concerns about its presentation as representing the event described in the caption. Therefore, the image is classified as potentially misleading, as it fails to represent the expected context accurately.",
      "key_observations": "- News image features Donald Trump Jr. prominently in a bright indoor space, while reference images depict debate situations with appropriate lighting and audience context.\n- The attire in the news image is less formal compared to that expected during a presidential debate.\n- Backgrounds contrast significantly: office versus debate stage/environments.\n- Lighting differs: indoor setting in the news image versus potentially controlled environments in reference images.\n- Common presence of other Trump family members in reference images indicating a group event, which is not reflected in the news image."
    }
  },
  "final_result": {
    "OOC": true,
    "confidence_score": 7,
    "explanation": "The internal check suggests the caption accurately represents the image (Donald Trump Jr. at Washington University before the debate) with a high confidence score of 9. However, the external check contradicts this, indicating a low alignment score of 30 and an overall low confidence score of 6, suggesting the image doesn't align with reference images of the event. The external check raises concerns due to differences in lighting, background, attire, and the absence of expected debate-related elements. Given these discrepancies and prioritizing the external check's contextual analysis, the caption appears to be out of context. Though the internal check has a higher confidence score, the external check offers stronger evidence based on contextual elements expected at a presidential debate. Therefore, the final determination is that the image is out of context, but with moderate confidence.",
    "validation_summary": "Internal check says the caption is accurate. External check finds the image doesn't match debate context. Prioritizing contextual evidence, the caption is deemed out of context."
  },
  "inference_time": 10.220362186431885
}