{
  "caption": "Terrance W Gainer former Senate sergeantatarms and Capitol Police chief is heading security operations for a medicalmarijuana facility that has applied for a license in Hagerstown Md",
  "ground_truth": false,
  "internal_check": {
    "visual_entities": [
      "Terrance W. Gainer",
      "United States Capitol Police",
      "Crop",
      "Hagerstown",
      "United States Capitol",
      "Farm",
      "Harvest",
      "Agronomist",
      "Grasses",
      "Maryland",
      "crop"
    ],
    "image_evidences": [],
    "result": {
      "confidence_score": 7,
      "explanation": "The news caption mentions Terrance W Gainer taking a security role at a medical marijuana facility in Hagerstown, MD. The detected entities include 'Terrance W. Gainer', 'Hagerstown', and 'Maryland', which support the caption's claim about his location and role. The presence of 'Farm' and 'Crop' among the entities could be related to the medical marijuana facility. However, without more visual context about the scene, I can't fully verify the 'medicalmarijuana facility' aspect. The entity 'United States Capitol Police' and 'United States Capitol' provide background about Terrance W. Gainer, as mentioned in the caption. Given the limited image context, the caption appears reasonably aligned with the detected entities.",
      "verdict": true
    }
  },
  "external_check": {
    "text_evidences": [],
    "result": null
  },
  "final_result": {
    "OOC": false,
    "confidence_score": 7,
    "explanation": "The internal check, with a confidence score of 7, indicates that the news caption accurately represents the image content by referencing Terrance W Gainer's role at a medical marijuana facility in Hagerstown, MD. The detected entities support the caption's claims about his location and role. The external check result is 'None', so there is no conflict. Therefore, based on the internal check, the caption is not out of context.",
    "validation_summary": "The internal check confirms the caption's accuracy. The absence of an external check prevents further validation, but the available evidence suggests the caption is not out of context."
  },
  "inference_time": 4.195924997329712
}