{
  "caption": "Gordon Brown defends his premiership at the Manchester conference in 2008",
  "ground_truth": true,
  "internal_check": {
    "visual_entities": [
      "Gordon Brown",
      "United Kingdom",
      "Labour Party",
      "New Labour",
      "Labour Party Conference",
      "Labour Party",
      "Journalist",
      "Minister",
      "Prime minister",
      "Prime Minister of the United Kingdom",
      "Peter Mandelson",
      "labour party gordon brown"
    ],
    "image_evidences": [
      {
        "title": "Gordon Brown: the clunking fist thumps its last tub | Martin Kettle | The Guardian",
        "content": "",
        "caption": "Gordon Brown delivers his keynote speech at the Labour Party Conference. Photograph: Peter Macdiarmid/Getty Images",
        "domain": "www.theguardian.com"
      },
      {
        "title": "Gordon Brown's policy pledges: old, new, borrowed, blue | Labour conference 2009 | The Guardian",
        "content": "",
        "caption": "Gordon Brown. Photograph: Peter Macdiarmid/Getty Images",
        "domain": "www.theguardian.com"
      },
      {
        "title": "Gordon Brown's Labour conference speech in full | Labour conference 2009 | The Guardian",
        "content": "",
        "caption": "Gordon Brown delivers his keynote speech at the Labour conference today. Photograph: Peter Macdiarmid/Getty Images",
        "domain": "www.theguardian.com"
      }
    ],
    "result": {
      "confidence_score": 9,
      "explanation": "The news caption states that Gordon Brown defended his premiership at the Manchester conference in 2008. The provided news content further elaborates on the context of this event, mentioning the financial meltdown, poll ratings, and a plot to oust him. The image evidences, all from The Guardian, show Gordon Brown delivering a keynote speech at a Labour Party Conference, and the article titles also refer to Gordon Brown's Labour conference speech. Although the specific year (2008) and location (Manchester) are not explicitly confirmed in the image captions or titles, the visual of Gordon Brown speaking at a Labour conference supports the claim. The images are sourced from a reputable news source (The Guardian), increasing the confidence in their authenticity and relevance. Given the correlation between the news caption, the content's description of Brown's speech, and the visual depiction in the images, the caption is reasonably aligned with the image evidences. The lack of explicit confirmation of the year and location lowers the confidence score slightly, but the overall alignment is strong.",
      "verdict": true
    }
  },
  "external_check": {
    "text_evidences": [
      {
        "title": "The 10 best Labour conference speeches | Labour conference | The Guardian",
        "content": "The 10 best Labour conference speeches | Labour conference | The ...",
        "caption": "Gordon Brown defends his premiership at the Manchester conference in 2008.",
        "domain": "www.theguardian.com"
      },
      {
        "title": "The 10 best Labour conference speeches | Labour conference | The Guardian",
        "content": "Aneurin-Bevan-at-the-Brig-009. ...",
        "caption": "Aneurin Bevan speaks against unilateral disarmament at the Brighton conference in 1957. Photograph: Joseph Mckeown/Getty",
        "domain": "www.theguardian.com"
      }
    ],
    "result": {
      "verdict": true,
      "alignment_score": 85,
      "confidence_score": 8,
      "explanation": "The news image is of Gordon Brown speaking at a conference, likely during his premiership. The reference images primarily depict Brown in similar speaking contexts, primarily at party conferences or events within the same time period. While the exact moment captured in the news image differs from the exact moments in the reference images, key visual elements such as the setting, Brown's attire, and his demeanor align well with the context of the Manchester conference in 2008. Temporal indicators such as the colors and the setting—indicative of indoor conference environments—align across the images. The lighting and camera angles in the news image also reflect a professional event akin to the ones depicted in reference images, suggesting no digital manipulation. Overall, while different moments are captured, the core context remains consistent with the assertions in the news caption.",
      "key_observations": [
        "Gordon Brown is the central figure in both the news image and reference images, affirming the identity.",
        "The attire is consistent in formal clothing, relevant to a political conference setting.",
        "The setting features red and purple backgrounds typical of political events, suggesting alignment with the conference context.",
        "No apparent signs of digital manipulation or artifacts are observed in the news image compared with reference images.",
        "Temporal consistency is maintained; the style and format of the conference images reflect the period around 2008."
      ]
    }
  },
  "final_result": {
    "OOC": false,
    "confidence_score": 9,
    "explanation": "Both the internal and external checks suggest the caption is accurate. The internal check has a confidence score of 9, noting the caption aligns with the image and content, even without explicit confirmation of the year and location. The external check, with a confidence score of 8, confirms that the image's context (Gordon Brown at a conference) aligns with reference images of similar events. Since both checks agree and have high confidence scores, the caption appears not to be out of context.",
    "validation_summary": "Both internal and external checks confirm the caption's accuracy, indicating the image depicts Gordon Brown at a conference as described."
  },
  "inference_time": 11.484750032424927
}