{
  "caption": "US Federal Reserve chair Janet Yellen",
  "ground_truth": true,
  "internal_check": {
    "visual_entities": [
      "Janet Yellen",
      "Federal Reserve System",
      "United States",
      "Federal Open Market Committee",
      "Chair of the Federal Reserve of the United States",
      "Central bank",
      "Bank",
      "Basis point",
      "United States Senate Committee on Banking, Housing, and Urban Affairs",
      "Economy",
      "Public speaking",
      "Spokesperson",
      "Speech",
      "public speaking"
    ],
    "image_evidences": [],
    "result": {
      "confidence_score": 10,
      "explanation": "The news caption is \"US Federal Reserve chair Janet Yellen\". The detected visual entities include \"Janet Yellen\", \"Federal Reserve System\", \"Chair of the Federal Reserve of the United States\", and \"Central bank\". The caption directly mentions Janet Yellen and implies the Federal Reserve, which aligns perfectly with the detected visual entities. Thus, the caption accurately represents the visual content based on the detected entities.",
      "verdict": true
    }
  },
  "external_check": {
    "text_evidences": [
      {
        "title": "Janet Yellen to be nominated Fed chair Wednesday",
        "content": "Janet Yellen to be nominated Fed chair Wednesday",
        "caption": "Federal Reserve Vice Chair Janet Yellen will be named the next Fed chairman, replacing retiring Ben Bernanke.",
        "domain": "www.nbcnews.com"
      }
    ],
    "result": {
      "verdict": true,
      "alignment_score": 85,
      "confidence_score": 8,
      "explanation": "The news image of Janet Yellen shows her with her right hand raised, suggesting an oath-taking scenario. This aligns with the expectation from the news caption indicating her prominence, possibly during a congressional hearing or a formal event. Comparing this with the reference images, the main subject (Janet Yellen) is consistent in appearance across both images: she has a similar hairstyle and attire, which are typical of her public appearances. \n\nDespite some differences in facial expression and the angle of the shots, the core context remains intact—both images depict Yellen in a formal setting where she is engaged in a notable action indicative of her role in the Federal Reserve or government.\n\nIn terms of temporal consistency, both images may be from different events but do share common lighting setups typical of indoor venues. There are no obvious signs of digital manipulation in either image, reinforcing the authenticity of their representation. \n\nOverall, the news image successfully conveys the intended context of Janet Yellen's public role and duties, and while there are minor visual and situational differences, they do not detract from the core message depicted in the news caption.",
      "key_observations": [
        "Subject: Janet Yellen is depicted in both images, maintaining visual identity and hairstyle.",
        "Setting: Both images seem to take place in formal environments, possibly similar events.",
        "Action: The news image shows Yellen raising her hand, indicating an oath-taking or formal agreement, which aligns with her role as Federal Reserve chair.",
        "Lighting: Both images exhibit similar lighting conditions typical of official events, supporting temporal consistency.",
        "Composition: Variations in facial angles and expressions exist but do not undermine the overall context.",
        "No signs of digital manipulation identified in either image."
      ]
    }
  },
  "final_result": {
    "OOC": false,
    "confidence_score": 9,
    "explanation": "Both the internal and external checks indicate that the caption accurately represents the image. The internal check has a confidence score of 10 and confirms the caption's direct alignment with the visual entities detected (Janet Yellen, Federal Reserve System). The external check, with a confidence score of 8 and an alignment score of 85, supports this by showing consistency in Janet Yellen's appearance and context across different images. Since both checks align and have high confidence scores, the caption is not considered out of context. The slight difference in confidence scores does not negate the overall agreement.",
    "validation_summary": "Both internal and external checks confirm that the caption accurately represents the image, indicating the caption is not out of context."
  },
  "inference_time": 10.554359436035156
}