{
  "caption": "Republican presidential candidate Donald Trump speaks in Boynton Beach Fla Monday Oct 24 2016",
  "ground_truth": false,
  "internal_check": {
    "visual_entities": [
      "United States",
      "President of the United States",
      "Donald Trump presidential campaign, 2016",
      "Candidate",
      "election campaign",
      "Eric Trump",
      "public speaking"
    ],
    "image_evidences": [],
    "result": {
      "confidence_score": 9,
      "explanation": "The news caption states \"Republican presidential candidate Donald Trump speaks in Boynton Beach Fla Monday Oct 24 2016\". The detected visual entities include 'Donald Trump presidential campaign, 2016', 'Candidate', and 'public speaking'. These entities strongly align with the caption, suggesting that the image likely depicts Donald Trump speaking at a campaign event. The mention of the campaign, candidacy, and public speaking are all consistent with the caption's claim. The presence of 'United States' and 'election campaign' provides broader context. Therefore, the caption accurately represents the visual content based on the detected entities.",
      "verdict": true
    }
  },
  "external_check": {
    "text_evidences": [
      {
        "title": "Trump took $17 million in insurance for damage few remember | AP News",
        "content": "Trump took $17 million in insurance for damage few remember | AP News",
        "caption": "Republican presidential candidate Donald Trump speaks in Boynton Beach, Fla., Monday, Oct. 24, 2016. Trump received a $17 million insurance payment in 2005 for hurricane damage to Mar-a-Lago, his private club in Palm Beach, but The Associated Press found little evidence of such large-scale damage. (AP Photo/ Evan Vucci)",
        "domain": "apnews.com"
      }
    ],
    "result": {
      "verdict": true,
      "alignment_score": 95,
      "confidence_score": 9,
      "explanation": "The news image featuring Donald Trump matches closely with the reference images from the event in Boynton Beach, Florida, on October 24, 2016. Visually, both images depict Trump speaking into a microphone, displaying similar expressions and gestures, with a McCulloch campaign backdrop featuring the \"Trump Pence\" branding. The attire—Trump's suit and red tie—is consistent across all images. \n\nIn terms of temporal consistency, lighting and color tones appear aligned, presumably from a similar time of day and venue. The backgrounds hint at a rally setting, which corresponds with the implied context of Trump speaking at a public political event. Compositionally, the images maintain similar framing focusing on Trump's upper body and facial expression, which is emblematic of his speaking engagements. \n\nThe analysis also confirmed no apparent signs of digital manipulation, with both images appearing authentic in their presentation, preserving the integrity of the captured moment. \n\nGiven these observations, the news image accurately represents the event discussed in the caption and aligns closely with the reference images despite minor differences in angle or focus, which do not diminish context. \nOverall, there's a high degree of visual and contextual alignment between the news image and the reference images, supporting a verdict of true.",
      "key_observations": "- Strong similarity in subject (Donald Trump) and action (speaking into a microphone).\n- Consistent attire: black suit and red tie.\n- Similar background elements: 'Trump Pence' signage.\n- Aligning expressions and gestures depicting engagement in speech.\n- No visible signs of digital manipulation across both images.\n- Minor differences in cropping and focus which do not affect overall context."
    }
  },
  "final_result": {
    "OOC": false,
    "confidence_score": 9,
    "explanation": "Both the internal and external checks indicate that the caption accurately represents the image. The internal check, with a confidence score of 9, confirms the visual entities align with the caption's description of Donald Trump speaking at a campaign event in Boynton Beach, Florida, on October 24, 2016. The external check, also with a confidence score of 9 and an alignment score of 95, corroborates this by comparing the image to reference images from the specified event, finding strong visual and contextual consistency. Since both checks agree and have high confidence scores, the caption is deemed not out of context.",
    "validation_summary": "Both internal and external checks confirm the caption accurately represents the image, with high confidence and alignment scores."
  },
  "inference_time": 8.934268712997437
}