{
  "caption": "Padraig Harrington salutes the crowd on the final day at Oakland Hills",
  "ground_truth": false,
  "internal_check": {
    "visual_entities": [
      "Padraig Harrington",
      "PGA Championship",
      "Open Championship",
      "Golf",
      "Carnoustie",
      "Championship",
      "Men's major golf championships",
      "Ireland",
      "Tournament",
      "Sergio Garcia",
      "player"
    ],
    "image_evidences": [],
    "result": {
      "confidence_score": 9,
      "explanation": "The news caption mentions Padraig Harrington saluting the crowd at Oakland Hills. The detected entities include 'Padraig Harrington', 'PGA Championship' (held at Oakland Hills), and 'player', which are all consistent with the caption. The caption suggests a scene involving Padraig Harrington acknowledging the crowd, which aligns with the presence of Harrington as a detected entity. Therefore, the caption accurately represents the visual content based on the detected visual entities.",
      "verdict": true
    }
  },
  "external_check": {
    "text_evidences": [
      {
        "title": "Golf: Harrington wins back-to-back majors with USPGA victory | US PGA | The Guardian",
        "content": "Golf: Harrington wins back-to-back majors with USPGA victory | US ...",
        "caption": "Padraig Harrington salutes the crowd on the final day at Oakland Hills. Photograph: Paul Childs/Action Images",
        "domain": "www.theguardian.com"
      },
      {
        "title": "Golf: Harrington wins back-to-back majors with USPGA victory | US PGA | The Guardian",
        "content": "Golf: Harrington wins back-to-back majors with USPGA victory | US ...",
        "caption": "Padraig Harrington salutes the crowd on the final day at Oakland Hills. Photograph: Paul Childs/Action Images",
        "domain": "www.theguardian.com"
      },
      {
        "title": "Golf: Harrington wins back-to-back majors with USPGA victory | US PGA | The Guardian",
        "content": "Golf: Harrington wins back-to-back majors with USPGA victory | US ...",
        "caption": "Padraig Harrington salutes the crowd on the final day at Oakland Hills. Photograph: Paul Childs/Action Images",
        "domain": "www.theguardian.com"
      }
    ],
    "result": {
      "verdict": true,
      "alignment_score": 80,
      "confidence_score": 8,
      "explanation": "The news image depicts Padraig Harrington saluting the crowd, consistent with the given caption \"Padraig Harrington salutes the crowd on the final day at Oakland Hills.\" The subject, with key visual elements including his posture, attire, and the action of holding up his cap, matches well with the reference images acquired from web searches regarding the caption. Harrington's white and black attire, which is prominently displayed in both the news and reference images, serves to reinforce the consistent identification of the subject. There are similarities in lighting across the images; however, the overall color saturation and sharpness in the news image suggest a possible processing difference. Furthermore, while all reference images seem to be dated from that 2008 event, the lack of specific timestamps in the news image could imply it has been extracted from a later context, yet still visually integrates with the event context provided in the caption. This context allows for a reasonable alignment despite some visual differences. Overall, while there are some minor discrepancies, the essential elements necessary to affirm the salutation and Harrington's appearance at the event have been retained.",
      "key_observations": [
        "Visual consistency in the action of raising the cap and saluting the crowd.",
        "Harrington's attire matches across images (white and black polo shirt).",
        "Similar lighting and background conditions in the reference images, but slight variation in color saturation in the news image.",
        "No significant signs of digital alteration or manipulation detected."
      ]
    }
  },
  "final_result": {
    "OOC": false,
    "confidence_score": 9,
    "explanation": "Both the internal and external checks indicate that the news caption accurately represents the image. The internal check has a confidence score of 9 and confirms the presence of Padraig Harrington saluting the crowd at Oakland Hills, aligning with the detected entities. The external check, with a confidence score of 8 and an alignment score of 80, corroborates this by comparing the news image with reference images and finding visual consistency in Harrington's actions and attire. Since both checks are in agreement and have high confidence/alignment scores, the caption is deemed not out of context.",
    "validation_summary": "Both internal and external checks confirm the caption's accuracy with high confidence and alignment scores, indicating that the image accurately represents the news caption."
  },
  "inference_time": 9.566202878952026
}