{
  "caption": "Kenneth Kummer s grandson gave him a Buzz Lightyear doll to help him get through his cancer treatments Cancer kills Kentuckians at the nation s highest rate",
  "ground_truth": true,
  "internal_check": {
    "visual_entities": [
      "Facial hair",
      "Dude",
      "Hair",
      "Face",
      ""
    ],
    "image_evidences": [],
    "result": {
      "confidence_score": 2,
      "explanation": "The news caption mentions \"Kenneth Kummer's grandson gave him a Buzz Lightyear doll\". However, the detected visual entities are limited to \"Facial hair\", \"Dude\", \"Hair\", \"Face\". There's no mention of a Buzz Lightyear doll or a grandson in the detected entities, indicating a mismatch. The confidence score is low due to the limited visual information available.",
      "verdict": false
    }
  },
  "external_check": {
    "text_evidences": [
      {
        "title": "Burden of lung cancer pushes Kentucky's cancer rates to nation's highest",
        "content": "Burden of lung cancer pushes Kentucky's cancer rates to nation's ...",
        "caption": "Allen McCowan hugs his wife, Shannon, as her uncle, Kerry Kummer consoles her in front of Shannon's father's grave at Crosswater Gardens. Her father, Kenneth Kummer, died in April after an 18-month battle with colon cancer.     October 31, 2015",
        "domain": "www.usatoday.com"
      },
      {
        "title": "Burden of lung cancer pushes Kentucky's cancer rates to nation's highest",
        "content": "Burden of lung cancer pushes Kentucky's cancer rates to nation's ...",
        "caption": "Allen McCowan hugs his wife, Shannon, as her uncle, Kerry Kummer consoles her in front of Shannon's father's grave at Crosswater Gardens. Her father, Kenneth Kummer, died in April after an 18-month battle with colon cancer.     October 31, 2015",
        "domain": "www.usatoday.com"
      },
      {
        "title": "Burden of lung cancer pushes Kentucky's cancer rates to nation's highest",
        "content": "Burden of lung cancer pushes Kentucky's cancer rates to nation's ...",
        "caption": "Allen McCowan hugs his wife, Shannon, as her uncle, Kerry Kummer consoles her in front of Shannon's father's grave at Crosswater Gardens. Her father, Kenneth Kummer, died in April after an 18-month battle with colon cancer.     October 31, 2015",
        "domain": "www.usatoday.com"
      },
      {
        "title": "Burden of lung cancer pushes Kentucky's cancer rates to nation's highest",
        "content": "Burden of lung cancer pushes Kentucky's cancer rates to nation's ...",
        "caption": "Allen McCowan hugs his wife, Shannon, as her uncle, Kerry Kummer consoles her in front of Shannon's father's grave at Crosswater Gardens. Her father, Kenneth Kummer, died in April after an 18-month battle with colon cancer.     October 31, 2015",
        "domain": "www.usatoday.com"
      },
      {
        "title": "Burden of lung cancer pushes Kentucky's cancer rates to nation's highest",
        "content": "Burden of lung cancer pushes Kentucky's cancer rates to nation's ...",
        "caption": "Allen McCowan hugs his wife, Shannon, as her uncle, Kerry Kummer consoles her in front of Shannon's father's grave at Crosswater Gardens. Her father, Kenneth Kummer, died in April after an 18-month battle with colon cancer.     October 31, 2015",
        "domain": "www.usatoday.com"
      }
    ],
    "result": {
      "verdict": false,
      "alignment_score": 20,
      "confidence_score": 7,
      "explanation": "The visual elements in the news image do not correlate with the context described in the caption. The news image depicts an elderly man, likely Kenneth Kummer, looking down at what appears to be his name badge, indicating a personal or professional moment. There is no prominent representation of either a Buzz Lightyear doll or the poignant emotional context associated with cancer treatment. In contrast, the reference images portray individuals gathered around a grave marker, presumably in mourning or remembrance, which is a significant emotional connection to the theme of loss related to cancer. \n\nThere are considerable differences in subjects, where the news image focuses on one individual inside, while the reference images display a group of people outdoors surrounding a gravesite. A significant aspect missing from the news image is the physical representation of familial support mentioned in the caption. \n\nTemporal consistency is also questionable; conditions in the news image resemble interior lighting without specific details pointing to a timeline that connects to the grave scenes depicted in the reference images. The lighting in the news image creates an intimate but isolated atmosphere, which contrasts sharply with the outside lighting seen in the reference images.\n\nOverall, the news imagery lacks relevance to the emotional theme and the objects described in the caption. Therefore, the image does not align well with the expectation based on the context of loss and support in the realm of cancer treatment.",
      "key_observations": [
        "The news image shows a solitary older man, while reference images depict multiple individuals surrounding a grave site.",
        "The emotional context of familial support in dealing with cancer is absent in the news image.",
        "Lighting in the news image is indoor and intimate; reference images show outdoor settings with overcast skies.",
        "No visible Buzz Lightyear doll or elements related to cancer support in the news image."
      ]
    }
  },
  "final_result": {
    "OOC": true,
    "confidence_score": 7,
    "explanation": "Both the internal and external checks indicate that the news caption is out of context. The internal check, although with a low confidence score of 2 due to limited visual information, finds a mismatch between the caption's mention of a 'Buzz Lightyear doll' and the detected visual entities. The external check, with a higher confidence score of 7 and an alignment score of 20, corroborates this by noting the absence of a 'Buzz Lightyear doll' or any elements related to cancer support in the news image. The external check also highlights a discrepancy in the image's context, depicting a solitary older man versus reference images showing groups of people at a grave site. Given the combined evidence and prioritizing the external check due to its higher confidence score, the caption is deemed out of context.",
    "validation_summary": "Both internal and external checks suggest the caption is out of context. The external check, which has higher confidence, confirms the absence of elements described in the caption within the image."
  },
  "inference_time": 15.07926607131958
}