{
  "caption": "British police officers specialising in family liaison have been sent to help Nigerian authorities",
  "ground_truth": true,
  "internal_check": {
    "visual_entities": [
      "Nigeria",
      "Iraq",
      "European Union",
      "France",
      "Syria",
      "Tunisia",
      "People smuggling",
      "Terrorism",
      "Philip Hammond",
      ""
    ],
    "image_evidences": [],
    "result": {
      "confidence_score": 8,
      "explanation": "The news caption mentions British police officers assisting Nigerian authorities. The news content confirms this, stating that Britain has sent a team, including Metropolitan Police officers, to Nigeria. The detected visual entities include 'Nigeria,' which aligns with the location mentioned in both the caption and the content. Other entities such as 'France' and 'Iraq' are mentioned in the news article, but not in the caption. Since the core elements of the caption (British police, Nigeria) are supported by the news content and detected entities, the caption is reasonably aligned with the visual context.",
      "verdict": true
    }
  },
  "external_check": {
    "text_evidences": [
      {
        "title": "West African leaders activate standby force to put pressure on junta in Niger | Niger | The Guardian",
        "content": "West African leaders activate standby force to put pressure on ...",
        "caption": "Nigeria's president, Bola Tinubu, at the Ecowas meeting in Abuja, Nigeria on Thursday 10 August. Support among Ecowas nations for military intervention in Niger appears to be fading.",
        "domain": "www.theguardian.com"
      }
    ],
    "result": {
      "verdict": false,
      "alignment_score": 25,
      "confidence_score": 6,
      "explanation": "The news image depicts a chaotic scene involving police officers and distressed individuals, indicating a moment of conflict or intervention. In contrast, the reference images retrieved from the web show a contained or formal event involving Nigerian authorities, specifically a government figure seated at an official function. The major visual disparity lies in the context and tone of the images; one portrays distress and action, while the other conveys a formal assembly, which is inconsistent with the mentioned involvement of British police in Nigeria as per the caption. Without any significant visual or contextual overlap, the news image fails to accurately represent the described event involving British police assisting Nigerian authorities. Though emotive and impactful, it does not align with the visual expectations derived from the news caption about police collaboration rather than confrontation. Additionally, temporal and spatial elements such as attire and setting suggest differing environments, further indicating a lack of consistency. Overall, while both images are significant in their own contexts, they do not cohesively portray the same event or narrative as suggested by the news caption.",
      "key_observations": [
        "The news image shows police officers engaged in a tense situation with visibly distressed individuals, lacking any direct connection to British police or Nigerian authorities.",
        "The reference images depict a political figure within a formal setting, which contrasts sharply with the emotional intensity of the news image.",
        "There are significant differences in the overall context: one image indicates conflict; the other, governmental proceedings.",
        "Temporal indicators such as attire, environment, and emotional expressions suggest that the images represent entirely different situations.",
        "No signs of digital manipulation were evident in the provided images, but the disparity in context raises concerns about the relevance of the news image in relation to the caption."
      ]
    }
  },
  "final_result": {
    "OOC": true,
    "confidence_score": 7,
    "explanation": "The internal check suggests the caption aligns with the news content. However, the external check, despite a lower confidence score, reveals a significant visual mismatch between the news image and reference images, indicating the news image doesn't accurately represent the event described in the caption. The external check describes a tense situation with distressed individuals in the news image versus a formal setting in reference images. Given this conflict and the strong evidence of visual dissimilarity provided by the external check, I prioritize the external check's conclusion. Thus, the caption is considered out of context. The internal check's focus on confirming the caption within the article, rather than validating the image's relevance, limits its value for image verification.",
    "validation_summary": "Internal check says caption is accurate based on the content, while external check finds a visual mismatch, indicating the image is out of context. The external check's conclusion is prioritized due to the visual dissimilarity."
  },
  "inference_time": 8.68553352355957
}