{
  "caption": "The Ordsall Chord railway link proposed by Network Rail",
  "ground_truth": true,
  "internal_check": {
    "visual_entities": [
      "Googleplex",
      "Google",
      "Campus",
      "Technology company",
      "Architecture",
      "Building",
      "Planning",
      "Headquarters",
      "Apple",
      "Business",
      "Mountain View",
      "bayview google campus"
    ],
    "image_evidences": [
      {
        "title": "Behemoth builder: Jonathan Ward, Tech HQ man - BBC News",
        "content": "",
        "caption": "NBBJ architects are working on Google's extended campus HQ in Mountain View, California",
        "domain": "www.bbc.com"
      }
    ],
    "result": {
      "confidence_score": 2,
      "explanation": "The news caption mentions \"The Ordsall Chord railway link proposed by Network Rail\". However, the provided image evidence shows \"Google's extended campus HQ in Mountain View, California\". There is no relationship between the news caption and the image content, therefore I have a low confidence score.",
      "verdict": false
    }
  },
  "external_check": {
    "text_evidences": [
      {
        "title": "Battle to save historic rail line that heralded the age of science | Rail transport | The Guardian",
        "content": "Battle to save historic rail line that heralded the age of science ...",
        "caption": "The Ordsall Chord railway link proposed by Network Rail.",
        "domain": "www.theguardian.com"
      }
    ],
    "result": {
      "verdict": false,
      "alignment_score": 40,
      "confidence_score": 6,
      "explanation": "The news image presented depicts an artistic rendering of a large, multi-story complex that doesn't appear directly related to the Ordsall Chord railway link proposed by Network Rail. In contrast, the reference images show a railway connection and its surrounding infrastructure, specifically involving train tracks and bridges, integral to the railway project's context. While both images can be seen as representing infrastructure projects in their respective domains, the actual subject matter diverges significantly. \nLighting and camera angles are different; the news image shows a brightly lit, landscaped area, whereas the reference images are more focused on urban setting and railway elements and lack similar environmental features. The spatial relationships differ as well: the news image displays a campus-like design with pedestrian pathways and green areas, while the reference images focus on railway layouts, connections, and related architecture. Furthermore, no direct evidence of digital manipulation was observed in either image; however, the relevance to the caption is seriously lacking in the news image. \nOverall, while the news image includes the element of infrastructure, it does not specifically align with or represent the narrative of the Ordsall Chord, and thus, it is assessed as misleading.",
      "key_observations": "- News image shows a complex unrelated to railway elements.\n- Reference images directly depict railway connections and infrastructure.\n- Lighting conditions and environmental depiction vary significantly.\n- Spatial relationships favor urban and railway context in reference images, lacking in the news image.\n- No signs of manipulation in either image, but context misalignment is significant."
    }
  },
  "final_result": {
    "OOC": true,
    "confidence_score": 8,
    "explanation": "Both internal and external checks indicate that the news caption is out of context with the presented image. The internal check has a low confidence score of 2, but its explanation is logically sound: there is no relationship between 'The Ordsall Chord railway link' and an image of 'Google's extended campus HQ'. The external check, which carries a higher confidence score of 6 and an alignment score of 40, strengthens this conclusion. It specifically notes the image depicts an artistic rendering of a large, multi-story complex unrelated to the Ordsall Chord railway link. Given the consistent findings and the higher confidence and alignment scores of the external check, it is reasonable to conclude that the caption is out of context.",
    "validation_summary": "Both internal and external checks agree the caption is out of context. The external check has higher confidence and a low alignment score, confirming the image does not depict the Ordsall Chord railway link."
  },
  "inference_time": 8.221211910247803
}