{
  "caption": "The Rosengard shopping centre in Malmo southern Sweden a city where immigration is a thorny issue",
  "ground_truth": false,
  "internal_check": {
    "visual_entities": [
      "Shopping Centre",
      "Rosengard",
      "Shopping",
      "Product",
      "Factory outlet shop",
      "Immigration",
      "Multiculturalism",
      "Deputy prime minister",
      "Malmo",
      "Malmo Municipality",
      "Sweden",
      "shopping mall"
    ],
    "image_evidences": [
      {
        "title": "Hardline Australia, confused Scandinavia and tense Russia: the global immigration picture | Migration | The Guardian",
        "content": "",
        "caption": "The Rosengard shopping centre in Malm, southern Sweden, a city where immigration is a thorny issue.",
        "domain": "www.theguardian.com"
      }
    ],
    "result": {
      "confidence_score": 10,
      "explanation": "The news caption discusses the Rosengard shopping centre in Malmo, southern Sweden, a city where immigration is a significant issue. The image evidence from The Guardian website shows the Rosengard shopping centre in Malmo, with the caption explicitly stating the same information. This confirms the visual entities detected (Shopping Centre, Rosengard, Malmo, Sweden, Immigration) align with the news caption and content. The image source, The Guardian, is a credible news organization. The image is used in its original context, supporting an article about global migration. Therefore, the image evidence directly supports the news caption.",
      "verdict": true
    }
  },
  "external_check": {
    "text_evidences": [
      {
        "title": "Hardline Australia, confused Scandinavia and tense Russia: the global immigration picture | Migration | The Guardian",
        "content": "Hardline Australia, confused Scandinavia and tense Russia: the ...",
        "caption": "The Rosengard shopping centre in Malm, southern Sweden, a city where immigration is a thorny issue.",
        "domain": "www.theguardian.com"
      },
      {
        "title": "Hardline Australia, confused Scandinavia and tense Russia: the global immigration picture | Migration | The Guardian",
        "content": "Hardline Australia, confused Scandinavia and tense Russia: the ...",
        "caption": "Would-be immigrants on a fence separating Morocco from the north African Spanish enclave of Melilla.",
        "domain": "www.theguardian.com"
      }
    ],
    "result": {
      "verdict": true,
      "alignment_score": 90,
      "confidence_score": 8,
      "explanation": "In analyzing the news image, which prominently features the Rosengard shopping center in Malmo, we see that it aligns visually and contextually with the reference images that were sourced using the corresponding caption. The central element, \"Rosengards Frisören,\" serves as a key identifier corroborating that the location is indeed the Rosengard shopping center. Both the news and reference images depict a similar perspective of the shopping area, emphasizing both the architecture and the items on display. The spatial relationships—namely the layout of stores and the positioning of people in the image—are consistent across all images.  \n\nThe lighting in both the news image and the reference images suggests the same time of day, as the bright indoor lighting appears similar, indicating that the images are likely taken around the same operational hours of the shopping center. This adds to the temporal consistency. \nAdditionally, while the first two images show slightly different perspectives and possibly differing angles, the overall environment remains accurate and consistent. \n\nRegarding potential manipulation, there are no evident signs of digital alteration in the images. They maintain quality and clarity that matches typical photographic standards, with no unusual artifacts or irregularities that would suggest they have been edited. \n\nWhile the third reference image diverges significantly in context—it shows individuals on a fence, not related to the shopping center—it does not directly contradict the core theme of immigration issues implied in the caption. Thus, despite visual differences, the first two images are coherent with the stated context, confirming that the imagery effectively supports the address of the immigration topic in relation to the Rosengard center.",
      "key_observations": [
        "The sign 'Rosengards Frisören' confirms location accuracy.",
        "Both the news and reference images depict the shopping center's interior with similar layouts.",
        "Lighting and time of day appear consistent across the first two images.",
        "No signs of digital manipulation are identified in the visual elements of the news image.",
        "Discrepancies in the third image relate to context but do not undermine the immigration topic presented in the news caption."
      ]
    }
  },
  "final_result": {
    "OOC": false,
    "confidence_score": 9,
    "explanation": "Both the internal and external checks indicate that the news caption accurately represents the image. The internal check has a confidence score of 10, confirming that the visual elements in the image (Rosengard shopping centre in Malmo) align with the news caption. The external check, with a confidence score of 8 and alignment score of 90, supports this by verifying that the image is consistent with reference images of the same location. The minor discrepancies noted in the external check (e.g., the third reference image showing individuals on a fence) do not contradict the core theme or the primary subject of the news caption. Therefore, based on the agreement between the two checks and their relatively high confidence scores, the caption is not out of context.",
    "validation_summary": "Both internal and external checks confirm the news caption accurately describes the image of the Rosengard shopping centre in Malmo. The image context aligns with the caption's focus on immigration issues in the area."
  },
  "inference_time": 11.69569444656372
}