{
  "caption": "Armed Swiss police officers stand guard on the roof of a hotel the day before the opening of the annual meeting of the World Economic Forum in Davos Switzerland",
  "ground_truth": true,
  "internal_check": {
    "visual_entities": [
      "Crime",
      "Law enforcement",
      "Fraud",
      "Halifax",
      "Hate crime",
      "Official",
      "Chief Executive Officer",
      "Bank of Scotland",
      "Law",
      "Facade",
      "Government Agency",
      "Antonio Horta-Osorio",
      "landmark"
    ],
    "image_evidences": [],
    "result": {
      "confidence_score": 7,
      "explanation": "The caption describes armed Swiss police officers guarding a hotel in Davos before the World Economic Forum. The detected entities include 'Law enforcement' which aligns with the description of police officers. However, the specific details like 'Swiss', 'armed', 'hotel', or 'roof' cannot be directly verified from the detected entities alone. Furthermore, elements such as 'World Economic Forum' are only alluded to through the context but not directly represented in the entities. The presence of 'Davos Switzerland' is also not directly represented in the detected entities, impacting completeness. Without more specific visual entity detections, a full validation is not possible.",
      "verdict": true
    }
  },
  "external_check": {
    "text_evidences": [
      {
        "title": "Can science be the solution if it is part of the problem? |  | The Guardian",
        "content": "Can science be the solution if it is part of the problem? | | The ...",
        "caption": "Armed Swiss police officers stand guard on the roof of a hotel the day before the opening of the annual meeting of the World Economic Forum in Davos, Switzerland. (AP Photo/Michel Euler, File).",
        "domain": "www.theguardian.com"
      },
      {
        "title": "Melanie Smallman | The Guardian",
        "content": "Melanie Smallman | The Guardian",
        "caption": "Armed Swiss police officers stand guard on the roof of a hotel the day before the opening of the annual meeting of the World Economic Forum in Davos, Switzerland. (AP Photo/Michel Euler, File).",
        "domain": "www.theguardian.com"
      },
      {
        "title": "Three BBC journalists questioned for using drone in Davos no-fly zone | BBC | The Guardian",
        "content": "Three BBC journalists questioned for using drone in Davos no-fly ...",
        "caption": "Armed Swiss police officers stand guard on the roof of a hotel the day before the opening of the World Economic Forum in Davos. Photograph: Michel Euler/AP",
        "domain": "www.theguardian.com"
      }
    ],
    "result": {
      "verdict": false,
      "alignment_score": 10,
      "confidence_score": 3,
      "explanation": "The news image does not align with the reference images based on the provided caption. The caption describes armed Swiss police officers standing guard on a hotel roof in Davos, Switzerland, in the context of the World Economic Forum. This implies a setting featuring identifiable police presence, security arrangements, and the iconic atmosphere of Davos during this event. However, the news image shows a different scene altogether, primarily featuring a building and a flag without any visible police presence or context surrounding the World Economic Forum. The reference images depict armed individuals in winter clothing on a rooftop with 'Davos' signage, which contrasts significantly with the news image that lacks the required elements. Furthermore, the lighting and season illustrated in the reference images suggest a winter context, while the news image appears incongruent with those characteristics. Therefore, due to these inconsistencies, the news image fails to represent the event or context pertinent to the caption.",
      "key_observations": "- News image lacks armed police presence or any individuals, contrary to the caption description.\n- Reference images clearly show individuals in winter attire, indicating an event atmosphere related to the World Economic Forum.\n- The news image focuses on a building without direct relevance to the specified events or context.\n- Temporal elements, such as season and activity, differ significantly between the news image and reference images."
    }
  },
  "final_result": {
    "OOC": true,
    "confidence_score": 7,
    "explanation": "The internal check suggests the caption is somewhat representative, although it mentions that specific details such as 'Swiss', 'armed', 'hotel', or 'roof' are not directly verifiable and the presence of 'Davos Switzerland' is also not directly represented in the entities. It gives a confidence score of 7. However, the external check definitively states that the news image does not align with the reference images based on the provided caption, with an alignment score of 10. The external check confidence score is only 3. Despite the low confidence of the external check, the alignment score indicates a mismatch. Since the caption describes armed police in Davos, and the external check indicates there are no police in the image, it is classified as out of context.",
    "validation_summary": "The internal check is somewhat positive. The external check shows a mismatch between the caption and the image. Prioritizing the alignment score, the image does not represent the caption."
  },
  "inference_time": 9.69871997833252
}