{
  "caption": "Waterloo Iowa Average winter temperature 213 F",
  "ground_truth": true,
  "internal_check": {
    "visual_entities": [
      "Statue",
      "Freezing",
      "Ice",
      "Snow",
      "Winter",
      "Chemistry",
      "Science",
      "statue"
    ],
    "image_evidences": [],
    "result": {
      "confidence_score": 1,
      "explanation": "The news caption mentions \"Waterloo Iowa Average winter temperature 213 F\". The detected visual entities are ['Statue', 'Freezing', 'Ice', 'Snow', 'Winter', 'Chemistry', 'Science', 'statue']. 213 F is not a freezing temperature and has no relationship to detected visual entities. The caption doesn't match the image's entities.",
      "verdict": false
    }
  },
  "external_check": {
    "text_evidences": [],
    "result": null
  },
  "final_result": {
    "OOC": true,
    "confidence_score": 10,
    "explanation": "The internal check, with a confidence score of 1, indicates that the news caption \"Waterloo Iowa Average winter temperature 213 F\" is out of context with the image content based on detected visual entities like 'Statue', 'Freezing', 'Ice', 'Snow', and 'Winter'. The stated temperature of 213 F is not related to freezing temperatures. The external check result is 'None', indicating a lack of external validation data. Therefore, relying on the strong negative result from the internal check, the caption is determined to be out of context.",
    "validation_summary": "The internal check strongly suggests the caption is out of context. The external check provides no data. Therefore, the caption is out of context."
  },
  "inference_time": 3.45447039604187
}