{
  "caption": "and Hamilton takes the lead as Rosberg has to take the escape road on Lap 28",
  "ground_truth": false,
  "internal_check": {
    "visual_entities": [
      "Auto racing",
      "Formula 1",
      "Race track",
      "Open-wheel car",
      "Racing",
      "Sports car racing",
      "Motorsport",
      "Race of Champions",
      "Car",
      "Endurance racing",
      "Formula racing",
      "Kart racing",
      "race track"
    ],
    "image_evidences": [],
    "result": {
      "confidence_score": 9,
      "explanation": "The caption describes a specific event in a Formula 1 race where Hamilton takes the lead because Rosberg has to take the escape road. The visual entities detected include 'Auto racing', 'Formula 1', 'Race track', 'Open-wheel car', 'Racing', 'Sports car racing', 'Motorsport', 'Race of Champions', 'Car', 'Endurance racing', 'Formula racing', 'Kart racing', and 'race track'. These entities are consistent with the event described in the caption, which occurs during a race. The presence of Formula 1 and related racing entities supports the caption's context. The caption aligns with the visual entities, suggesting that the image likely depicts a scene from a Formula 1 race where such an event could occur.",
      "verdict": true
    }
  },
  "external_check": {
    "text_evidences": [],
    "result": null
  },
  "final_result": {
    "OOC": false,
    "confidence_score": 9,
    "explanation": "The internal check, with a confidence score of 9, confirms that the caption accurately describes the image. It identifies visual entities consistent with a Formula 1 race, where Hamilton takes the lead due to Rosberg's escape. Since there's no external check provided, the internal check result is prioritized. Thus, the caption is deemed not out of context.",
    "validation_summary": "The internal check validates the caption's accuracy. No external check data is available."
  },
  "inference_time": 4.168648719787598
}