{
  "caption": "Preakness Stakes entrant Goldencents shakes off excess water during a early morning bath",
  "ground_truth": false,
  "internal_check": {
    "visual_entities": [
      "Preakness Stakes",
      "Horse",
      "The Kentucky Derby",
      "Belmont Stakes",
      "Triple Crown of Thoroughbred Racing",
      "Horse racing",
      "Stallion",
      "Racing",
      "Mare",
      "Orb",
      "Goldencents",
      "Halter",
      "Horse trainer",
      "Mane",
      "D. Wayne Lukas",
      "halter"
    ],
    "image_evidences": [],
    "result": {
      "confidence_score": 7,
      "explanation": "The news caption mentions 'Preakness Stakes', 'Goldencents', and a 'bath'. The detected visual entities include 'Preakness Stakes' and 'Goldencents', which aligns with the caption. The news content supports the context of the Preakness Stakes event. However, the specific action of 'shaking off excess water during an early morning bath' is not directly evident from the detected entities, but it is a reasonable scenario given the context of horse care at a racing event. Therefore, the caption seems plausible based on the detected entities and context.",
      "verdict": true
    }
  },
  "external_check": {
    "text_evidences": [
      {
        "title": "Saturday at the Preakness Stakes",
        "content": "Saturday at the Preakness Stakes",
        "caption": "Gary Stevens reacts with Oxbow after winning the 138th running of the Preakness Stakes at Pimlico race course.",
        "domain": "www.usatoday.com"
      },
      {
        "title": "Saturday at the Preakness Stakes",
        "content": "Saturday at the Preakness Stakes",
        "caption": "Jockey Gary Stevens holds the trophy with trainer D. Wayne Lukas after winning the 138th running of the Preakness Stakes at Pimlico race course.",
        "domain": "www.usatoday.com"
      },
      {
        "title": "Saturday at the Preakness Stakes",
        "content": "Saturday at the Preakness Stakes",
        "caption": "Gary Stevens reacts with Oxbow after winning the 138th running of the Preakness Stakes at Pimlico race course.",
        "domain": "www.usatoday.com"
      },
      {
        "title": "Saturday at the Preakness Stakes",
        "content": "Saturday at the Preakness Stakes",
        "caption": "Gary Stevens reacts with Oxbow after winning the 138th running of the Preakness Stakes at Pimlico race course.",
        "domain": "www.usatoday.com"
      },
      {
        "title": "Saturday at the Preakness Stakes",
        "content": "Saturday at the Preakness Stakes",
        "caption": "Gary Stevens reacts with Oxbow after winning the 138th running of the Preakness Stakes at Pimlico race course.",
        "domain": "www.usatoday.com"
      }
    ],
    "result": {
      "verdict": false,
      "alignment_score": 35,
      "confidence_score": 8,
      "explanation": "The news image depicts a horse (Goldencents) seemingly shaking off water, likely during an early morning bath, which aligns with the caption provided. However, upon comparing this with reference images from the Preakness Stakes, there are significant discrepancies. The key visual elements do not match adequately: the reference images feature a jockey and a decorated horse with floral arrangements, indicative of post-race celebrations, while the news image appears focused solely on the horse in a more isolated scenario, lacking the broader context of the Preakness event.  \n\nTemporal consistency raises concerns as well; the lighting in the news image suggests an early morning scene, while the reference images exude a celebratory event atmosphere occurring later in the day, featuring a crowd and dramatic flourishes typical of a high-profile race day.  \n\nRegarding spatial relationships, the news image does not include the types of background elements (such as a crowd, a racetrack, or decorations) present in the reference images, which are essential for conveying the grandeur of the Preakness Stakes. Further, the lighting and camera angle in the news image portray a stark reality contrasted with the festivity and celebratory lighting of the reference images. \n\nLastly, there are no obvious signs of digital manipulation in the news image, but it diverges from the expected context established by the caption. Therefore, while the core event involving the horse might be accurate, the portrayal is misleading due to the lack of appropriate contextual elements. Thus, it does not represent the event accurately as implied by the caption.",
      "key_observations": "- The news image focuses on a single horse shaking off water, lacking the broader context of the Preakness Stakes event.\n- Reference images show piled flowers on the horse and a jockey, indicating a celebratory atmosphere, while the news image does not have such elements.\n- Temporal inconsistencies as the news image suggests an early morning setting versus the mid-day atmosphere of the Preakness event in the reference images.\n- Lighting and camera angles differ significantly; the news image has a more isolated and sober disposition. \n- Overall, spatial relationships in the news image do not align with the broader scene shown in reference images."
    }
  },
  "final_result": {
    "OOC": true,
    "confidence_score": 8,
    "explanation": "The internal check suggests the caption is plausible, with a confidence score of 7, as the visual entities 'Preakness Stakes' and 'Goldencents' align with the caption's context. However, the external check, with a higher confidence score of 8 and a low alignment score of 35, indicates significant discrepancies between the news image and reference images of the Preakness Stakes. Specifically, the absence of key contextual elements like a jockey, floral decorations, and a crowd in the news image, coupled with temporal inconsistencies (early morning vs. mid-day) and differing spatial relationships, suggests the image is not representative of the Preakness Stakes event as implied by the caption. Therefore, the caption is considered out of context due to the significant visual discrepancies identified by the external check, which outweighs the initial plausibility suggested by the internal check.",
    "validation_summary": "The internal check finds the caption plausible, but the external check, with higher confidence, reveals that the image lacks key elements associated with the Preakness Stakes, indicating the caption is out of context."
  },
  "inference_time": 17.651580333709717
}