{
  "caption": "Pope Francis signs a guest book after visiting the Shrine of Solmoe",
  "ground_truth": true,
  "internal_check": {
    "visual_entities": [
      "CitizenM",
      "Pope",
      "pope"
    ],
    "image_evidences": [],
    "result": {
      "confidence_score": 10,
      "explanation": "The caption mentions 'Pope Francis' and 'Shrine of Solmoe'. The detected visual entities include 'Pope', 'pope', which aligns with the mention of Pope Francis. The news content also confirms Pope Francis' presence in Asia. Therefore, the caption accurately represents the visual content based on the detected visual entities.",
      "verdict": true
    }
  },
  "external_check": {
    "text_evidences": [
      {
        "title": "Pope Francis visits South Korea",
        "content": "Pope Francis visits South Korea",
        "caption": "Pope Francis, right, greets Ja Seung, a Head of the Jogye Order of Korean Buddhism, during a meeting with religious leaders prior to the start of a Mass of reconciliation at Seoul's main cathedral, in Seoul, South Korea, Monday, Aug. 18, 2014. (AP Photo/Korea Pool via Yonhap) KOREA OUT ORG XMIT: XSEL806",
        "domain": "www.usatoday.com"
      },
      {
        "title": "Pope Francis visits South Korea",
        "content": "Pope Francis visits South Korea",
        "caption": "Pope Francis waves before boarding his plane at Seoul Air Base in Seongnam on August 18, 2014.  Pope Francis hosted a mass for peace and reconciliation, urging the divided Koreas to unite as \"one family, one people\", before wrapping up his five-day visit to South Korea.  AFP PHOTO / POOLKim Hong-Ji/AFP/Getty Images ORIG FILE ID: 532528523",
        "domain": "www.usatoday.com"
      }
    ],
    "result": {
      "verdict": false,
      "alignment_score": 20,
      "confidence_score": 6,
      "explanation": "The news image depicts Pope Francis engaged in a personal, contemplative moment, closely interacting with a nativity scene while the reference images show him in various contexts of public appearances and formal settings. This discrepancy highlights a difference in activity and setting that is not aligned with the expected scene described in the caption. The reference images do not depict the Shrine of Solmoe or any associated guest book signing, which is the central activity indicated by the news caption. In addition, lighting and environment across the reference images reflect different contexts—some are outdoor events, while the news image is indoors with warmer lighting typical of a church setting. No manipulation signs were evident, but the news image does not capture the essence of the event described by the caption nor matches the visual context of the references. Therefore, it could mislead audiences about the nature of the Pope's visit to the Shrine of Solmoe.",
      "key_observations": "- News image shows Pope Francis with a nativity scene indoors, whereas reference images show public events and interactions with other individuals.\n- The lighting and ambience differ significantly; the news image suggests a more intimate, indoor setting compared to the varying environments in the references.\n- There is no visible indication of the Shrine of Solmoe or guest book in the news image, which are essential to the caption's context.\n- Overall activity in the news image contrasts with the described event of him signing a guest book."
    }
  },
  "final_result": {
    "OOC": true,
    "confidence_score": 8,
    "explanation": "The internal check suggests the caption aligns with the image content, noting the presence of 'Pope Francis'. However, the external check strongly indicates a mismatch. The external check, with a confidence score of 6 and an alignment score of 20, reveals that the image depicts Pope Francis with a nativity scene indoors, contrasting sharply with reference images showing public events. Crucially, the external check notes the absence of the Shrine of Solmoe and any guest book signing in the image, elements central to the caption. Given the significant discrepancies highlighted by the external check and the high confidence in its observations regarding the setting and activity, the caption is determined to be out of context. Although the internal check identified 'Pope Francis', it failed to consider the specific context of the Shrine and guest book signing. Therefore, the external check provides more decisive evidence.",
    "validation_summary": "Internal check suggests alignment based on the presence of Pope Francis, but the external check reveals a significant mismatch in setting and activity, indicating the absence of the Shrine of Solmoe and guest book signing. The external check's findings outweigh the internal check."
  },
  "inference_time": 16.589499473571777
}