{
  "caption": "Obama speaks from the lawn of the White House",
  "ground_truth": true,
  "internal_check": {
    "visual_entities": [
      "Plant",
      "Winter",
      "Tree",
      "Recreation",
      "Biology",
      "Science",
      "sky"
    ],
    "image_evidences": [],
    "result": {
      "confidence_score": 8,
      "explanation": "The caption states \"Obama speaks from the lawn of the White House\". The detected visual entities include 'Plant', 'Tree', 'sky', suggesting an outdoor setting that aligns with the mention of a \"lawn\". While the entities don't explicitly confirm it is the White House lawn, they do not contradict the caption either. Given the context provided by the article text, which mentions Obama's remarks on the White House lawn, and the outdoor-related entities detected, the caption appears to be consistent with the visual information. However, without explicit White House identifiers, the confidence score is not at its highest.",
      "verdict": true
    }
  },
  "external_check": {
    "text_evidences": [],
    "result": null
  },
  "final_result": {
    "OOC": false,
    "confidence_score": 8,
    "explanation": "The internal check, with a confidence score of 8, indicates that the caption \"Obama speaks from the lawn of the White House\" accurately represents the image. The detected visual entities such as 'Plant', 'Tree', and 'sky' suggest an outdoor setting consistent with a lawn. While the entities don't explicitly confirm it is the White House lawn, they don't contradict the caption. The news content further supports that Obama spoke from the White House lawn. No external check was performed. Therefore, based on the available evidence, the caption is not out of context.",
    "validation_summary": "The internal check suggests the caption is accurate, and no external check was performed to contradict this."
  },
  "inference_time": 4.097393751144409
}