{
  "caption": "Gareth Bale was made well aware of Real Madrid s quest for a 10th European Cup as soon as he signed",
  "ground_truth": true,
  "internal_check": {
    "visual_entities": [
      "Andy Carroll",
      "West Ham United F.C.",
      "Football player",
      "Liverpool F.C.",
      "England national football team",
      "Newcastle United F.C.",
      "Premier League",
      "Preston North End F.C.",
      "UEFA Euro 2012",
      "Player",
      "Sports league",
      "Chico",
      "Zbigniew Boniek",
      "Brendan Rodgers",
      "football player"
    ],
    "image_evidences": [],
    "result": {
      "confidence_score": 2,
      "explanation": "The detected entities consist of football players and teams. However, there is no mention of the '10th European Cup' or 'Real Madrid' in the detected visual entities. The caption discusses Gareth Bale's arrival at Real Madrid and the club's quest for the European Cup. Given that none of these key elements are directly represented by the detected entities, it is highly unlikely that the caption accurately reflects the visual content. Therefore, a low confidence score and a negative verdict are appropriate.",
      "verdict": false
    }
  },
  "external_check": {
    "text_evidences": [
      {
        "title": "Gareth Bale ready to fulfil Real Madrids desire for the dcima | Gareth Bale | The Guardian",
        "content": "Gareth Bale ready to fulfil Real Madrid's desire for the dcima ...",
        "caption": "Gareth Bale was made well aware of Real Madrid's quest for a 10th European Cup as soon as he signed. Photograph: Gonzalo Arroyo Moreno/Getty Images",
        "domain": "www.theguardian.com"
      },
      {
        "title": "Gareth Bale finds his groove as La Dcima beckons for Real Madrid | Champions League | The Guardian",
        "content": "Gareth Bale finds his groove as La Dcima beckons for Real Madrid ...",
        "caption": "Real Madrid's Gareth Bale is trying to live in the 'here and now' but is aware of the expectations at such a huge club. Photograph: Kieran  McManus/BPI/REX",
        "domain": "www.theguardian.com"
      },
      {
        "title": "Gareth Bale ready to fulfil Real Madrids desire for the dcima | Gareth Bale | The Guardian",
        "content": "Gareth Bale ready to fulfil Real Madrid's desire for the dcima ...",
        "caption": "Gareth Bale was made well aware of Real Madrid's quest for a 10th European Cup as soon as he signed. Photograph: Gonzalo Arroyo Moreno/Getty Images",
        "domain": "www.theguardian.com"
      },
      {
        "title": "Gareth Bale ready to fulfil Real Madrids desire for the dcima | Gareth Bale | The Guardian",
        "content": "Gareth Bale ready to fulfil Real Madrid's desire for the dcima ...",
        "caption": "Gareth Bale was made well aware of Real Madrid's quest for a 10th European Cup as soon as he signed. Photograph: Gonzalo Arroyo Moreno/Getty Images",
        "domain": "www.theguardian.com"
      }
    ],
    "result": {
      "verdict": false,
      "alignment_score": 10,
      "confidence_score": 6,
      "explanation": "The news image prominently features Andy Carroll, while the search references suggest a focus on Gareth Bale in a Real Madrid context regarding the European Cup. Carroll is shown from the back with his name displayed, which does not relate to Bale directly. The reference images exhibit Bale in a bright setting, usually in a Real Madrid kit with specific interactions or expressions that signify event participation. This mismatch highlights that the subjects in the images do not align, fundamentally misrepresenting the context of the caption about Bale's earlier career and his relationship with Real Madrid's European aspirations.",
      "key_observations": "- News image identifies Andy Carroll; context references Gareth Bale.\n- The reference images show Bale in action for Real Madrid.\n- Distinct environments: Carroll's photo is dark and sidelined, while Bale's images are cheery and focused.\n- No manipulation is noted, but alignment with the news caption is significantly lacking."
    }
  },
  "final_result": {
    "OOC": true,
    "confidence_score": 8,
    "explanation": "Both the internal and external checks indicate that the news caption is out of context with respect to the image. The internal check (confidence score 2) notes that the image content doesn't contain elements related to '10th European Cup' or 'Real Madrid,' as the caption suggests. The external check (confidence score 6, alignment score 10) corroborates this, identifying Andy Carroll in the news image while the caption and reference images focus on Gareth Bale and Real Madrid. Given the mismatch in subjects (Carroll vs. Bale) and context (unrelated image vs. Real Madrid's European aspirations), and relatively high alignment score, the caption is determined to be out of context. Although the confidence score for the internal check is low, the external check provides stronger evidence and confidence. The final decision is based on the combined evidence, prioritizing the more reliable external check.",
    "validation_summary": "Both internal and external checks agree that the caption is out of context. The image features Andy Carroll, while the caption discusses Gareth Bale and Real Madrid's European Cup aspirations. External check provides a higher confidence."
  },
  "inference_time": 9.909658193588257
}