{
  "caption": "Donald Trump speaks during a campaign rally in Naples Fla on Oct 23 2016",
  "ground_truth": true,
  "internal_check": {
    "visual_entities": [
      "First U.S. Presidential Debate",
      "United States",
      "United States presidential debates",
      "Basket of deplorables",
      "President of the United States",
      "Conservatism",
      "Presidential nominee",
      "Ron Paul",
      "speech"
    ],
    "image_evidences": [],
    "result": {
      "confidence_score": 7,
      "explanation": "The caption states \"Donald Trump speaks during a campaign rally in Naples Fla on Oct 23 2016\". The detected visual entities include 'President of the United States', 'speech', and 'Presidential nominee', which are consistent with the caption's description of Donald Trump at a campaign rally giving a speech. The news content also confirms Trump was campaigning and discusses events around that time. Therefore, the caption aligns with the detected visual entities and the provided news content.",
      "verdict": true
    }
  },
  "external_check": {
    "text_evidences": [
      {
        "title": "Trump and Clinton Running Opposite Campaigns When It Comes to Down-Ballot Races - ABC News",
        "content": "Trump and Clinton Running Opposite Campaigns When It Comes to Down ...",
        "caption": "",
        "domain": "abcnews.go.com"
      }
    ],
    "result": {
      "verdict": false,
      "alignment_score": 60,
      "confidence_score": 7,
      "explanation": "The news image depicts Donald Trump at a campaign rally, where he is visibly engaged in speaking to an audience. The reference images from the same event in Naples, FL, show varying aspects of his appearance and setting, but both reference images maintain context with campaign themes. However, there are notable visual discrepancies: 1. **Background and Lighting**: The first reference image shows a more controlled indoor lighting, while the news image appears to capture an outdoor rally characterized by natural light, suggesting different settings, which could misrepresent the event contextually. 2. **Attire and Presentation**: The news image presents Trump in a blue tie and suit without any campaign branding in the visible background. In contrast, the second reference image shows him wearing a campaign baseball cap and standing next to a podium with clear campaign signage, indicating a stronger campaign atmosphere in that reference. 3. **Action and Engagement**: The news image captures a moment with a close-up of Trump gesturing. The reference images display more distance from the subject, showing broader context with audience engagement which is lacking in the news image. 4. **Crowd Size and Composition**: One reference image highlights a more active crowd, in contrast to the less dynamic representation in the news image. These factors indicate a dissimilarity in setting, engagement, and overall campaign context. While there are similarities, the marked differences in image content and context signify the news image may not accurately represent the intended event. Thus, though visually somewhat connected, the news image ultimately fails to provide a faithful depiction of the rally described in the caption.",
      "key_observations": [
        "Trump's attire differs: news image shows a blue tie and no hat, whereas reference image features a campaign hat and red tie.",
        "Lighting conditions differ between the news image and references: the news image appears brighter compared to the outdoor setting references suggest.",
        "The stance and gestures in the news image are more focused and isolated, contrasting with the more expansive public engagement depicted in reference images.",
        "Reference images contain campaign elements like signs and a podium that the news image lacks, hinting at a less comprehensive event portrayal."
      ]
    }
  },
  "final_result": {
    "OOC": true,
    "confidence_score": 7,
    "explanation": "The internal check suggests the caption accurately represents the image (confidence: 7), based on visual entities matching the caption's description. However, the external check indicates the image does not accurately represent the event described in the caption due to differences in background, lighting, attire, and crowd engagement (alignment score: 60, confidence: 7). Given the discrepancies noted by the external check, and the roughly equivalent confidence scores, it is determined that the image is out of context. The news image fails to provide a faithful depiction of the rally described in the caption.",
    "validation_summary": "Internal check says caption is accurate; external check finds differences in lighting, attire and setting, indicating the image is out of context."
  },
  "inference_time": 11.570571422576904
}