{
  "caption": "The Custody of the Holy Land said it was not able to say where Fr Hanna and his parishioners were now",
  "ground_truth": false,
  "internal_check": {
    "visual_entities": [
      "Franciscans",
      "Syria",
      "Moustache M",
      "Custody of the Holy Land",
      "Friar",
      "Forehead",
      "Parish",
      "man"
    ],
    "image_evidences": [],
    "result": {
      "confidence_score": 7,
      "explanation": "The caption mentions the Custody of the Holy Land, which is also a detected entity. The caption discusses Fr Hanna and his parishioners, and entities like 'Friar', 'Parish' and 'man' are detected. The news content provides context for the caption, mentioning the abduction of a priest (Fr Hanna) and his parishioners. While the exact location of Fr Hanna and his parishioners as mentioned in the caption isn't directly visually verifiable from the detected entities, the presence of relevant entities supports the general context. There are no obvious contradictions. However, without visual confirmation of Fr Hanna or his parishioners in the image, confidence remains moderate.",
      "verdict": true
    }
  },
  "external_check": {
    "text_evidences": [],
    "result": null
  },
  "final_result": {
    "OOC": false,
    "confidence_score": 7,
    "explanation": "The internal check has a confidence score of 7 and indicates that the caption is likely not out of context, noting the presence of entities in the news content that support the caption. The external check result is 'None', meaning there's no external validation data to consider. Therefore, based solely on the available internal check data, the caption is deemed not out of context. There are no conflicting results, so no prioritization is needed. The primary limitation is the absence of external validation.",
    "validation_summary": "Internal check suggests the caption is not out of context; no external check data available."
  },
  "inference_time": 4.39354681968689
}