{
  "caption": "Chinese authorities paid a visit to Mercedes premises this week",
  "ground_truth": true,
  "internal_check": {
    "visual_entities": [
      "Auto show",
      "Beijing International Automotive Exhibition 2020",
      "Car",
      "BMW i8",
      "Electric vehicle",
      "Mercedes-Benz SLS AMG",
      "Geely",
      "Sport utility vehicle",
      "Concept car",
      "Motor vehicle",
      "Car dealership",
      "Electric car",
      "Auto China",
      "auto show"
    ],
    "image_evidences": [],
    "result": {
      "confidence_score": 7,
      "explanation": "The news caption mentions \"Chinese authorities paid a visit to Mercedes premises this week\". The detected visual entities include 'Mercedes-Benz SLS AMG', which supports the presence of Mercedes-Benz. However, there is no direct visual evidence of \"Chinese authorities\" or a \"visit\" in the detected entities. The other entities such as 'Auto show', 'BMW i8', 'Electric vehicle', 'Car', 'Geely', 'Sport utility vehicle', 'Concept car', 'Motor vehicle', 'Car dealership', 'Electric car', and 'auto show' do not directly contradict the caption, but they don't explicitly support it either. Without more specific visual cues related to the news caption, a definitive 'True' verdict cannot be given.",
      "verdict": false
    }
  },
  "external_check": {
    "text_evidences": [
      {
        "title": "Hull funeral home inquiry: CPS to consider charges in Legacy case",
        "content": "Hull funeral home inquiry: CPS to consider charges in Legacy case",
        "caption": "",
        "domain": "www.bbc.com"
      }
    ],
    "result": {
      "verdict": false,
      "alignment_score": 10,
      "confidence_score": 3,
      "explanation": "The news caption mentions a visit by Chinese authorities to Mercedes premises. The reference images retrieved based on this caption would likely depict either a Mercedes dealership, manufacturing site, or some related context involving Mercedes vehicles. The first image shows what appears to be a display of luxury cars (BMW) with a crowd, while the second image features a police vehicle that has a Mercedes badge parked outside a funeral director's shop. The visual subjects do not relate to Chinese authorities visiting a Mercedes location, and the brands differ entirely (BMW vs. Mercedes). There are no images present that show any interaction or relevant context indicating an official visit, which is crucial for alignment with the news caption. Thus, the images do not convey the intended context and differ significantly in terms of both content and relevance regarding the news caption.",
      "key_observations": "- News image features a BMW display, not Mercedes, contrasting the news caption. \n- Reference images (if any) would ideally show Mercedes vehicles or relevant premises. \n- No depiction of Chinese authorities visiting any automotive site, failing to represent the implied context. \n- Significant visual differences and contextual misalignment with provided images."
    }
  },
  "final_result": {
    "OOC": true,
    "confidence_score": 7,
    "explanation": "The internal check reports a confidence score of 7 and a verdict of False, noting the absence of visual evidence supporting \"Chinese authorities\" or a \"visit,\" while the presence of a 'Mercedes-Benz SLS AMG' supports the Mercedes aspect. The external check also returns a verdict of False with a confidence score of only 3, and an alignment score of 10, stating that the images do not show the visit by Chinese authorities to Mercedes-Benz premises. Given that both the internal and external checks indicate that the caption does not accurately represent the image, and considering the slightly higher confidence score of the internal check, I conclude that the caption is out of context (OOC = True). The confidence score is 7, reflecting the moderately strong agreement between the two checks and the limitations imposed by the available visual evidence.",
    "validation_summary": "Both internal and external checks indicate that the caption is out of context. The internal check found no visual evidence of 'Chinese authorities' or a 'visit', while the external check confirmed the absence of any visuals related to the claimed visit. The caption is therefore considered out of context."
  },
  "inference_time": 9.91866397857666
}