{
  "caption": "Sophie Bevan in Glyndebourne s current production of Saul",
  "ground_truth": true,
  "internal_check": {
    "visual_entities": [
      "Theatre",
      "Musical theatre",
      "Performance art",
      "Rock concert",
      "Concert",
      "Performing arts",
      "Glyndebourne",
      "Musical Instrument Accessory",
      "Art",
      "Creativity",
      "Rock",
      "stage"
    ],
    "image_evidences": [],
    "result": {
      "confidence_score": 9,
      "explanation": "The caption mentions \"Sophie Bevan in Glyndebourne's current production of Saul.\" The detected visual entities include 'Theatre', 'Musical theatre', 'Performance art', 'Concert', 'Performing arts', 'Glyndebourne', and 'stage', which are all consistent with a theatrical performance at Glyndebourne. The caption specifies the production as \"Saul\", which isn't directly detectable from the entities, but the entities are appropriate for such a production. Therefore, the caption accurately represents the visual content based on the detected entities. It is reasonable to assume Sophie Bevan is present in the image.",
      "verdict": true
    }
  },
  "external_check": {
    "text_evidences": [
      {
        "title": "Handel in Italy Vol I CD review  a dazzling disc from the Bevan siblings | George Frideric Handel | The Guardian",
        "content": "Handel in Italy Vol I CD review  a dazzling disc from the Bevan ...",
        "caption": "Sophie Bevan in Glyndebourne's current production of Saul. Photograph: Bill Cooper",
        "domain": "www.theguardian.com"
      }
    ],
    "result": {
      "verdict": false,
      "alignment_score": 25,
      "confidence_score": 6,
      "explanation": "The news image depicts a scene from the opera 'Saul' at Glyndebourne, featuring Sophie Bevan as a central performer, surrounded by a contemporary staging involving abstract lighting and props. In contrast, the reference image features a different singer in an entirely different setting, characterized by numerous candles and a dramatic, gothic aesthetic, which does not align with the modern visual style of the news image. The substantial difference in staging, including the use of lighting, costumes, and overall ambiance, indicates that the news image may not accurately represent the specific production of 'Saul' as suggested by the caption. Temporal aspects such as the mood, lighting, and seasonality are also inconsistent between the two images, suggesting they do not relate to the same event. Therefore, while the news image may accurately portray an opera scene, it does not correspond to the production referenced in the caption. Potential manipulation signs in the news image are minimal; however, the stark differences lead to the conclusion that the visual context is not preserved.",
      "key_observations": [
        "News image features a modern, abstract staging with blue lighting and a contemporary set.",
        "Reference image presents a different opera scene with gothic ambiance and candles, featuring a different singer with distinctly different costumes.",
        "The overall mood and thematic elements in both images are vastly different, suggesting they do not represent the same production or performance context.",
        "Lighting and staging styles are inconsistent; the news image does not show elements expected from a Glyndebourne production of 'Saul'."
      ]
    }
  },
  "final_result": {
    "OOC": true,
    "confidence_score": 7,
    "explanation": "The internal check suggests the caption accurately represents the image (confidence: 9), based on detected entities aligning with a theatrical performance at Glyndebourne. However, the external check contradicts this, indicating a low alignment score (25) and low confidence (6). The external check highlights significant differences in staging, lighting, costumes, and overall ambiance between the news image and a reference image, suggesting the news image does not correspond to the production referenced in the caption. Given the conflicting evidence, I prioritize the external check due to its specific analysis of visual elements related to the production. Therefore, the caption is likely out of context. The final confidence is moderate due to the conflicting results and relatively lower confidence score of the external check.",
    "validation_summary": "Internal check says caption is accurate; external check says it is not. Prioritizing external check due to mismatched visual elements."
  },
  "inference_time": 9.396970987319946
}