{
  "caption": "State Sen R Creigh Deeds then campaigning for attorney general introduces candidate for lieutenant governor Leslie Byrne right during a rally in 2005",
  "ground_truth": false,
  "internal_check": {
    "visual_entities": [
      "Job",
      "Veteran",
      "Diplomat M",
      "staff"
    ],
    "image_evidences": [],
    "result": {
      "confidence_score": 3,
      "explanation": "The news caption mentions State Sen R Creigh Deeds, Leslie Byrne and a rally in 2005. However, the detected visual entities only include 'Job', 'Veteran', 'Diplomat M', 'staff'. There's no direct correspondence between the entities mentioned in the caption and the detected visual entities. The detected entities do not allow us to confirm the event, people, or time mentioned in the caption. Thus, the caption does not align well with the detected visual entities.",
      "verdict": false
    }
  },
  "external_check": {
    "text_evidences": [],
    "result": null
  },
  "final_result": {
    "OOC": true,
    "confidence_score": 7,
    "explanation": "The internal check yielded a negative verdict (OOC=True) with a confidence score of 3. It stated that the visual entities ('Job', 'Veteran', 'Diplomat M', 'staff') do not correspond with the entities mentioned in the caption (State Sen R Creigh Deeds, Leslie Byrne, and a rally in 2005). The external check was not performed (None). Therefore, based on the available internal check evidence, the caption appears to be out of context. The confidence is moderate since no external check was performed.",
    "validation_summary": "The internal check indicates the caption is out of context as the detected visual entities do not align with the caption's description. No external check was available."
  },
  "inference_time": 3.779085636138916
}