{
  "caption": "President Barack Obama and his wife Michelle arrive in Oslo",
  "ground_truth": true,
  "internal_check": {
    "visual_entities": [
      "President of the United States",
      "Fiction",
      "Product",
      "Holiday",
      "Semiotics",
      "The Guardian",
      "Summer",
      "Sophistication",
      "Shelf",
      "Reading",
      "Seriousness",
      "Mark Lawson",
      ""
    ],
    "image_evidences": [
      {
        "title": "Obama's summer reading: shelf disclosures | Fiction | The Guardian",
        "content": "",
        "caption": "Bookish Barack ... President Obama and first lady Michelle Obama set off on Air Force One for their summer holiday at Marthas Vineyard.",
        "domain": "www.theguardian.com"
      }
    ],
    "result": {
      "confidence_score": 7,
      "explanation": "The news caption mentions President Barack Obama and his wife Michelle arriving in Oslo. The provided image evidence shows President Obama and Michelle Obama boarding Air Force One for their summer holiday, according to the image caption from The Guardian. While the image does feature the Obamas, it does not depict them in Oslo, nor does it relate to the Nobel Peace Prize ceremony mentioned in the news article. The image context is a summer holiday, not the Oslo event. Therefore, while the image includes relevant figures (the Obamas), it does not visually support the specific event described in the news caption (arrival in Oslo).",
      "verdict": false
    }
  },
  "external_check": {
    "text_evidences": [],
    "result": null
  },
  "final_result": {
    "OOC": true,
    "confidence_score": 7,
    "explanation": "The internal check reveals a mismatch between the news caption and the image content. The caption describes President and Michelle Obama arriving in Oslo, while the image shows them boarding Air Force One for their summer holiday. The internal check has a confidence score of 7 and deems the caption out of context. There is no external check to compare against. Therefore, based on the available evidence, the caption is considered out of context.",
    "validation_summary": "The internal check indicates a mismatch: caption mentions Oslo arrival, while image shows a summer holiday departure. No external check available."
  },
  "inference_time": 3.6108407974243164
}