{
  "caption": "Hillary Clinton delivers the keynote address at the 18th annual David N Dinkins Leadership and Public Policy Forum at Columbia University in New York on Wednesday",
  "ground_truth": false,
  "internal_check": {
    "visual_entities": [
      "Columbia University",
      "United States House Select Committee on Benghazi",
      "Orator",
      "Public policy",
      "Speech",
      "Public speaking",
      "Lecture",
      "Body camera",
      "David Dinkins",
      "public speaking"
    ],
    "image_evidences": [
      {
        "title": "USA TODAY",
        "content": "",
        "caption": "",
        "domain": "www.usatoday.com"
      }
    ],
    "result": {
      "confidence_score": 9,
      "explanation": "The news caption states that Hillary Clinton delivered the keynote address at the 18th annual David N Dinkins Leadership and Public Policy Forum at Columbia University in New York. The news content discusses her speech and the topics she covered. The image evidence from USA TODAY seems to show Hillary Clinton speaking at an event. The identified visual entities also align with the news content, such as 'Columbia University', 'David Dinkins', and 'public speaking'. The image is likely from a news source which improves credibility. The image is not manipulated, but may not depict the exact event mentioned. Overall, the image provides reasonable visual support for the news caption.",
      "verdict": true
    }
  },
  "external_check": {
    "text_evidences": [],
    "result": null
  },
  "final_result": {
    "OOC": false,
    "confidence_score": 9,
    "explanation": "The internal check, with a confidence score of 9, concludes that the news caption accurately represents the image. It notes the caption describes Hillary Clinton delivering a keynote address, and the news content supports this. Visual entities like 'Columbia University' and 'David Dinkins' align with the context. No external check was performed. Given the high confidence score of the internal check and the lack of conflicting external information, the caption is determined not to be out of context.",
    "validation_summary": "The internal check confirms the caption accurately represents the image content. No external check was available."
  },
  "inference_time": 3.7663211822509766
}