{
  "caption": "Clean graffiti depicting a solar farm outside the Department of Energy and Climate Change in London on 22 September 2015 in protest at cuts to solar subsidies",
  "ground_truth": false,
  "internal_check": {
    "visual_entities": [
      "Road surface",
      "C B I",
      "United Kingdom",
      "Daylighting",
      "Floor",
      "Facade",
      "Brickwork",
      "Confederation of British Industry",
      "Green economy",
      "Composite material",
      "Economy",
      "Cobblestone",
      "John Cridland",
      "floor"
    ],
    "image_evidences": [],
    "result": {
      "confidence_score": 7,
      "explanation": "The caption describes graffiti related to a solar farm and protests against solar subsidy cuts outside the Department of Energy and Climate Change in London. The detected visual entities include 'Green economy', 'Economy', and 'United Kingdom', which are broadly consistent with the theme of the caption. However, the entities do not directly confirm the presence of 'graffiti', 'solar farm', or the 'Department of Energy and Climate Change'. The presence of entities like 'John Cridland' and 'Confederation of British Industry' doesn't negate the caption but do not particularly support it either. Therefore, while some elements align, the lack of direct visual confirmation of key elements makes it only partially supported.",
      "verdict": false
    }
  },
  "external_check": {
    "text_evidences": [
      {
        "title": "UK risks missing its carbon targets, climate advisers warn | Climate Change Committee | The Guardian",
        "content": "UK risks missing its carbon targets, climate advisers warn ...",
        "caption": "Clean graffiti depicting a solar farm outside the Department of Energy and Climate Change in London, on 22 September 2015, in protest at cuts to solar subsidies.",
        "domain": "www.theguardian.com"
      },
      {
        "title": "UK risks missing its carbon targets, climate advisers warn | Climate Change Committee | The Guardian",
        "content": "UK risks missing its carbon targets, climate advisers warn ...",
        "caption": "Clean graffiti depicting a solar farm outside the Department of Energy and Climate Change in London, on 22 September 2015, in protest at cuts to solar subsidies.",
        "domain": "www.theguardian.com"
      },
      {
        "title": "UK risks missing its carbon targets, climate advisers warn | Climate Change Committee | The Guardian",
        "content": "UK risks missing its carbon targets, climate advisers warn ...",
        "caption": "Clean graffiti depicting a solar farm outside the Department of Energy and Climate Change in London, on 22 September 2015, in protest at cuts to solar subsidies.",
        "domain": "www.theguardian.com"
      },
      {
        "title": "UK risks missing its carbon targets, climate advisers warn | Climate Change Committee | The Guardian",
        "content": "UK risks missing its carbon targets, climate advisers warn ...",
        "caption": "Clean graffiti depicting a solar farm outside the Department of Energy and Climate Change in London, on 22 September 2015, in protest at cuts to solar subsidies.",
        "domain": "www.theguardian.com"
      }
    ],
    "result": {
      "verdict": true,
      "alignment_score": 85,
      "confidence_score": 8,
      "explanation": "The news image shows the entrance of the Department of Energy and Climate Change in London, with a notable pattern of graffiti in the form of clean, artistic designs on the pavement. This aligns with the caption describing a protest related to solar farm subsidies. All reference images depict the same subject—a view of the entrance to the Department—demonstrating the same visual composition. Each image shows similar elements, including the distinctive façade of the building and the markings on the ground, which appear to be consistent with the protest being referenced.",
      "key_observations": "- All images include the same building (Department of Energy and Climate Change) and show the same perspectives of the entrance.\n- Graffiti patterns closely match across all images, with some stating 'KEEPITORG,' affirming that the protest is visually represented.\n- Lighting conditions appear consistent with evening or early morning settings, aligning with the date (September 22, 2015).\n- Minor differences in shadows or brightness do not detract from the core context of the protest image.\n- No digital manipulation signs were detected; the visual integrity remains intact."
    }
  },
  "final_result": {
    "OOC": false,
    "confidence_score": 9,
    "explanation": "The internal and external checks provide conflicting results. The internal check has a confidence score of 7 and concludes the caption is only partially supported because visual entities do not directly confirm the presence of 'graffiti', 'solar farm', or the 'Department of Energy and Climate Change'. The external check, with a higher confidence score of 8, supports the caption, confirming the image shows the Department of Energy and Climate Change with graffiti related to solar farm subsidies. The external check's alignment score is 85. Given the higher confidence score and strong alignment score of the external check, the caption is deemed accurate. Therefore, the final verdict is that the caption is not out of context.",
    "validation_summary": "Internal and external checks conflict, but external check with higher confidence and alignment scores supports the caption's accuracy."
  },
  "inference_time": 16.071903705596924
}