{
  "caption": "People cheer as Democratic presidential candidate Bernie Sanders speaks after winning the Vermont primary on March 1",
  "ground_truth": false,
  "internal_check": {
    "visual_entities": [
      "Millennials",
      "Politics",
      "United States",
      "Generation Z",
      "History of the socialist movement in the United States",
      "socialismo millennial"
    ],
    "image_evidences": [],
    "result": {
      "confidence_score": 3,
      "explanation": "The news content discusses millennials and their views on socialism, referencing Bernie Sanders. However, the detected visual entities are quite broad and include terms like \"Millennials,\" \"Politics,\" and \"United States.\" The caption describes a scene of people cheering for Bernie Sanders after winning a primary. There's a loose connection because the content discusses millennials' views on Sanders, but the detected entities don't confirm the specific action (cheering, primary win) mentioned in the caption. Therefore, while the entities touch upon related themes, they don't directly validate the caption's claim.",
      "verdict": false
    }
  },
  "external_check": {
    "text_evidences": [
      {
        "title": "Former presidential candidate Bernie Sanders | CNN Politics",
        "content": "Former presidential candidate Bernie Sanders | CNN Politics",
        "caption": "Nam Y. Huh/AP",
        "domain": "www.cnn.com"
      }
    ],
    "result": {
      "verdict": false,
      "alignment_score": 40,
      "confidence_score": 6,
      "explanation": "The news image depicts a crowd of supporters, some of whom are holding signs that read \"A FUTURE TO BELIEVE IN,\" which aligns with Bernie Sanders' campaign themes and slogans. However, the reference images retrieved based on the caption illustrate Bernie Sanders speaking directly during a rally or event. The first image focuses on the audience's reaction; it does not show Sanders himself, unlike the reference images where he is the central figure. This indicates a mismatch in the main subjects of the images despite both reflecting moments from his campaign. In terms of temporal consistency, the images appear to share similar lighting conditions; however, the atmosphere conveyed is different—the news image captures excitement among supporters, while the reference image captures Sanders' moment of speech. There are no apparent digital manipulations in either image, but overall, the differences in focus and subjects lead to a judgement that the news image does not adequately represent the primary context suggested by the caption, which emphasizes Sanders' speech after a primary victory.",
      "key_observations": "- News image focuses on the audience expressing enthusiasm, while reference images center on Bernie Sanders speaking.\n- The sign content in the news image aligns with Sanders' campaign.\n- Lighting and composition vary; news image emphasizes crowd reaction, while reference images focus on the speaker.\n- No signs of digital manipulation in either image."
    }
  },
  "final_result": {
    "OOC": true,
    "confidence_score": 7,
    "explanation": "Both the internal and external checks indicate that the caption is potentially out of context. The internal check has a confidence score of 3 and concludes that while the news content discusses millennials and Bernie Sanders, the detected visual entities do not directly validate the caption's claim of 'people cheering for Bernie Sanders after winning the Vermont primary.' The external check, with a higher confidence score of 6 and an alignment score of 40, notes that the news image depicts a crowd expressing enthusiasm, but it doesn't show Bernie Sanders speaking directly, unlike the reference images. The external check concludes the image does not adequately represent the context suggested by the caption. Given the agreement between both checks and the moderate confidence scores, the caption is flagged as out of context.",
    "validation_summary": "Both internal and external checks suggest the caption is out of context. The internal check finds a loose connection, but doesn't validate caption. The external check finds the image doesn't represent Bernie Sanders speaking after a primary victory."
  },
  "inference_time": 12.170297384262085
}