{
  "caption": "Copper Kings Distillery in Louisville transformed six of steel boxes into a boutique cafe and visitors center",
  "ground_truth": true,
  "internal_check": {
    "visual_entities": [
      "Starbucks",
      "Coffee",
      "Starbucks Reserve",
      "Cafe",
      "Industry",
      "Coffee bean",
      "Lobster",
      "Manufacturing",
      "Chain store",
      "Factory",
      "Packaging and labeling",
      "Container",
      "industry"
    ],
    "image_evidences": [],
    "result": {
      "confidence_score": 8,
      "explanation": "The news caption describes Copper Kings Distillery in Louisville transforming six steel boxes into a boutique cafe and visitors center. The detected visual entities include 'Cafe' and 'Container'. The presence of 'Cafe' directly aligns with the caption. While the caption mentions 'steel boxes,' the detected entity 'Container' is a reasonable match, considering 'steel boxes' likely refer to shipping containers repurposed for the cafe. The news content supports the idea of shipping containers being used for commercial purposes like cafes. Therefore, the caption appears to accurately represent the visual content, increasing the confidence score.",
      "verdict": true
    }
  },
  "external_check": {
    "text_evidences": [
      {
        "title": "A second life for shipping containers",
        "content": "A second life for shipping containers",
        "caption": "Even coffee giant Starbucks has embraced the container trend, building modular stores from shipping containers like the drive-through and walk-up building in Northglenn, Colo., that's covered in reclaimed Wyoming snow fencing.",
        "domain": "www.usatoday.com"
      }
    ],
    "result": {
      "verdict": false,
      "alignment_score": 30,
      "confidence_score": 8,
      "explanation": "The news image depicts an interior space at Copper Kings Distillery, showcasing copper structures and distilling equipment, which aligns with the distilling theme suggested by the caption. However, the reference images primarily depict an exterior view of a Starbucks coffee shop, which is not relevant to the context described. Key visual elements expected from the caption, such as the transformation of steel boxes into a cafe, are absent from the reference images. Furthermore, the spatial environment and scale needed for a boutique cafe are not reflected in any of the reference images, as they focus on a commercial coffee franchise instead. There is no indication of manipulation in the news image, nor do the lighting or camera angles suggest inconsistency within the context of the distillery's interior. Thus, while the news image represents the Copper Kings Distillery, it does not align with the suggested content of the reference images, leading to a conclusion of potential misleading representation.\n\nOverall, despite the news image being contextually relevant to its caption, it contradicts the reference imagery sourced based on that caption, which reflects a different commercial setup. This discrepancy substantiates the determination that the news image is misleading in terms of its expected visual association with the reference images.",
      "key_observations": "- The news image features an interior of a distillery, while reference images show a Starbucks coffee shop exterior.\n- Visual elements like copper distilling equipment are specific to the distillery and do not align with any café depiction.\n- No lighting or temporal indicators suggest a consistent time of day between the images, as they exist in entirely different environments.\n- No signs of digital manipulation observed in the news image."
    }
  },
  "final_result": {
    "OOC": true,
    "confidence_score": 8,
    "explanation": "The internal check suggests the caption accurately reflects the image content, noting the presence of a 'Cafe' and 'Container' aligning with the description of steel boxes transformed into a boutique cafe. It assigned a confidence score of 8 and a 'True' verdict. However, the external check contradicts this, indicating that reference images depict a Starbucks, which is inconsistent with the distillery setting in the news image. The external check's key observation highlights that the news image features an interior of a distillery with copper distilling equipment, while the reference images focus on a Starbucks coffee shop exterior. This mismatch led to a 'False' verdict and an alignment score of 30. Given the conflicting results, but similar confidence scores, I am giving higher consideration to the external check due to its concrete observation of the reference images showing a completely different commercial setting (Starbucks) than the distillery described and implied in the caption (boutique cafe). This discrepancy is critical. Therefore, the caption is considered out of context.",
    "validation_summary": "Internal check says caption is accurate. External check indicates the image does not align with reference images of a Starbucks coffee shop, suggesting the caption is misleading."
  },
  "inference_time": 10.832685232162476
}