{
  "caption": "There was no commitment to abstain from eastern Nato enlargement following Soviet troop withdrawals in 1991",
  "ground_truth": false,
  "internal_check": {
    "visual_entities": [
      "Cold War",
      "Fall of the Berlin Wall",
      "Moscow",
      "The Global Chancellor: Helmut Schmidt and the Reshaping of the International Order",
      "Berlin Wall",
      "NATO",
      "History",
      "Kristina Spohr",
      "Russia",
      "Germany",
      "militia"
    ],
    "image_evidences": [
      {
        "title": "Christopher Clark | The Guardian",
        "content": "",
        "caption": "Soviet tanks await shipment from Rostov, Germany, in 1991",
        "domain": "www.theguardian.com"
      },
      {
        "title": "Kristina Spohr | The Guardian",
        "content": "",
        "caption": "Soviet tanks await shipment from Rostov, Germany, in 1991",
        "domain": "www.theguardian.com"
      },
      {
        "title": "Moscows account of Nato expansion is a case of false memory syndrome | Christopher Clark and Kristina Spohr | The Guardian",
        "content": "",
        "caption": "There was no commitment to abstain from eastern Nato enlargement following Soviet troop withdrawals in 1991 Photograph: Sven Creutzmann/Mambo photo/Getty Images",
        "domain": "www.theguardian.com"
      }
    ],
    "result": {
      "confidence_score": 10,
      "explanation": "The news caption states that there was no commitment to abstain from eastern Nato enlargement following Soviet troop withdrawals in 1991. The image evidences provided show 'Soviet tanks awaiting shipment from Rostov, Germany, in 1991' which directly relates to Soviet troop withdrawals in 1991 as stated in the news caption. All three images are from the same credible source: The Guardian. The images are used in their original context. There are no signs of visual manipulation.",
      "verdict": true
    }
  },
  "external_check": {
    "text_evidences": [
      {
        "title": "Moscows account of Nato expansion is a case of false memory syndrome | Christopher Clark and Kristina Spohr | The Guardian",
        "content": "Moscow's account of Nato expansion is a case of false memory ...",
        "caption": "There was no commitment to abstain from eastern Nato enlargement following Soviet troop withdrawals in 1991 Photograph: Sven Creutzmann/Mambo photo/Getty Images",
        "domain": "www.theguardian.com"
      },
      {
        "title": "Moscows account of Nato expansion is a case of false memory syndrome | Christopher Clark and Kristina Spohr | The Guardian",
        "content": "Moscow's account of Nato expansion is a case of false memory ...",
        "caption": "There was no commitment to abstain from eastern Nato enlargement following Soviet troop withdrawals in 1991 Photograph: Sven Creutzmann/Mambo photo/Getty Images",
        "domain": "www.theguardian.com"
      }
    ],
    "result": {
      "verdict": true,
      "alignment_score": 90,
      "confidence_score": 9,
      "explanation": "The news image closely resembles the reference images in composition and visual elements, depicting a scene with tanks and a ship in the background. The central figure wearing military attire is consistent across the images. The temporal elements such as lighting, weather conditions, and the season appear aligned, indicating that all images likely depict the same moment or setting. The tanks and the ship are key elements that signify the context related to the Soviet troop withdrawals and NATO enlargement, supporting the verification of the news caption. Minimal differences, such as slight variations in colors and shadows, do not detract from the overall contextual integrity. Therefore, while there are visual differences, the news image remains representative of the event described in the caption.",
      "key_observations": "- The central figure appears consistently across all images, suggesting the same individual. \n- The tanks are identical in appearance, solidifying the scene’s authenticity. \n- The ship in the background maintains a consistent presence across all three images. \n- Lighting conditions (overcast and muted) are similar across the images, supporting the authenticity of the timeframe. \n- Minor discrepancies in color saturation and contrast are present but do not affect the contextual representation."
    }
  },
  "final_result": {
    "OOC": false,
    "confidence_score": 9,
    "explanation": "Both the internal and external checks indicate that the news caption accurately represents the image. The internal check has a confidence score of 10 and confirms the caption's description of Soviet troop withdrawals in 1991 aligns with the image content. The external check, with a confidence score of 9 and an alignment score of 90, also supports the caption, noting visual similarities between the news image and reference images, and highlighting key elements like tanks and the ship, which relate to Soviet troop withdrawals and NATO enlargement. Since both checks agree and have high confidence and alignment scores, it's reasonable to conclude the caption is not out of context. There are no conflicting results.",
    "validation_summary": "Both internal and external checks confirm the caption accurately represents the image content, with high confidence and alignment scores."
  },
  "inference_time": 9.578497409820557
}