{
  "caption": "Daniel DayLewis wins the Oscar for best actor for his role in Lincoln",
  "ground_truth": false,
  "internal_check": {
    "visual_entities": [
      "Musician",
      "Brass instrument",
      "Speech",
      "Public speaking",
      "Outerwear / M",
      "Gentleman",
      "Tuxedo M.",
      "Performance M",
      "Artist",
      "Brass",
      "Public",
      "gentleman"
    ],
    "image_evidences": [],
    "result": {
      "confidence_score": 2,
      "explanation": "The news caption mentions Daniel DayLewis winning an Oscar for his role in Lincoln. However, the detected visual entities describe general categories such as 'Musician', 'Brass instrument', 'Speech', 'Public speaking', 'Outerwear / M', 'Gentleman', 'Tuxedo M.', 'Performance M', 'Artist', 'Brass', 'Public', 'gentleman' that do not directly support or relate to the information in the caption. There is no specific entity detected that confirms the presence of Daniel Day-Lewis or an Oscar award ceremony, or any link to the movie Lincoln. Therefore, based solely on the detected entities, the caption cannot be verified. Confidence is low because entity detection is not precise enough to link to the claim in the caption.",
      "verdict": false
    }
  },
  "external_check": {
    "text_evidences": [
      {
        "title": "Lincoln secures Daniel Day-Lewis a record third best actor Oscar | Film | The Guardian",
        "content": "Lincoln secures Daniel Day-Lewis a record third best actor Oscar ...",
        "caption": "Hat trick  Daniel Day-Lewis's portrayal of Lincoln wins him his third Oscar",
        "domain": "www.theguardian.com"
      },
      {
        "title": "The madness of Daniel Day-Lewis  a unique Method that has led to a deserved third Oscar | The Independent | The Independent",
        "content": "The madness of Daniel Day-Lewis  a unique Method that has led to ...",
        "caption": "From left: Daniel Day Lewis wins Award for My Left Foot (1990), There Will Be Blood (2008) and Lincoln (2013)",
        "domain": "www.independent.co.uk"
      }
    ],
    "result": {
      "verdict": true,
      "alignment_score": 80,
      "confidence_score": 8,
      "explanation": "The news image of Daniel Day-Lewis receiving an Oscar aligns well with expectations based on the caption, which states he won the Oscar for Best Actor for his role in \"Lincoln.\" The referenced images primarily focus on Daniel Day-Lewis either in character as Lincoln or capturing him in earlier award ceremonies where he received his Oscars. Key visual elements such as Daniel Day-Lewis holding the Oscar, dressed in formal attire, and the ceremonial backdrop are consistent between the news image and gathered reference images. Temporal indicators such as lighting suggest a similar time of day, reflecting award ceremony aesthetics. While minor differences in facial expressions or camera angles exist, they do not undermine the image's context or authenticity. Overall, despite slight visual variations, the representation of Daniel Day-Lewis winning an Oscar is accurately portrayed. Therefore, the core context remains aligned, affirming the integrity of the news image.",
      "key_observations": "- The news image features Daniel Day-Lewis holding an Oscar, matching the context of the news caption.\n- Daniel Day-Lewis's attire and posture reflect a formal award ceremony, consistent with reference images from past Oscars.\n- Temporal elements like lighting are consistent, resembling an award stage ambiance.\n- Differences in facial expressions or angles are present, but they do not significantly impact the image's portrayal of the event.\n- No evident signs of digital manipulation detected."
    }
  },
  "final_result": {
    "OOC": false,
    "confidence_score": 9,
    "explanation": "The internal check yielded a negative verdict with low confidence due to limitations in entity recognition. Specifically, it couldn't definitively link the visual entities to Daniel Day-Lewis or the Oscar award ceremony mentioned in the caption. However, the external check provided a positive verdict with high confidence and an alignment score of 80. It confirmed that the news image does indeed feature Daniel Day-Lewis holding an Oscar, consistent with the caption's claim. Given the higher confidence score and positive alignment from the external check, the caption is considered to accurately represent the image. Therefore, the final verdict is that the caption is not out of context.",
    "validation_summary": "Internal check was inconclusive. External check confirms the caption's accuracy with high confidence, showing Daniel Day-Lewis with an Oscar."
  },
  "inference_time": 13.018714904785156
}