{
  "caption": "Inspired by incense Sheela Gowda s Collateral Documenta 12 Kassel at the Therein and Besides exhibition Iniva",
  "ground_truth": false,
  "internal_check": {
    "visual_entities": [
      "Sheela Gowda: Therein & Besides",
      "Artist",
      "Art",
      "Drawing",
      "Solomon R. Guggenheim Museum",
      "Peggy Guggenheim Collection",
      "Illustration",
      "Cover art",
      "Design",
      "Incense",
      "Idea",
      "Sheela Gowda",
      "Simryn Gill",
      "wood"
    ],
    "image_evidences": [
      {
        "title": "Artist of the week 123: Sheela Gowda | Art and design | The Guardian",
        "content": "",
        "caption": "Common touch ... Sheela Gowda's Of All People, part of her Therein and Besides exhibition at Iniva, London",
        "domain": "www.theguardian.com"
      }
    ],
    "result": {
      "confidence_score": 9,
      "explanation": "The news caption refers to Sheela Gowda's 'Collateral, Documenta 12, Kassel' exhibition, which took place at Iniva as part of the 'Therein and Besides' exhibition. The provided image evidence shows a work by Sheela Gowda titled 'Of All People' displayed at the 'Therein and Besides' exhibition at Iniva. While the specific artwork mentioned in the news caption ('Collateral') isn't directly visible in the image, the image confirms that Sheela Gowda did indeed have work exhibited at the Iniva as described. The image comes from a credible source (The Guardian). The entities detected in the image, such as 'Artist,' 'Art,' 'Drawing,' and 'Sheela Gowda,' align with the news content. The context of the image supports the news by showing her work at the Iniva. Overall, the image evidence provides reasonable support for the news caption, even if not directly showing the specific piece mentioned.",
      "verdict": true
    }
  },
  "external_check": {
    "text_evidences": [
      {
        "title": "Artist of the week 123: Sheela Gowda | Art and design | The Guardian",
        "content": "Artist of the week 123: Sheela Gowda | Art and design | The Guardian",
        "caption": "Inspired by incense ... Sheela Gowda's Collateral, Documenta 12, Kassel, at the Therein and Besides exhibition, Iniva.  Photograph: Egbert Trogemann",
        "domain": "www.theguardian.com"
      },
      {
        "title": "Artist of the week 123: Sheela Gowda | Art and design | The Guardian",
        "content": "Artist of the week 123: Sheela Gowda | Art and design | The Guardian",
        "caption": "Common touch ... Sheela Gowda's Of All People, part of her Therein and Besides exhibition at Iniva, London",
        "domain": "www.theguardian.com"
      },
      {
        "title": "Artist of the week 123: Sheela Gowda | Art and design | The Guardian",
        "content": "Artist of the week 123: Sheela Gowda | Art and design | The Guardian",
        "caption": "Common touch ... Sheela Gowda's Of All People, part of her Therein and Besides exhibition at Iniva, London",
        "domain": "www.theguardian.com"
      },
      {
        "title": "Artist of the week 123: Sheela Gowda | Art and design | The Guardian",
        "content": "Artist of the week 123: Sheela Gowda | Art and design | The Guardian",
        "caption": "Common touch ... Sheela Gowda's Of All People, part of her Therein and Besides exhibition at Iniva, London",
        "domain": "www.theguardian.com"
      },
      {
        "title": "Artist of the week 123: Sheela Gowda | Art and design | The Guardian",
        "content": "sheela-gowda-therein-and--003. ...",
        "caption": "Common touch ... Sheela Gowda's Of All People, part of her Therein and Besides exhibition at Iniva, London",
        "domain": "www.theguardian.com"
      }
    ],
    "result": {
      "verdict": false,
      "alignment_score": 45,
      "confidence_score": 6,
      "explanation": "The news image depicts a series of arranged pieces that resemble ceramic tiles with charred surfaces, linking to the artistic style implied in the caption. However, the reference images return to a more complex exhibition space featuring sculptures and various colored elements, which are distinctly different from the material aesthetic displayed in the news image. While the news image could imply an interpretation related to the artist Sheela Gowda, it does not visually resemble or reference the primary artworks displayed in the retrieved reference images. Thus, despite some thematic connections of materiality and artistic creation, there is a significant mismatch in visual specifics and thematic execution between the news image and the reference images. This leads to the conclusion that the news image may not accurately represent the context implied by the caption.",
      "key_observations": [
        "News image features stylized ceramic or crafted pieces that show signs of burning, which connects loosely to artistic themes.",
        "Reference images present a broader exhibition environment with sculptures and vibrant objects, not represented in the news image.",
        "Significant differences in composition and subject; the news image lacks the diversity of elements observed in reference images.",
        "Temporal observations such as lighting and the art installation styles vary significantly across images."
      ]
    }
  },
  "final_result": {
    "OOC": true,
    "confidence_score": 7,
    "explanation": "The internal check suggests the caption is accurate (confidence score: 9), stating the image shows Sheela Gowda's work at the Iniva exhibition, though not necessarily the specific piece mentioned in the caption. However, the external check indicates a mismatch (alignment score: 45, confidence score: 6) between the news image and reference images of Sheela Gowda's work, suggesting the news image may not accurately represent the context implied by the caption. Given the conflicting results and relatively close confidence scores, it's difficult to definitively determine if the caption is completely accurate. However, the external check raises significant concerns about the visual representation, indicating that the image does not align with typical depictions of Gowda's work. Since the external check's confidence is non-negligible and there is disagreement, the caption is more likely out of context. I am prioritizing the external validation since it compares the image against external representations of the artist's work to give a more thorough perspective.",
    "validation_summary": "Internal check finds reasonable support for the caption. External check finds a mismatch between the image and reference images of the artist's work. The external check is prioritized."
  },
  "inference_time": 11.84145736694336
}