{
  "caption": "Taylor Swift at the Jingle Bell Ball in Los Angeles",
  "ground_truth": true,
  "internal_check": {
    "visual_entities": [
      "Taylor Swift",
      "American Music Awards of 2014",
      "Blank Space",
      "Award",
      "Jack Antonoff",
      "2014",
      "Music award",
      "Live From the Red Carpet: The 2014 American Music Awards",
      "Folk music",
      "Model",
      "American Music Awards",
      "Blank Space",
      "ama 2014 taylor swift"
    ],
    "image_evidences": [],
    "result": {
      "confidence_score": 6,
      "explanation": "The news caption mentions \"Taylor Swift at the Jingle Bell Ball in Los Angeles.\" The detected visual entities include \"Taylor Swift\" but also mentions \"American Music Awards of 2014\" and \"ama 2014 taylor swift.\" Since the detected entities primarily refer to the American Music Awards and not the Jingle Bell Ball, and there is no visual evidence of the Jingle Bell Ball, it is difficult to confirm the caption's accuracy. The entities related to Taylor Swift are relevant, but the context of 'Jingle Bell Ball' is not supported by the provided visual entities, leading to uncertainty. Therefore, a moderate confidence score is assigned.",
      "verdict": false
    }
  },
  "external_check": {
    "text_evidences": [],
    "result": null
  },
  "final_result": {
    "OOC": true,
    "confidence_score": 6,
    "explanation": "The internal check, with a confidence score of 6, indicates that the caption \"Taylor Swift at the Jingle Bell Ball in Los Angeles\" does not accurately represent the image content. The internal check detected visual entities related to Taylor Swift but specifically mentions the \"American Music Awards of 2014\" and \"ama 2014 taylor swift,\" suggesting the image is from the American Music Awards rather than the Jingle Bell Ball. Since there's no external check available, we rely solely on the internal check. The absence of visual evidence supporting the 'Jingle Bell Ball' context leads to the conclusion that the caption is out of context. The final confidence score mirrors the internal check's confidence, reflecting the limited data.",
    "validation_summary": "The internal check suggests the image is from the American Music Awards, not the Jingle Bell Ball, leading to the conclusion that the caption is out of context. No external check was available."
  },
  "inference_time": 4.267959356307983
}