{
  "caption": "Australia rugby player Kurtley Beale",
  "ground_truth": true,
  "internal_check": {
    "visual_entities": [
      "Team sport",
      "Championship",
      "Competition",
      "Athlete",
      "Player",
      "Product",
      "Ball",
      "Team",
      "player"
    ],
    "image_evidences": [],
    "result": {
      "confidence_score": 7,
      "explanation": "The news caption mentions \"Australia rugby player Kurtley Beale\". The detected visual entities include 'Team sport', 'Athlete', and 'Player', which are consistent with the caption. However, there is no specific indication of Kurtley Beale or Australia in the detected entities. The news content discusses Jonah Lomu. Because the visual entities suggest a rugby context, and the caption mentions a rugby player, there is a partial alignment. However, the absence of specific identification for Kurtley Beale lowers the confidence.",
      "verdict": false
    }
  },
  "external_check": {
    "text_evidences": [
      {
        "title": "Kurtley Beale to return to Waratahs at end of English rugby season | Kurtley Beale | The Guardian",
        "content": "Kurtley Beale to return to Waratahs at end of English rugby season ...",
        "caption": "Kurtley Beale is to leave English club Wasps within months to return to Australia.",
        "domain": "www.theguardian.com"
      },
      {
        "title": "Kurtley Beale: Australian rugby player charged over alleged sexual assault",
        "content": "Kurtley Beale: Australian rugby player charged over alleged sexual ...",
        "caption": "Kurtley Beale has played more than 90 games for the Wallabies",
        "domain": "www.bbc.com"
      },
      {
        "title": "Kurtley Beales Wallabies comeback in doubt due to serious injury | Australia rugby union team | The Guardian",
        "content": "Kurtley Beale's Wallabies comeback in doubt due to serious injury ...",
        "caption": "Kurtley Beale has been dealt a blow days after being recalled to the Wallabies squad after suffering a suspected Achilles injury.",
        "domain": "www.theguardian.com"
      },
      {
        "title": "Kurtley Beale: Veteran returns in Wallabies squad to face Wales - BBC Sport",
        "content": "Kurtley Beale: Veteran returns in Wallabies squad to face Wales ...",
        "caption": "Kurtley Beale has won 95 caps for Australia playing at full-back, wing, centre and outside-half",
        "domain": "www.bbc.com"
      },
      {
        "title": "Memorable moments of 2013: Kurtley Beale slips to gift Lions the first Test | Rugby union | The Guardian",
        "content": "Memorable moments of 2013: Kurtley Beale slips to gift Lions the ...",
        "caption": "Australia's Kurtley Beale slips and misses the penalty which would have won the first Test against the British & Irish Lions.  Photograph: Chris Hyde/Getty Images",
        "domain": "www.theguardian.com"
      }
    ],
    "result": {
      "verdict": false,
      "alignment_score": 35,
      "confidence_score": 7,
      "explanation": "The news image depicts an Australia rugby player (Kurtley Beale) in a training setting, showcasing a casual appearance, wearing a training jersey. The reference images, however, present diverse scenarios including competitive gameplay, formal portraits, and different jerseys specific to various events. The news image captures Beale in a moment of interaction with another player, while the references focus more on his on-field performance and formal team attire, differing from the casual training environment shown in the news image. \n\nThe temporal indicators also show inconsistency; the lighting in the news image suggests a cloudy day, typical for a training session, while several reference images are captured under varying lighting conditions including bright sunlight during matches. The hairstyles and subtle features, such as tattoos and jersey designs, do match at times, particularly in terms of Beale's facial characteristics and physique; however, the overall visual context diverges significantly.\n\nSubject-wise, the news image contains another player, which might confuse the context if the focus is intended solely on Beale. Overall, while the news image represents Beale, it does not align closely with the essence or context reflected in the reference images, primarily emphasizing different settings and appearances.",
      "key_observations": [
        "The news image depicts a casual environment with Beale in training attire, while reference images show him in match attire and formal settings.",
        "Different contexts of training (in news) vs. professional games or official sessions (in references).",
        "Lighting and environmental conditions vary, suggesting contrasting times and purposes for the images.",
        "Physical features are somewhat consistent, but the overall context creates a significant difference in narrative."
      ]
    }
  },
  "final_result": {
    "OOC": true,
    "confidence_score": 7,
    "explanation": "The internal and external checks both indicate that the caption is potentially out of context, although neither provides overwhelming evidence. The internal check has a confidence score of 7 and states that while visual entities are consistent with a rugby context, there is no specific indication of Kurtley Beale in the image content, and the news content discusses Jonah Lomu. The external check, also with a confidence score of 7 and an alignment score of 35, notes that the image depicts Beale in a training environment, whereas reference images show him in various other contexts. Both checks point to inconsistencies, suggesting the image's context may not perfectly align with a caption solely identifying Kurtley Beale without further details. Given these factors, the caption appears to be somewhat out of context because while it identifies a rugby player and the image shows a rugby player, the image context does not explicitly confirm the individual is Kurtley Beale or that he is specifically related to the news content about Jonah Lomu. The similarity in confidence scores and the consistency in their negative assessments leads to this determination.",
    "validation_summary": "Both internal and external checks suggest the caption is potentially out of context, with similar confidence scores. Internal: lacks specific Beale identification. External: context differs from typical reference images."
  },
  "inference_time": 12.179457426071167
}