{
  "caption": "Sergio Garcia of Spain tees off on No 2 at Muirfield",
  "ground_truth": false,
  "internal_check": {
    "visual_entities": [
      "Championship",
      "Golf",
      "Individual sport",
      "Foursomes",
      "Competition",
      "Team",
      "Tournament",
      "Outdoor recreation",
      "Recreation",
      "Individual",
      "Professional golfer",
      "Sports",
      "competition"
    ],
    "image_evidences": [],
    "result": {
      "confidence_score": 9,
      "explanation": "The news caption mentions 'Sergio Garcia of Spain tees off on No 2 at Muirfield'. The detected visual entities include 'Golf', 'Individual sport', 'Competition', 'Tournament', 'Outdoor recreation', 'Recreation', 'Individual', 'Professional golfer', and 'Sports', aligning with the context of a golf tournament. Given the entities detected related to golf and the mention of a professional golfer in the caption, the caption is reasonably aligned with the visual entities. Therefore, the verdict is True.",
      "verdict": true
    }
  },
  "external_check": {
    "text_evidences": [],
    "result": null
  },
  "final_result": {
    "OOC": false,
    "confidence_score": 9,
    "explanation": "The internal check, which has a confidence score of 9, confirms that the caption accurately represents the image content. It identifies that the visual entities detected align with the context of a golf tournament and a professional golfer, as mentioned in the caption ('Sergio Garcia of Spain tees off on No 2 at Muirfield'). Since the external check provides no additional information (None), the internal check's assessment is considered conclusive. Therefore, based on the available evidence, the caption is not out of context.",
    "validation_summary": "The internal check confirms the caption's accuracy, while the external check provides no further validation. Thus, the caption is deemed not out of context."
  },
  "inference_time": 3.6402485370635986
}