{
  "caption": "2008 A Chevrolet Bel Air is displayed at the General Motors headquarters",
  "ground_truth": true,
  "internal_check": {
    "visual_entities": [
      "Car",
      "Car door",
      "Supercar",
      "Motor vehicle",
      "Automotive design",
      "Design",
      "Racing",
      "Door",
      "Automotive industry",
      "Automobile Engineering",
      "supercar"
    ],
    "image_evidences": [],
    "result": {
      "confidence_score": 10,
      "explanation": "The news caption mentions 'Chevrolet Bel Air' and 'General Motors headquarters'. The detected visual entities include 'Car' and 'Motor vehicle' which align with the 'Chevrolet Bel Air' mentioned in the caption. The news content confirms that the photo was taken at the General Motors headquarters. Thus, the caption accurately represents the visual content based on the detected visual entities.",
      "verdict": true
    }
  },
  "external_check": {
    "text_evidences": [
      {
        "title": "General Motors - then and now | Business | The Guardian",
        "content": "General Motors - then and now | Business | The Guardian",
        "caption": "General Motors: A Chevrolet Bel Air is displayed at the General Motors headquarters",
        "domain": "www.theguardian.com"
      }
    ],
    "result": {
      "verdict": false,
      "alignment_score": 25,
      "confidence_score": 3,
      "explanation": "The news image depicts a bright yellow sports car, while the reference images show a classic black Chevrolet Bel Air displayed at what appears to be a more formal exhibition setup. Key visual elements that should align with the caption include the specific model of the car (Chevrolet Bel Air) and the context of its display (at General Motors headquarters). The significant visual difference in car types and colors undermines the authenticity of the news image. Additionally, further inspection reveals a stark contrast in presentation; the news image appears in a workshop or testing environment, whereas the reference images suggest a showroom or exhibition context. This difference raises questions about the location and overall event being represented. The lack of contextual alignment, combined with the primary focus on a sports car rather than the identified Chevrolet model, highlights that the news image does not appropriately represent the event or context described in the caption. Therefore, the discrepancy is substantial enough to warrant a false verdict regarding this image’s alignment with the reference images.",
      "key_observations": "- The news image features a yellow sports car, not a Chevrolet Bel Air.\n- The reference images feature a classic black Chevrolet Bel Air within an exhibition environment.\n- The setting of the news image (workshop-like) contrasts significantly with the reference image's formal exhibition setting.\n- Lighting conditions differ, affecting the overall mood and interpretation of the images.\n- No signs of digital manipulation were detected in either image."
    }
  },
  "final_result": {
    "OOC": true,
    "confidence_score": 8,
    "explanation": "The internal check suggests the caption is accurate, with a high confidence score of 10, based on the detection of 'Car' and 'Motor vehicle' aligning with 'Chevrolet Bel Air' and confirmation that the photo was taken at General Motors headquarters. However, the external check strongly contradicts this, indicating a low alignment score of 25 and confidence score of 3. It highlights a discrepancy: the news image depicts a yellow sports car, not a Chevrolet Bel Air, and the setting differs significantly from the reference images (workshop vs. showroom). Given the significant visual differences and the external check's specific identification of the wrong car model, the external check is prioritized, leading to the conclusion that the caption is out of context. The confidence score is set to 8 to reflect the strong evidence against the caption's accuracy.",
    "validation_summary": "Internal check indicates accuracy, while external check reveals the image shows a different car model and setting than described in the caption. External check findings are prioritized."
  },
  "inference_time": 8.186574697494507
}