{
  "caption": "Donald Trump at the Family Leadership Summit in Ames Iowa Saturday",
  "ground_truth": false,
  "internal_check": {
    "visual_entities": [
      "John McCain",
      "Spokesperson",
      "Public speaking",
      "Businessperson",
      "Orator",
      "Public Relations",
      "Motivational speaker",
      "Speech",
      "Business",
      "Entrepreneur",
      "public speaking"
    ],
    "image_evidences": [],
    "result": {
      "confidence_score": 7,
      "explanation": "The caption mentions 'Donald Trump' and 'Family Leadership Summit in Ames Iowa Saturday'. The detected visual entities include terms related to public speaking and business, which could align with a summit where Donald Trump is speaking. However, without seeing the actual image, it's impossible to definitively confirm if Donald Trump is visually present or if the setting is a summit. The presence of terms like 'John McCain' in detected visual entities, while mentioned in the news content, does not directly relate to the visual description in the caption. Therefore, based solely on the available information, there's a reasonable but not definitive alignment.",
      "verdict": true
    }
  },
  "external_check": {
    "text_evidences": [
      {
        "title": "In Iowa, Donald Trump warns Republicans about Hillary, immigration",
        "content": "In Iowa, Donald Trump warns Republicans about Hillary, immigration",
        "caption": "Donald Trump speaks during the Family Leadership Summit in Ames, Iowa, on Saturday night.",
        "domain": "www.nbcnews.com"
      },
      {
        "title": "Donald Trump on John McCain: I like people who werent captured  The Denver Post",
        "content": "Donald Trump on John McCain: 'I like people who weren't captured ...",
        "caption": "Republican presidential candidate, real estate mogul Donald Trump, speaks at the Family Leadership Summit in Ames, Iowa, Saturday, July 18, 2015.",
        "domain": "www.denverpost.com"
      },
      {
        "title": "Donald Trump is the elephant in the room at conservative summit in Iowa | US elections 2016 | The Guardian",
        "content": "Donald Trump is the elephant in the room at conservative summit in ...",
        "caption": "Scott Walker waves as he leaves the Family Leadership Summit in Ames, Iowa.",
        "domain": "www.theguardian.com"
      },
      {
        "title": "Trump Draws GOP Fire for McCain Remarks at Family Leadership Council Summit - ABC News",
        "content": "Trump Draws GOP Fire for McCain Remarks at Family Leadership ...",
        "caption": "",
        "domain": "abcnews.go.com"
      },
      {
        "title": "Trump: Walker undeserving after mishandling Wisconsins budget | PBS News Weekend",
        "content": "Trump: Walker 'undeserving' after mishandling Wisconsin's budget ...",
        "caption": "",
        "domain": "www.pbs.org"
      }
    ],
    "result": {
      "verdict": true,
      "alignment_score": 85,
      "confidence_score": 8,
      "explanation": "The news image depicts Donald Trump speaking at an event, consistent with the caption indicating his presence at the Family Leadership Summit in Ames, Iowa. Key visual elements such as his black suit, red tie, and the background suggest a formal speaking engagement that aligns with the context of the Family Leadership Summit. Several reference images also show Trump at similar events during the same summit, emphasizing consistency in attire and atmosphere.  \nA review of the reference images shows that Trump often gestures with his hands while speaking, which is evident in both the news image and the reference images, indicating a common theme of engagement with the audience. Furthermore, the backgrounds of several reference images exhibit the same familial and political themes, reinforcing the event's branding.  \nWhile there may be minor variations in angles and lighting across different images, these differences do not significantly alter the interpretation of the event. The lighting in the news image appears natural, reflective of an indoor event stage, similar to most reference images.  \nOverall, the evidence suggests a high degree of visual consistency despite slight variances in angle and setting. The core context of the image aligns well with the news caption, indicating the image does accurately represent the described event.",
      "key_observations": [
        "Subject is Donald Trump, consistent with the news caption.",
        "Events are from the same Family Leadership Summit, as seen in the branding in the background of images.",
        "Attire matches across multiple images: black suit and red tie.",
        "Gestures while speaking are consistent with reference images, suggesting same speaking engagement atmosphere.",
        "Similarities in indoor lighting conditions suggest that the event took place at the same time under similar circumstances."
      ]
    }
  },
  "final_result": {
    "OOC": false,
    "confidence_score": 9,
    "explanation": "Both the internal and external checks suggest the caption accurately represents the image. The internal check has a confidence score of 7, noting alignment between the caption's mention of Donald Trump at the Family Leadership Summit in Ames, Iowa, and the detected visual entities related to public speaking. The external check, with a higher confidence score of 8, confirms this alignment through reference images, noting visual consistency in attire, setting, and gestures. Given the agreement between the two checks, and prioritizing the external check due to its higher confidence, I conclude that the caption is not out of context. The alignment score of 85 from the external check further supports this conclusion.",
    "validation_summary": "Both internal and external checks confirm the caption's accuracy, with the external check providing stronger evidence and higher confidence due to visual consistency with reference images."
  },
  "inference_time": 11.643363237380981
}