{
  "caption": "Emily Parker holds a sign while marching during a Black Lives Matter rally in Minneapolis",
  "ground_truth": false,
  "internal_check": {
    "visual_entities": [
      "Gold Medal Park",
      "Demonstration",
      "Baltimore",
      "Crowd",
      "Star Tribune",
      "Pedestrian",
      "Viettimes",
      "International Workers' Day",
      "Street",
      "Rallying",
      "Minneapolis",
      "Minnesota",
      "protest"
    ],
    "image_evidences": [],
    "result": {
      "confidence_score": 9,
      "explanation": "The caption states \"Emily Parker holds a sign while marching during a Black Lives Matter rally in Minneapolis\". The detected visual entities include 'Minneapolis', 'Demonstration', 'Crowd', 'Street', 'Rallying', 'Minnesota', and 'protest'. These entities strongly align with the caption, suggesting a rally or demonstration is taking place in Minneapolis. The presence of 'protest' and 'rallying' directly supports the 'Black Lives Matter rally' aspect. The entities 'Crowd' and 'Street' are typical of a rally. Thus, based on the visual entities detected, the caption accurately reflects the content of the image.",
      "verdict": true
    }
  },
  "external_check": {
    "text_evidences": [],
    "result": null
  },
  "final_result": {
    "OOC": false,
    "confidence_score": 9,
    "explanation": "The internal check, which has a confidence score of 9, indicates that the caption accurately represents the image content. The detected visual entities align strongly with the caption's description of a Black Lives Matter rally in Minneapolis. The external check is unavailable. Therefore, based on the available evidence from the internal check, the caption is not out of context.",
    "validation_summary": "The internal check confirms the caption accurately describes the image. The external check is not available."
  },
  "inference_time": 3.4019622802734375
}