{
  "caption": "Hiphop style Argentina s La Yegros",
  "ground_truth": true,
  "internal_check": {
    "visual_entities": [
      "Axl Rose",
      "Guns N' Roses",
      "Appetite for Destruction",
      "Riverport Riot",
      "Rock",
      "Heavy metal",
      "Concert",
      "Album",
      "Musical ensemble",
      "Welcome To The Jungle",
      "AC/DC",
      "Musician",
      "singing"
    ],
    "image_evidences": [
      {
        "title": "Guns N' Roses singer wants 'Fat Axl Rose' memes removed by Google - BBC News",
        "content": "",
        "caption": "Axl Rose in younger days (and pants) back in 1992",
        "domain": "www.bbc.com"
      }
    ],
    "result": {
      "confidence_score": 1,
      "explanation": "The news caption is about 'Hiphop style Argentina s La Yegros'. The news content mentions Argentine's La Yegros chats in a hip-hop style. However, the provided image evidence is about Axl Rose from Guns N' Roses. There is no match between the news content and the image evidence. Therefore, the verdict is False.",
      "verdict": false
    }
  },
  "external_check": {
    "text_evidences": [
      {
        "title": "The Rough Guide to Psychedelic Cumbia review  a wild ride | Psychedelia | The Guardian",
        "content": "The Rough Guide to Psychedelic Cumbia review  a wild ride ...",
        "caption": "Hip-hop style Argentinas La Yegros. Photograph: Ragnar Singsaas/WireImage",
        "domain": "www.theguardian.com"
      },
      {
        "title": "The Rough Guide to Psychedelic Cumbia review  a wild ride | Psychedelia | The Guardian",
        "content": "Argentinas-La-Yegros.-007.jpg? ...",
        "caption": "Hip-hop style Argentinas La Yegros. Photograph: Ragnar Singsaas/WireImage",
        "domain": "www.theguardian.com"
      },
      {
        "title": "The Rough Guide to Psychedelic Cumbia review  a wild ride | Psychedelia | The Guardian",
        "content": "Argentinas-La-Yegros.-007.jpg? ...",
        "caption": "Hip-hop style Argentinas La Yegros. Photograph: Ragnar Singsaas/WireImage",
        "domain": "www.theguardian.com"
      }
    ],
    "result": {
      "verdict": false,
      "alignment_score": 25,
      "confidence_score": 7,
      "explanation": "The news image depicting a performer is inconsistent with the reference images tied to the caption 'Hiphop style Argentina's La Yegros'. The news image shows a male performer in bright lighting and a relaxed, urban outfit which does not align with the aesthetics associated with La Yegros, a female artist known for her unique fusion of cumbia and Latin music. Reference images confirm her identity through clear elements such as hairstyle, facial features, and style of performance which are missing in the news image. Despite the presence of hip-hop stylistic elements like accessories and bold colors in both sets of images, the news image completely lacks the artist's likeness and the context of the performance. Additionally, the temporal consistency reflects poorly as the lighting in the news image is starkly different, appearing to be a much older performance, possibly from a different era. While the news image does present elements of performance art, it fails to represent the specific event or context associated with La Yegros’ unique music style and visual presentation. Overall, the complete lack of alignment in core visual identifiers and theme renders the news image misleading in relation to the content described in the caption.",
      "key_observations": "- The news image features a male artist while the references show La Yegros, a female artist.\n- Stylistic elements align loosely across the genres (e.g., bright colors, accessories) but do not connect to the specific artist or event.\n- Lighting in the news image differs significantly; the mood does not match that expected from La Yegros' performances.\n- There are no visible identifiers connecting the news image to Argentina's cultural context that La Yegros represents.\n- Overall theme and artist identity mismatch significantly contributes to misleading representation."
    }
  },
  "final_result": {
    "OOC": true,
    "confidence_score": 9,
    "explanation": "Both internal and external checks indicate that the news caption is out of context. The internal check has a confidence score of 1 and a verdict of False because the news content mentions 'La Yegros' while the image depicts Axl Rose. The external check, with a confidence score of 7 and an alignment score of 25, also returns a verdict of False, noting a mismatch between the image and reference images of La Yegros. Given the consistent negative verdicts and the substantial mismatch highlighted by both checks, the caption is determined to be out of context.",
    "validation_summary": "Both internal and external checks confirm that the news caption does not accurately represent the image. The internal check identifies a mismatch between the mentioned artist and the depicted individual (Axl Rose). The external check confirms the artist mismatch (La Yegros vs. the image). Therefore, the caption is out of context."
  },
  "inference_time": 9.576998949050903
}