{
  "caption": "About 9095 of the engines produced at the Columbus plant go into Chrysler RAM trucks",
  "ground_truth": false,
  "internal_check": {
    "visual_entities": [
      "Manufacturing",
      "Indianapolis",
      "Machine",
      "Factory",
      "Manufacturing in the United States",
      "Midtown",
      "Production",
      "Manhattan Valley",
      "Engineering",
      "Midwestern United States",
      "Indiana",
      "Detroit",
      "United States",
      "manufacturing"
    ],
    "image_evidences": [
      {
        "title": "US manufacturing: How did Indiana power a revival? - BBC News",
        "content": "",
        "caption": "About 90-95% of the engines produced at the Columbus plant go into Chrysler RAM trucks",
        "domain": "www.bbc.com"
      }
    ],
    "result": {
      "confidence_score": 10,
      "explanation": "The news caption states that about 90-95% of engines produced at the Columbus plant go into Chrysler RAM trucks. The image evidence from BBC News includes the same caption: \"About 90-95% of the engines produced at the Columbus plant go into Chrysler RAM trucks.\" This directly confirms the statement in the news caption. The domain (www.bbc.com) is a credible news source. Therefore, the image evidence provides strong support for the news caption.",
      "verdict": true
    }
  },
  "external_check": {
    "text_evidences": [],
    "result": null
  },
  "final_result": {
    "OOC": false,
    "confidence_score": 10,
    "explanation": "The internal check confirms the caption accurately represents the image, with a high confidence score of 10. It states that the news caption is present in the image from BBC News. The external check result is 'None', which means there's no external validation available. Therefore, based on the strong support from the internal check, the caption is not out of context.",
    "validation_summary": "The internal check validates the caption with high confidence. External validation is not available. The caption is not out of context."
  },
  "inference_time": 3.2095189094543457
}