{
  "caption": "The iconic Taj Mahal is a Unesco World Heritage site and was built in the 17th Century",
  "ground_truth": true,
  "internal_check": {
    "visual_entities": [
      "Jama Masjid",
      "Masjid al-Haram",
      "Mosque Mosque",
      "Mosque-Cathedral of Cordoba",
      "Minaret",
      "Shahi Imam",
      "Stock photography",
      "Photography",
      "Image",
      "Eid al-Fitr",
      "Ahmed Bukhari",
      "jama masjid"
    ],
    "image_evidences": [],
    "result": {
      "confidence_score": 7,
      "explanation": "The news caption refers to the Taj Mahal, a UNESCO World Heritage site, built in the 17th century. While the detected visual entities include various mosques and related terms like 'Jama Masjid', 'Masjid al-Haram', 'Mosque', 'Minaret', and 'Shahi Imam', none of these directly correspond to the Taj Mahal itself. The detected entities are all related to mosques, but the article speaks of the Taj Mahal and a replica being built. Therefore, without explicit detection of \"Taj Mahal\" or its visual components, the caption's representation of the visual content is questionable. The article discusses the Taj Mahal, but the visual entities detected are different types of mosques and mosque architecture. This discrepancy reduces the alignment between the caption and the visual entities.",
      "verdict": false
    }
  },
  "external_check": {
    "text_evidences": [],
    "result": null
  },
  "final_result": {
    "OOC": true,
    "confidence_score": 7,
    "explanation": "The internal check reveals a mismatch between the news caption (referring to the Taj Mahal) and the detected visual entities (mosques and mosque architecture). The internal check's verdict is 'False' with a confidence score of 7, indicating that the caption does not accurately represent the image content. The external check result is 'None', indicating a lack of external validation data. Given the internal check's conclusive negative result and the absence of conflicting external evidence, the caption is considered out of context. The final confidence score reflects the reliability of the internal check.",
    "validation_summary": "The internal check indicates a mismatch between the caption's reference to the Taj Mahal and the detected visual elements of mosques. The external check provides no additional data. Therefore, the caption is considered out of context."
  },
  "inference_time": 4.119862079620361
}