{
  "caption": "Lesbos GreeceA girl waits with refugees and migrants on the Greek island after crossing the Aegean Sea from Turkey",
  "ground_truth": true,
  "internal_check": {
    "visual_entities": [
      "Beach",
      "Wave",
      "Horizon",
      "Sunlight",
      "Tourism",
      "Cape",
      "Ocean",
      "Calm",
      "Cliff M",
      "Vacation",
      "Science",
      "Physics",
      "National Lampoon's Vacation",
      "sea"
    ],
    "image_evidences": [],
    "result": {
      "confidence_score": 7,
      "explanation": "The caption describes a scene on the Greek island of Lesbos with refugees and migrants arriving from Turkey by crossing the Aegean Sea. The detected visual entities include 'sea,' 'ocean,' and 'beach' which aligns with the described setting. However, there are no directly detected entities that explicitly confirm the presence of 'refugees,' 'migrants,' or 'Greece'. The presence of 'tourism' and 'vacation' could be indirectly relevant, but are not a central match.",
      "verdict": true
    }
  },
  "external_check": {
    "text_evidences": [],
    "result": null
  },
  "final_result": {
    "OOC": false,
    "confidence_score": 7,
    "explanation": "The internal check has a confidence score of 7 and indicates the caption accurately represents the image. The entities detected in the image align with the caption's description of refugees and migrants arriving on Lesbos. There is no external check to consider. Thus, the caption is deemed not out of context.",
    "validation_summary": "Internal check confirms the caption's accuracy with a confidence score of 7. No external check is available."
  },
  "inference_time": 3.1328673362731934
}