{
  "caption": "A military police officer with the Missouri Army National Guard stands guard at the police command center in Ferguson Mo",
  "ground_truth": false,
  "internal_check": {
    "visual_entities": [
      "Infantry",
      "Military police",
      "Army officer",
      "Non-commissioned officer",
      "Marines",
      "Drill instructor",
      "Airman",
      "Meter",
      "Troop",
      "Air force",
      "army"
    ],
    "image_evidences": [],
    "result": {
      "confidence_score": 9,
      "explanation": "The caption states \"A military police officer with the Missouri Army National Guard stands guard at the police command center in Ferguson Mo\". The detected visual entities include \"Military police\" and \"army\", which aligns with the caption. Therefore, the caption accurately represents the visual content based on the detected visual entities.",
      "verdict": true
    }
  },
  "external_check": {
    "text_evidences": [
      {
        "title": "Police defend tactics during Michael Brown unrest",
        "content": "Police defend tactics during Michael Brown unrest",
        "caption": "Military police with the Missouri Army National Guard stand guard at the police command center which was established to direct security operations following unrest after the recent death of Michael Brown on August 21, 2014 in Ferguson, Missouri.",
        "domain": "www.usatoday.com"
      },
      {
        "title": "National Guard is Missouri governor's high card",
        "content": "National Guard is Missouri governor's high card",
        "caption": "Initial personnel from the Missouri National Guard arrive at the Missouri Highway Patrol command center at the Plaza Boulevard Shopping Center in Ferguson, Mo., on Aug. 18.",
        "domain": "www.usatoday.com"
      }
    ],
    "result": {
      "verdict": true,
      "alignment_score": 85,
      "confidence_score": 8,
      "explanation": "In analyzing the news image against reference images, there are strong similarities that affirm the context related to the Missouri Army National Guard's presence in Ferguson. The news image depicts a military police officer standing in front of a military vehicle, consistent with the role described in the caption. Reference images also showcase military vehicles and personnel in security contexts. Lighting across all images is consistent with daytime settings, and individuals in the news image and reference images are dressed in similar military attire, indicating alignment with the expected visual elements. All key visual details, including the presence of military equipment and law enforcement vibes, match well normatively, supporting the narrative around military involvement in public safety. While there are variations in the specific environment, the core context remains intact. Hence, while there are visual differences, they do not impact the overall accuracy of representation.",
      "key_observations": [
        "Military personnel portrayed in similar attire across images.",
        "Military vehicles present in all representations, affirming context.",
        "Daytime lighting is consistent, implying an accurate temporal setting.",
        "Variations in backgrounds and arrangements do not detract from the contextual alignment.",
        "No signs of digital manipulation or artifacts observed."
      ]
    }
  },
  "final_result": {
    "OOC": false,
    "confidence_score": 9,
    "explanation": "The internal check, with a confidence score of 9, confirms that the caption accurately represents the image content by identifying 'Military police' and 'army' in both. The external check, with an alignment score of 85 and a confidence score of 8, further validates this, noting the presence of military personnel, vehicles, and attire consistent with the caption's description of the Missouri Army National Guard in Ferguson. Both checks align, and since the internal check has a slightly higher confidence score, the combined evidence supports the conclusion that the caption is not out of context.",
    "validation_summary": "Both internal and external checks confirm that the caption accurately represents the image. The caption is not out of context."
  },
  "inference_time": 9.566158056259155
}