{
  "caption": "Cliff OwenAP Former Secretary of State Hillary Rodham Clinton addresses the 51st Delta Sigma Theta National Convention in Washington DC Tuesday July 16 2013",
  "ground_truth": false,
  "internal_check": {
    "visual_entities": [
      "Citizens United v. FEC",
      "Supreme Court of the United States",
      "Politics",
      "Court",
      "Law",
      "Government Agency",
      "United States Department of State",
      "RepresentUs",
      "Ruth Bader Ginsburg",
      "public speaking"
    ],
    "image_evidences": [],
    "result": {
      "confidence_score": 7,
      "explanation": "The caption mentions Hillary Rodham Clinton addressing the Delta Sigma Theta National Convention in Washington D.C. The detected entities include \"public speaking\", which aligns with the action of addressing a convention. The broader context provided by other entities like \"United States Department of State\" (referencing her former role) and mentions of political topics (\"Politics\") in the news content provide some alignment, suggesting a political or public service context for the event. The absence of specific visual details about the convention or the Delta Sigma Theta organization lowers the confidence. The caption doesn't contradict the detected entities but could be more specific.",
      "verdict": true
    }
  },
  "external_check": {
    "text_evidences": [],
    "result": null
  },
  "final_result": {
    "OOC": false,
    "confidence_score": 7,
    "explanation": "The internal check, with a confidence score of 7, indicates that the caption accurately represents the image. The caption describes Hillary Rodham Clinton addressing the 51st Delta Sigma Theta National Convention in Washington D.C. The internal check identifies entities such as \"public speaking\" which aligns with addressing a convention. The mention of the United States Department of State provides context. There is no external check result to compare against. The caption is considered not out of context.",
    "validation_summary": "The internal check suggests the caption is accurate, and there's no conflicting external validation data."
  },
  "inference_time": 3.847135305404663
}