{
  "caption": "Lee Westwood hits his second shot on the 17th during the third round of the BMW PGA Championship at Wentworth",
  "ground_truth": true,
  "internal_check": {
    "visual_entities": [
      "Outdoor recreation",
      "Competition",
      "Recreation",
      "competition event"
    ],
    "image_evidences": [],
    "result": {
      "confidence_score": 9,
      "explanation": "The news caption states \"Lee Westwood hits his second shot on the 17th during the third round of the BMW PGA Championship at Wentworth\". The detected visual entities include 'Outdoor recreation', 'Competition', 'Recreation', 'competition event'. These entities align well with the caption, suggesting a golf tournament (competition) taking place outdoors (outdoor recreation, recreation, competition event). The caption describes a specific action (Lee Westwood hitting a shot) within a competitive context, which is consistent with the detected entities. Therefore, the caption is reasonably aligned with the visual entities.",
      "verdict": true
    }
  },
  "external_check": {
    "text_evidences": [],
    "result": null
  },
  "final_result": {
    "OOC": false,
    "confidence_score": 9,
    "explanation": "The internal check, with a confidence score of 9, indicates that the news caption accurately represents the image content. Specifically, the visual entities detected align well with the caption's description of Lee Westwood hitting a shot during the BMW PGA Championship. The external check result is 'None', meaning there's no conflicting information from external sources. Therefore, based on the available evidence, the caption is not considered out of context.",
    "validation_summary": "The internal check confirms the caption's accuracy, and there is no contradictory external evidence."
  },
  "inference_time": 3.6606380939483643
}