{
  "caption": "Sony has sold more than seven million PlayStation 4 consoles as of April",
  "ground_truth": true,
  "internal_check": {
    "visual_entities": [
      "CERN",
      "Large Hadron Collider",
      "Collider",
      "Stock",
      "Stock trader",
      "Particle accelerator",
      "Laboratory",
      "Image",
      "Camera",
      "Computer",
      "Closed-circuit television camera",
      "Trading room",
      "Physics",
      "stock trader"
    ],
    "image_evidences": [
      {
        "title": "LHC smashes beam collision record - BBC News",
        "content": "",
        "caption": "The LHC main control room is based in Geneva",
        "domain": "www.bbc.com"
      }
    ],
    "result": {
      "confidence_score": 2,
      "explanation": "The news caption states that Sony has sold more than seven million PlayStation 4 consoles as of April. The image evidences provided are of the LHC main control room. The detected visual entities are related to particle physics and stock trading, none of which are directly related to Sony, PlayStation 4 or video game consoles. Therefore, the images do not support the news caption, indicating a mismatch between the content of the article and the images.",
      "verdict": false
    }
  },
  "external_check": {
    "text_evidences": [],
    "result": null
  },
  "final_result": {
    "OOC": true,
    "confidence_score": 9,
    "explanation": "The internal check yielded a 'False' verdict, indicating a mismatch between the news caption and the image. The caption discusses PlayStation 4 sales, whereas the image shows particle physics and stock trading visuals. The internal check's confidence score is 2. There is no external check result provided. Therefore, based on the available evidence from the internal check, the caption is out of context. A high confidence score of 9 is assigned due to the clear and direct mismatch identified by the internal check, and the absence of contradictory external evidence.",
    "validation_summary": "The internal check indicates that the image does not match the caption about PlayStation 4 sales. No external check was provided."
  },
  "inference_time": 3.526900291442871
}