{
  "caption": "Clay Deeder left and Adam Lawson load sandbags near Perry",
  "ground_truth": false,
  "internal_check": {
    "visual_entities": [
      "Recreation",
      "Tree",
      "vehicle"
    ],
    "image_evidences": [],
    "result": {
      "confidence_score": 7,
      "explanation": "The caption mentions 'Clay Deeder' and 'Adam Lawson' loading sandbags near 'Perry'. The detected visual entities include 'Recreation', 'Tree', and 'vehicle'. While the detected entities do not directly confirm the presence of people loading sandbags, the presence of 'Recreation' and 'Tree' does not contradict the caption. It's possible the setting involves outdoor activity near trees, which is not inconsistent with people loading sandbags. However, the caption's specific actions and individuals are not visually confirmed, leading to a medium confidence score.",
      "verdict": true
    }
  },
  "external_check": {
    "text_evidences": [
      {
        "title": "Midwest flooding",
        "content": "Midwest flooding",
        "caption": "Volunteers and government officials monitor the sand bag wall holding back the Illinois River on April 24 in Peoria, Ill.",
        "domain": "www.usatoday.com"
      },
      {
        "title": "Midwest flooding",
        "content": "Midwest flooding",
        "caption": "Crews work to build a temporary flood wall using Hesco barriers in downtown Davenport, Iowa.",
        "domain": "www.usatoday.com"
      },
      {
        "title": "Midwest flooding",
        "content": "Midwest flooding",
        "caption": "Bruce Ling motors down a road in Comstock Park, Mich.",
        "domain": "www.usatoday.com"
      },
      {
        "title": "Midwest flooding",
        "content": "Midwest flooding",
        "caption": "Crews work to build a temporary flood wall using Hesco barriers in downtown Davenport, Iowa.",
        "domain": "www.usatoday.com"
      },
      {
        "title": "Midwest flooding",
        "content": "Midwest flooding",
        "caption": "Homes are flooded by the rising Illinois River.",
        "domain": "www.usatoday.com"
      }
    ],
    "result": {
      "verdict": true,
      "alignment_score": 85,
      "confidence_score": 8,
      "explanation": "The news image depicting Clay Deeder and Adam Lawson loading sandbags aligns well with the context described in the caption. The primary visual elements present in the news image—a truck, sandbags being loaded, and two individuals engaged in the task—are consistent with the overarching theme of flood response efforts recognized in the reference images. The two individuals in the news image are actively participating in a flood mitigation effort that is contextually similar to conditions shown in the reference images. The visual composition present indicates a proactive response to flooding conditions, echoing the theme across the reference images, which often include sandbags and flood prevention activities. \n\nHowever, minor differences do exist between the news image and the reference images, such as the specific environment and multi-tasking depicted. The reference images showcase more flooding, with water levels visibly high, and additional people or structures impacted by floods. This suggests the broader context of community engagement and response to emergency conditions, which isn't fully captured in the news image. Although temporal and spatial elements align in terms of a flood responding situation, the specific environment differs slightly. \n\nIn terms of lighting, both the news and reference images present good daylight visibility which is consistent and likely indicative of a comparable time frame. There are no red flags concerning digital manipulation evident in the news image or the references. Overall, despite minor visual and contextual variations, the news image accurately represents the context implied by the caption, centering on flood response actions with sandbags.",
      "key_observations": [
        "Subjects are loading sandbags, consistent with flood response context.",
        "Presence of a truck and sandbags aligns well with the caption description.",
        "Lighting conditions are similar across images indicating a comparable timeframe.",
        "Reference images display more extensive flooding, but the core action in the news image is relevant.",
        "No indications of digital manipulation present in any observed images."
      ]
    }
  },
  "final_result": {
    "OOC": false,
    "confidence_score": 8,
    "explanation": "Both the internal and external checks suggest the caption is not out of context. The internal check, with a confidence score of 7, indicates that the visual elements don't contradict the caption's description of people loading sandbags near trees. The external check, boasting a confidence score of 8 and an alignment score of 85, confirms that the image of people loading sandbags aligns with the caption and with reference images related to flood response efforts. Since both checks independently support the caption's accuracy, the final verdict is that the caption is not out of context. Despite slight environmental differences noted in the external check (e.g., the extent of flooding), the core activity of sandbag loading is consistent.",
    "validation_summary": "Both internal and external validations support the caption's accuracy, indicating that the image accurately depicts people loading sandbags in a flood-related context. The alignment score of 85 further strengthens this conclusion."
  },
  "inference_time": 12.803012609481812
}