{
  "caption": "Amir Khan and Danny Garcia face off during their Los Angeles press conference",
  "ground_truth": true,
  "internal_check": {
    "visual_entities": [
      "Boxing",
      "Boxing Ring",
      "Professional boxing",
      "Pradal serey",
      "Combat sport",
      "Kickboxing",
      "Muay Thai",
      "Boxing Glove",
      "Amateur boxing",
      "The Ring",
      "Devon Alexander",
      "Floyd Mayweather",
      "Amir Khan",
      "boxing ring"
    ],
    "image_evidences": [
      {
        "title": "Amir Khan aims for the best after dazzling defeat of Devon Alexander | Amir Khan | The Guardian",
        "content": "",
        "caption": "Amir Khan delivers another blow on the way to beating Devon Alexander on Saturday. Photograph: Zuma/Rex Features",
        "domain": "www.theguardian.com"
      }
    ],
    "result": {
      "confidence_score": 6,
      "explanation": "The news caption mentions Amir Khan and Danny Garcia at a press conference in Los Angeles. The provided image evidence shows Amir Khan boxing, but it is against Devon Alexander, not Danny Garcia. The image caption indicates this match took place on a Saturday, which is not specified in the news article. While the image shows Amir Khan participating in boxing, which aligns with the news story, the image doesn't depict the specific event mentioned (the press conference with Danny Garcia). Therefore, it offers limited support for the caption.",
      "verdict": false
    }
  },
  "external_check": {
    "text_evidences": [],
    "result": null
  },
  "final_result": {
    "OOC": true,
    "confidence_score": 6,
    "explanation": "The internal check indicates the image does not depict the event described in the caption (Amir Khan and Danny Garcia at a press conference). The image shows Amir Khan boxing Devon Alexander, not Danny Garcia. The external check lacks data to confirm or deny the accuracy of the caption. Therefore, based on the internal check, the caption is considered out of context. The confidence score reflects the reliance on the internal check alone.",
    "validation_summary": "Internal check indicates the image does not depict the event described in the caption. External check lacks sufficient data."
  },
  "inference_time": 3.352496385574341
}