{
  "caption": "Barack Obama stands on stage with first lady Michelle Obama after his victory speech in Chicago",
  "ground_truth": true,
  "internal_check": {
    "visual_entities": [
      "Politics",
      "North Korea",
      "United States",
      "President of the United States",
      "Presidential Medal of Freedom",
      "Shimon Peres",
      "speech"
    ],
    "image_evidences": [],
    "result": {
      "confidence_score": 9,
      "explanation": "The caption mentions \"Barack Obama stands on stage with first lady Michelle Obama after his victory speech in Chicago\". The detected visual entities include \"Politics\", \"United States\", \"President of the United States\", and \"speech\", aligning with the caption's description of a political victory speech setting with Barack Obama as president and Michelle Obama present. The caption does not directly contradict any detected entities. Therefore, the caption reasonably aligns with the visual entities.",
      "verdict": true
    }
  },
  "external_check": {
    "text_evidences": [
      {
        "title": "Fitch Ratings warns of U.S. credit downgrade from fiscal cliff - Los Angeles Times",
        "content": "Fitch Ratings warns of U.S. credit downgrade from fiscal cliff ...",
        "caption": "President Obama stands on stage with first lady Michelle Obama after his victory speech on election night at McCormick Place in Chicago Tuesday.",
        "domain": "www.latimes.com"
      },
      {
        "title": "Michelle Obama: The Historic Legacy of the Nation's First Black First Lady",
        "content": "Michelle Obama: The Historic Legacy of the Nation's First Black ...",
        "caption": "President-elect Barack Obama stands on stage along with his wife Michelle and daughters Malia and Sasha during an election night gathering in Grant Park on Nov. 4, 2008 in Chicago, Ill.",
        "domain": "www.nbcnews.com"
      }
    ],
    "result": {
      "verdict": false,
      "alignment_score": 40,
      "confidence_score": 6,
      "explanation": "The news image shows Barack Obama speaking on stage, but it does not display him with Michelle Obama, which is a key element in the caption where they are together post-victory. The reference images reflect that context, with Obama interacting closely with Michelle; they are key visual components missing from the news image. Additionally, the background in the news image displays American flags but lacks the celebratory environment associated with victory events. The lighting, camera angles, and positioning in the news image also do not align with the joyous ambiance depicted in the referenced photos. Overall, despite some visual elements like the presence of Barack Obama, the absence of Michelle and the contrasting environment significantly undermine the contextual consistency of the news image compared to the references. As such, it does not accurately represent the event described in the caption.",
      "key_observations": [
        "The news image features Barack Obama alone, whereas the caption specifies he is with Michelle Obama after giving a victory speech.",
        "The background in the news image shows flags but lacks the celebratory atmosphere seen in reference images.",
        "The reference images have Obama and Michelle interacting and celebrating together, while the news image does not include her at all, which is a significant inconsistency.",
        "Lighting and camera angles in the news image differ from those in the reference images, which reflect a more festive and dynamic scene."
      ]
    }
  },
  "final_result": {
    "OOC": true,
    "confidence_score": 7,
    "explanation": "The internal check suggests the caption aligns with the image's content, noting the presence of Obama giving a speech and mentioning the setting as a political victory. However, the external check strongly indicates a mismatch. It highlights the absence of Michelle Obama in the image, a key element mentioned in the caption, and points out the lack of a celebratory atmosphere compared to reference images of victory speeches. Although the internal check has a higher confidence score (9) than the external check (6), the alignment score of the external check (40) is significantly low. Given that the caption explicitly mentions both Barack and Michelle Obama together, and she is visibly absent in the image, the external check's findings are prioritized. Therefore, the caption is considered out of context because it misrepresents a crucial element – Michelle Obama's presence. While the internal check confirms some basic elements, the external check identifies a significant inconsistency. The final confidence score reflects this uncertainty.",
    "validation_summary": "Internal check: Caption aligns. External check: Caption inaccurate due to Michelle Obama's absence in the image. Prioritizing external check due to critical mismatch."
  },
  "inference_time": 11.31869912147522
}