{
  "caption": "Adam Scott wields his broomhandle putter in the Open at Royal Lytham last July a tournament he almost won",
  "ground_truth": false,
  "internal_check": {
    "visual_entities": [
      "Hickory golf",
      "Golf",
      "Foursomes",
      "Four-ball golf",
      "Individual sport",
      "Competition",
      "Hickory",
      "Individual",
      "Sports",
      "Professional golfer",
      "golfer"
    ],
    "image_evidences": [],
    "result": {
      "confidence_score": 8,
      "explanation": "The news caption mentions 'Adam Scott', 'broomhandle putter', and 'Open at Royal Lytham last July'. The detected visual entities include 'Golf', 'Sports', 'Professional golfer', and 'golfer'. Since the detected visual entities are consistent with the caption's description of a golf-related scene featuring a professional golfer and his equipment, the caption is likely to be accurate. Also, the news content mentioned 'Adam Scott's history' and 'long putter' which support the news caption.",
      "verdict": true
    }
  },
  "external_check": {
    "text_evidences": [],
    "result": null
  },
  "final_result": {
    "OOC": false,
    "confidence_score": 8,
    "explanation": "The internal check confirms the caption's accuracy with a confidence score of 8. It notes the presence of 'Adam Scott', a 'broomhandle putter', and the 'Open at Royal Lytham' which aligns with the detected visual entities like 'Golf', 'Sports', 'Professional golfer', and 'golfer'. The news content further supports this by referencing 'Adam Scott's history' and 'long putter'. The external check provided no data. Based solely on the available evidence, specifically the internal check's positive result, the caption is deemed not out of context.",
    "validation_summary": "The internal check validates the caption. The external check lacks data."
  },
  "inference_time": 3.5308961868286133
}