{
  "caption": "William Catherine and Harry attend the forum",
  "ground_truth": true,
  "internal_check": {
    "visual_entities": [
      "Prince Harry, Duke of Sussex",
      "Harry at 30",
      "British royal family",
      "Invictus Games",
      "Prince",
      "Royal family",
      "Soldier",
      "Actor",
      "Catherine, Duchess of Cambridge",
      "Queen Elizabeth II",
      "Prince Andrew, Duke of York",
      "Andrea Casiraghi",
      "prince harry 18"
    ],
    "image_evidences": [
      {
        "title": "Prince Harry to leave armed forces | Prince Harry | The Guardian",
        "content": "",
        "caption": "Prince Harry on a visit to Oman last November.",
        "domain": "www.theguardian.com"
      }
    ],
    "result": {
      "confidence_score": 2,
      "explanation": "The news caption mentions 'William Catherine and Harry attend the forum'. However, the provided news content discusses Obama's visit to London and his use of British English. The image evidence shows 'Prince Harry on a visit to Oman last November'. There is no direct visual evidence related to William and Catherine attending a forum. Therefore, the image does not support the claim in the news caption.",
      "verdict": false
    }
  },
  "external_check": {
    "text_evidences": [],
    "result": null
  },
  "final_result": {
    "OOC": true,
    "confidence_score": 9,
    "explanation": "The internal check result indicates that the news caption 'William Catherine and Harry attend the forum' is not supported by the image content, which features 'Prince Harry on a visit to Oman last November'. The news content focuses on Obama's visit to London and his use of British English, further distancing it from the caption's claim. The internal check's confidence score is 2, suggesting a moderate level of certainty in its assessment. Since there is no external check result available, the decision relies solely on the internal check. Therefore, the caption appears to be out of context. Due to the absence of an external check, the confidence score is high but not maximal.",
    "validation_summary": "The internal check indicates that the news caption is not supported by the image content. No external check was performed."
  },
  "inference_time": 3.765505075454712
}