{
  "caption": "Hamas dismissed the claim it plotted with Morsi and the Brotherhood calling it a disgrace",
  "ground_truth": false,
  "internal_check": {
    "visual_entities": [
      "Mohamed Morsi",
      "Khaled Mashal",
      "Hosni Mubarak",
      "Alaa Abd El-Fattah",
      "Egypt",
      "President of Egypt",
      "Politics",
      "Hamas",
      "death of Mohamed Morsi",
      "Muslim Brotherhood",
      "2012 Egyptian presidential election",
      "Freedom and Justice Party",
      "mHmd mrs~"
    ],
    "image_evidences": [],
    "result": {
      "confidence_score": 7,
      "explanation": "The news caption discusses Hamas dismissing claims of plotting with Morsi and the Brotherhood. The detected visual entities include 'Hamas' and 'Muslim Brotherhood' which are directly mentioned in the caption, suggesting a connection between the image and the caption's topic. The entity 'Mohamed Morsi' is also present which aligns with the broader context of the news content about the court confirming his death sentence. Therefore, the caption relates to entities detected in the image even though it describes an action (dismissing a claim) rather than a direct visual representation.",
      "verdict": true
    }
  },
  "external_check": {
    "text_evidences": [
      {
        "title": "Mohammed Morsi's trials and convictions - BBC News",
        "content": "Mohammed Morsi's trials and convictions - BBC News",
        "caption": "",
        "domain": "www.bbc.com"
      },
      {
        "title": "Mohammed Morsi's trials and convictions - BBC News",
        "content": "Mohammed Morsi's trials and convictions - BBC News",
        "caption": "",
        "domain": "www.bbc.com"
      },
      {
        "title": "Mohammed Morsi's trials and convictions - BBC News",
        "content": "Mohammed Morsi's trials and convictions - BBC News",
        "caption": "",
        "domain": "www.bbc.com"
      },
      {
        "title": "Mohammed Morsi's trials and convictions - BBC News",
        "content": "Mohammed Morsi's trials and convictions - BBC News",
        "caption": "",
        "domain": "www.bbc.com"
      },
      {
        "title": "Mohammed Morsi's trials and convictions - BBC News",
        "content": "_107424408_mediaitem107423991.jpg",
        "caption": "",
        "domain": "www.bbc.com"
      }
    ],
    "result": {
      "verdict": false,
      "alignment_score": 30,
      "confidence_score": 5,
      "explanation": "The news image depicts a meeting between Khaled Mashal of Hamas and Mohamed Morsi, former President of Egypt, indicating a political or diplomatic context. However, reference images retrieved from the news caption encompass a variety of themes including protests, arrests, and political turmoil surrounding Morsi and the Brotherhood. The primary context of Morsi's association with Hamas appears to be present in the news image; however, the visual elements differ significantly from many reference images which depict conflict, unrest, and politicians in contrasting circumstances. Lighting, background, and composition of the news image show a warmer, more intimate setting, while the reference images show chaos or frustration. This creates a disconnect in the expected representations related to accusations about Hamas's plotting or nefarious involvement, which would likely align with more chaotic imagery. No signs of manipulation are evident in either the news image or the reference images, but contextually, the news image could be seen as misleading given the overall narrative suggested by the caption and the associated reference visuals.",
      "key_observations": [
        "Visual elements in the news image show a cordial meeting, contrasting with the tense and chaotic contexts in many reference images (protests, arrests).",
        "Lighting in the news image suggests an indoor setting, while many reference images depict outdoor scenarios in varying states of unrest.",
        "The subjects in the news image are engaged in conversation and appear to be in alignment, while reference images imply conflict, which may exaggerate any potential narratives regarding Hamas and Morsi.",
        "Temporal discrepancies exist as the news image appears to belong to a calmer moment amidst significant unrest implied by the reference images."
      ]
    }
  },
  "final_result": {
    "OOC": true,
    "confidence_score": 7,
    "explanation": "The internal check suggests the caption accurately represents the image due to the presence of entities mentioned in the caption, assigning a high confidence score of 7. However, the external check indicates a mismatch, with a low alignment score of 30 and a confidence score of 5. The external check highlights that the image portrays a cordial meeting, contrasting sharply with the chaotic imagery expected from a claim about plotting, as suggested by reference images of protests and arrests. Given the conflicting results and focusing on observable evidence, the external check carries more weight because it directly compares the visual context of the image to expected representations derived from the caption. Since the image does not reflect the likely visual representation of 'plotting', it's deemed out of context. The confidence score is moderate at 7, reflecting some uncertainty due to the subjective nature of interpreting visual context and the slightly higher initial confidence from the internal check. However, the external check's direct comparison to visual expectations makes its conclusion more reliable. Therefore, I conclude that the caption is out of context.",
    "validation_summary": "Internal check suggests the caption is valid, but the external check reveals a significant mismatch between the cordial image and the expected visuals of 'plotting' described in the caption. Therefore, the caption is out of context."
  },
  "inference_time": 13.53986930847168
}