{
  "caption": "Damp squib Madonna s WE faces a reedit after failing to impress the critics at the Venice and Toronto film festivals",
  "ground_truth": false,
  "internal_check": {
    "visual_entities": [
      "Madonna",
      "W.E.",
      "Andrea Riseborough",
      "2011 Venice International Film Festival",
      "Wallis Simpson",
      "Drama",
      "The Weinstein Company",
      "Film frame",
      "W.E. - Music From The Motion Picture",
      "Image",
      "Danny Tull",
      "Alek Keshishian",
      "Hagen Bogdanski",
      "Venice Film Festival",
      "W.E."
    ],
    "image_evidences": [
      {
        "title": "W.E. | The Guardian",
        "content": "",
        "caption": "Andrea Riseborough as Wallis Simpson in Madonna's W.E",
        "domain": "www.theguardian.com"
      },
      {
        "title": "Madonna to re-edit W.E. ahead of December release | Film | The Guardian",
        "content": "",
        "caption": "Damp squib ... Madonna's W.E. faces a re-edit after failing to impress the critics at the Venice and Toronto film festivals",
        "domain": "www.theguardian.com"
      }
    ],
    "result": {
      "confidence_score": 10,
      "explanation": "The news caption discusses the re-editing of Madonna's film 'W.E.' due to negative critical reception at film festivals. Evidence 1 shows Andrea Riseborough as Wallis Simpson in Madonna's W.E, corroborating the film's existence and subject matter. Evidence 2 directly supports the news caption, with the title and caption explicitly mentioning the re-edit due to poor reviews at Venice and Toronto film festivals, and attributing the film to Madonna. The domain for both evidences is 'www.theguardian.com', a credible news source. The detected visual entities such as 'Madonna', 'W.E.', 'Andrea Riseborough', 'Venice Film Festival' are all mentioned in the news text and supported by the image evidence. No contradictions are found.",
      "verdict": true
    }
  },
  "external_check": {
    "text_evidences": [
      {
        "title": "Madonna to re-edit W.E. ahead of December release | Film | The Guardian",
        "content": "Madonna to re-edit W.E. ahead of December release | Movies | The ...",
        "caption": "Damp squib ... Madonna's W.E. faces a re-edit after failing to impress the critics at the Venice and Toronto film festivals",
        "domain": "www.theguardian.com"
      },
      {
        "title": "Madonna to re-edit W.E. ahead of December release | Film | The Guardian",
        "content": "Madonna to re-edit W.E. ahead of December release | Movies | The ...",
        "caption": "",
        "domain": "www.theguardian.com"
      },
      {
        "title": "Madonna to re-edit W.E. ahead of December release | Film | The Guardian",
        "content": "Madonna to re-edit W.E. ahead of December release | Movies | The ...",
        "caption": "",
        "domain": "www.theguardian.com"
      }
    ],
    "result": {
      "verdict": false,
      "alignment_score": 45,
      "confidence_score": 7,
      "explanation": "The analysis of the news image in relation to potential reference images indicates a lack of alignment with the caption provided. The caption revolves around Madonna and focuses on her recent film appearances at the Venice and Toronto film festivals, hinting at an event likely marked by a glamorous or industry-related atmosphere. The news image features two individuals, seemingly in a casual beach setting, which does not correspond with the expected formal contexts associated with film festivals. Furthermore, there is no recognizable connection to the film industry or related public appearances, the absence of recognizable attire, event branding, or relevant surroundings related to the festivals further emphasizes this mismatch.  \nThe composition reflects a lighthearted moment by the water which significantly contrasts with the tone that might be expected from such prestigious film events where formal attire and a more serious, professional atmosphere would prevail. The lighting appears natural but does not align with the kind of staging typically found at formal film festival events where artificial setups are common to create specific moods. Moreover, there are potential temporal discrepancies since the beachwear depicted hints at a summer or warm setting, contrasting with the late summer/early fall dates of the Venice and Toronto film festivals. \nOverall, despite the news image having clear and vibrant visual elements, they lack contextually relevant representation towards the cinematic events discussed, rendering the image as potentially misleading in relation to the caption provided.",
      "key_observations": "- News image depicts a casual beach scene, misaligning with the formal context of film festivals.\n- Individuals appear in casual swimwear rather than appropriate event attire, lacking industry-related elements.\n- Lighting and composition typical of casual outdoor settings, contrasting with the expected formal event decor.\n- No temporal consistency with the presumed time frame of film festivals, suggesting summer rather than fall."
    }
  },
  "final_result": {
    "OOC": true,
    "confidence_score": 8,
    "explanation": "The internal check suggests the caption aligns with the image content, but it lacks visual evidence. The external check, with a confidence score of 7 and an alignment score of 45, indicates a significant mismatch between the image and the caption. The image depicts a casual beach scene, which contradicts the expected formal context of film festivals mentioned in the caption. Given the misalignment and lack of visual elements in the image to support the caption, I conclude that the caption is out of context. The external check's conclusion that the image is 'potentially misleading' confirms this assessment. Prioritizing the external check due to the strong mismatch and contextual inconsistencies, the final verdict indicates that the caption does not accurately represent the image.",
    "validation_summary": "Internal check supports the caption, while the external check reveals a mismatch between the beach scene in the image and the film festival context of the caption. The external check is prioritized, leading to the conclusion that the caption is out of context."
  },
  "inference_time": 10.039147853851318
}