{
  "caption": "The Airbus A380 flies at the Farnborough Airshow on July 15 2014",
  "ground_truth": true,
  "internal_check": {
    "visual_entities": [
      "Unmanned aerial vehicle",
      "Helicopter",
      "Aircraft",
      "Aviation",
      "General aviation",
      "Rotorcraft",
      "Helicopter rotor",
      "Flight",
      "Delivery drone",
      "Flirtey",
      "Uncrewed vehicle",
      "Airspace",
      "Federal Aviation Administration",
      "Geo-fence",
      "helicopter rotor"
    ],
    "image_evidences": [],
    "result": {
      "confidence_score": 9,
      "explanation": "The news caption mentions 'Airbus A380' and 'Farnborough Airshow'. The detected visual entities include 'Aircraft' and 'Aviation', which are consistent with the caption. The news content also explicitly mentions 'Scenes from the 2014 Farnborough Airshow', further supporting the caption's accuracy. The entities such as 'Unmanned aerial vehicle', 'Helicopter', etc. are irrelevant, but they do not contradict the caption.",
      "verdict": true
    }
  },
  "external_check": {
    "text_evidences": [
      {
        "title": "Airlines that fly the Airbus A380",
        "content": "Airlines that fly the Airbus A380",
        "caption": "An Airbus A380 -- in the jetmakers signature color scheme -- flies at the Farnborough Air Show in England on July 15, 2014.",
        "domain": "www.usatoday.com"
      },
      {
        "title": "Scenes from the 2014 Farnborough Airshow",
        "content": "Scenes from the 2014 Farnborough Airshow",
        "caption": "An Airbus A380 aircraft performs a flight display at the Farnborough Air Show in Hampshire, southern England, on July 16, 2014. European aircraft maker Airbus won orders for its passenger planes from leasing companies worth about $25 billion at the Farnborough airshow on Tuesday, far outpacing its US rival Boeing.  AFP PHOTO / LEON NEALLEON NEAL/AFP/Getty Images ORIG FILE ID: 531680012",
        "domain": "www.usatoday.com"
      }
    ],
    "result": {
      "verdict": false,
      "alignment_score": 10,
      "confidence_score": 9,
      "explanation": "The news caption refers to an Airbus A380 flight at the Farnborough Airshow on July 15, 2014. The news image presented is of a drone flying in clear blue skies, with no connection to an Airbus A380. The reference images depict multiple A380 aircraft, which clearly contrast with the drone image. Key visual elements like the presence of the specific aircraft, the event setting, and audience context are entirely absent in the news image. The time of day in the news image does not align with the reported airshow conditions that typically involve larger crowds and specific aircraft types. The scale and environment in the news image also do not match the expected airshow context which would involve an aircraft on display or in flight. Additionally, there are no recognizable temporal indicators that link the drone's image to an airshow context. Overall, the news image fails to represent the event described in the caption and is misleading.",
      "key_observations": "- News image shows a drone, not an Airbus A380.\n- Reference images depict Airbus A380 aircraft during the Farnborough Airshow.\n- Lack of audience or event setting in the news image.\n- No seasonal or lighting indicators align with the airshow conditions.\n- News image is unrelated to the event specified in the caption."
    }
  },
  "final_result": {
    "OOC": true,
    "confidence_score": 9,
    "explanation": "The internal check suggests the caption is accurate (confidence: 9), based on entity recognition in the news content and image. However, the external check strongly indicates the caption is out of context (alignment: 10, confidence: 9), stating the news image shows a drone, not an Airbus A380, and lacks the expected airshow context. Given the direct contradiction and high confidence in the external check's assessment that the image is of a drone and not an Airbus A380 at an airshow, the external check overrides the internal check. Therefore, the caption is out of context.",
    "validation_summary": "Internal check supports the caption, but the external check, with comparable confidence, finds the image doesn't match the caption's description of an Airbus A380 at an airshow, indicating a drone is shown instead. The external check overrides the internal check."
  },
  "inference_time": 10.79731559753418
}