{
  "caption": "Gordon Brown defends his premiership at the Manchester conference in 2008",
  "ground_truth": false,
  "internal_check": {
    "visual_entities": [
      "Jeremy Corbyn",
      "Spokesperson",
      "Public speaking",
      "Motivational speaker",
      "Orator",
      "Speech",
      "Leader of the Labour Party of the United Kingdom",
      "Labour Party",
      "Public Relations",
      "Labour Party",
      "Convention",
      "The Guardian",
      "Gordon Brown",
      "public speaking"
    ],
    "image_evidences": [
      {
        "title": "The 10 best Labour conference speeches | Labour conference | The Guardian",
        "content": "",
        "caption": "Gordon Brown defends his premiership at the Manchester conference in 2008.",
        "domain": "www.theguardian.com"
      }
    ],
    "result": {
      "confidence_score": 10,
      "explanation": "The provided image evidence from 'www.theguardian.com' directly corresponds to the news caption 'Gordon Brown defends his premiership at the Manchester conference in 2008'. The image's caption is identical to the news caption. The detected visual entities, including 'Gordon Brown', 'public speaking', 'Labour Party', and 'convention', are consistent with a political conference setting and Gordon Brown's presence. The domain 'www.theguardian.com' is a credible news source. The image is used in its original context within an article about Labour conference speeches. Therefore, the image provides reasonable visual support for the news caption.",
      "verdict": true
    }
  },
  "external_check": {
    "text_evidences": [
      {
        "title": "The 10 best Labour conference speeches | Labour conference | The Guardian",
        "content": "The 10 best Labour conference speeches | Labour conference | The ...",
        "caption": "Gordon Brown defends his premiership at the Manchester conference in 2008.",
        "domain": "www.theguardian.com"
      },
      {
        "title": "The 10 best Labour conference speeches | Labour conference | The Guardian",
        "content": "Aneurin-Bevan-at-the-Brig-009. ...",
        "caption": "Aneurin Bevan speaks against unilateral disarmament at the Brighton conference in 1957. Photograph: Joseph Mckeown/Getty",
        "domain": "www.theguardian.com"
      }
    ],
    "result": {
      "verdict": true,
      "alignment_score": 90,
      "confidence_score": 8,
      "explanation": "The main news image depicts Gordon Brown during a speech at the Manchester conference in 2008, characterized by a podium featuring the slogan \"winning the fight for Britain's future\" against a purple backdrop. This visual aligns closely with the second reference image, which appears to be another shot of the same scene, showing Brown in a similar pose and environment, reinforcing the context of his defense of his premiership. Both images highlight the same background and podium design, fitting the event described in the caption. Key visual indicators of temporal consistency, such as the lighting and overall ambiance, are maintained, suggesting that both images may have been taken at the same event with similar lighting conditions. However, while the first reference image of Gordon Brown is consistent and aligns with the event's context, the third reference image, depicting a different historical figure, is irrelevant, showcasing a figure who is not related to the 2008 Manchester conference or Gordon Brown's premiership. Therefore, while some may argue there are minute differences in angle or expression between the news image and the second reference image, the core context remains intact, illustrating Brown's defense of his premiership at the same event. Overall, the assessment concludes that the news image is credible and accurately represents the caption's intended meaning.",
      "key_observations": [
        "Visual consistency between the news image and the second reference image concerning Gordon Brown's podium setup and text.",
        "Both images feature Brown in a similar pose and are set against a purple background, aligning with the conference theme.",
        "The first reference image of Brown repeats the main context but contains slight differences in angle and expression, which do not detract from the overall context.",
        "The third reference image is of a different individual entirely and bears no relevance to the Manchester conference or Brown's speech, thus should be considered extraneous."
      ]
    }
  },
  "final_result": {
    "OOC": false,
    "confidence_score": 9,
    "explanation": "Both the internal and external checks indicate that the caption accurately represents the image. The internal check, with a confidence score of 10, confirms the image's content aligns with the caption 'Gordon Brown defends his premiership at the Manchester conference in 2008'. The external check, while having a slightly lower confidence score of 8 and an alignment score of 90, also supports the caption's accuracy. The external check specifically identifies visual consistencies between the news image and reference images, particularly the podium setup and background. The third reference image in the external check was deemed irrelevant and did not affect the assessment of the primary image. Given the consistency between the two checks and the high confidence and alignment scores, the caption is not out of context.",
    "validation_summary": "Both internal and external checks confirm the caption accurately represents the image, with visual evidence supporting the context of Gordon Brown's speech at the 2008 Manchester conference."
  },
  "inference_time": 13.420703411102295
}