{
  "caption": "It s straight down the line Ricky Gervais in Cemetery Junction",
  "ground_truth": true,
  "internal_check": {
    "visual_entities": [
      "Ricky Gervais",
      "Businessperson",
      "Television presenter",
      "Award",
      "Public speaking",
      "Golden Globe Awards",
      "Management",
      "Speech",
      "Business",
      "Orator",
      "Spokesperson",
      "Motivational speaker",
      "Public Relations",
      "Television",
      "Monologue",
      "public speaking"
    ],
    "image_evidences": [],
    "result": {
      "confidence_score": 8,
      "explanation": "The news caption mentions 'Ricky Gervais in Cemetery Junction.' The detected visual entities include 'Ricky Gervais,' which directly aligns with the caption. The news content further validates that Ricky Gervais is associated with 'Cemetery Junction' as he is described in the content writing and directing it. Therefore, the caption accurately represents a key element related to a visual scene involving the mentioned person.",
      "verdict": true
    }
  },
  "external_check": {
    "text_evidences": [
      {
        "title": "Ricky Gervais's ballad of Reading jail | Ricky Gervais | The Guardian",
        "content": "Ricky Gervais's ballad of Reading jail | Ricky Gervais | The Guardian",
        "caption": "'It's straight down the line'  Ricky Gervais in Cemetery Junction",
        "domain": "www.theguardian.com"
      },
      {
        "title": "Ricky Gervais's ballad of Reading jail | Ricky Gervais | The Guardian",
        "content": "Ricky-Gervais-in-Cemetery-001. ...",
        "caption": "'It's straight down the line'  Ricky Gervais in Cemetery Junction",
        "domain": "www.theguardian.com"
      },
      {
        "title": "Ricky Gervais's ballad of Reading jail | Ricky Gervais | The Guardian",
        "content": "Ricky-Gervais-in-Cemetery-001. ...",
        "caption": "'It's straight down the line'  Ricky Gervais in Cemetery Junction",
        "domain": "www.theguardian.com"
      },
      {
        "title": "Ricky Gervais's ballad of Reading jail | Ricky Gervais | The Guardian",
        "content": "Ricky-Gervais-in-Cemetery-001. ...",
        "caption": "'It's straight down the line'  Ricky Gervais in Cemetery Junction",
        "domain": "www.theguardian.com"
      }
    ],
    "result": {
      "verdict": false,
      "alignment_score": 25,
      "confidence_score": 8,
      "explanation": "The visual analysis of the news image in relation to the reference images reveals significant discrepancies. The news image shows Ricky Gervais in a suit at an awards ceremony, while the reference images from 'Cemetery Junction' depict a more rugged, outdoor environment where he wears a blue shirt and appears involved in a different narrative context. The primary subject (Ricky Gervais) is present in both sets, but the attire, setting, and overall mood conveyed by the images are notably different. The news image reflects a formal tone, likely tied to a public appearance, in contrast to the more casual and potentially dramatic context of 'Cemetery Junction'.",
      "key_observations": [
        "News image features Ricky Gervais in a suit at an awards show; reference images show him in a blue shirt on a film set.",
        "Setting discrepancy: the news image is against a formal backdrop, contrasting with the on-location atmosphere of the 'Cemetery Junction' photos.",
        "Different lighting: news image has bright and controlled lighting; reference images have more natural and moody lighting.",
        "Overall theme mismatch; news image suggests celebration or recognition, while references depict a narrative specific to the film."
      ]
    }
  },
  "final_result": {
    "OOC": true,
    "confidence_score": 8,
    "explanation": "The internal check suggests the caption aligns with the news article, as Ricky Gervais is indeed associated with 'Cemetery Junction'. However, the external check, comparing the news image with reference images from 'Cemetery Junction', reveals significant discrepancies. The news image shows Ricky Gervais in a suit at an awards ceremony, while the reference images depict him in a more casual setting related to the film. Because the external check reveals that the image does not correspond to Ricky Gervais being in the movie Cemetery Junction, the caption is considered out of context. The confidence score is derived from the external check result.",
    "validation_summary": "The internal check supports the caption's accuracy, but the external check indicates a mismatch between the image and its purported context, overriding the internal check due to its focus on the image itself."
  },
  "inference_time": 9.840048551559448
}