{
  "caption": "Najibullah Zazi is escorted from a police helicopter after being extradited from Denver Colorado in September over the plot to bomb the New York City subway",
  "ground_truth": false,
  "internal_check": {
    "visual_entities": [
      "Enemies Within: Inside the NYPD's Secret Spying Unit and Bin Laden's Final Plot Against America",
      "National Security Agency",
      "PRISM",
      "Associated Press",
      "Surveillance",
      "New York City Police Department",
      "Plea",
      "Security",
      "Matt Apuzzo",
      "The Empty Office",
      "vehicle"
    ],
    "image_evidences": [],
    "result": {
      "confidence_score": 7,
      "explanation": "The news caption describes Najibullah Zazi being escorted from a police helicopter after being extradited from Denver, Colorado, related to a plot to bomb the New York City subway. The detected entities include 'vehicle' which is consistent with the description of a helicopter. Also, the detected entity 'New York City Police Department' is relevant to the caption as it refers to the location and authority involved. However, many details in the caption (like Najibullah Zazi's name, 'extradition', 'Denver Colorado', the specific bombing plot) are not directly verifiable from the provided visual entities alone. While 'Security' is a detected entity that aligns with the situation, overall, the detected visual entities only partially support the caption. Other entities like 'National Security Agency', 'PRISM', 'Associated Press', 'Surveillance', 'Matt Apuzzo', 'The Empty Office', 'Plea' and 'Enemies Within: Inside the NYPD's Secret Spying Unit and Bin Laden's Final Plot Against America' are not directly relevant or visually supported by the caption.",
      "verdict": true
    }
  },
  "external_check": {
    "text_evidences": [
      {
        "title": "Man pleads guilty to New York subway bomb plot | New York | The Guardian",
        "content": "Man pleads guilty to New York subway bomb plot | New York | The ...",
        "caption": "Najibullah Zazi is escorted from a police helicopter after being extradited from Denver, Colorado, in September over the plot to bomb the New York City subway. Photograph: New York Police Department/AP",
        "domain": "www.theguardian.com"
      },
      {
        "title": "Man pleads guilty to New York subway bomb plot | New York | The Guardian",
        "content": "Najibullah-Zazi-who-plead-001. ...",
        "caption": "Najibullah Zazi is escorted from a police helicopter after being extradited from Denver, Colorado, in September over the plot to bomb the New York City subway. Photograph: New York Police Department/AP",
        "domain": "www.theguardian.com"
      },
      {
        "title": "Man pleads guilty to New York subway bomb plot | New York | The Guardian",
        "content": "Najibullah-Zazi-who-plead-001. ...",
        "caption": "Najibullah Zazi is escorted from a police helicopter after being extradited from Denver, Colorado, in September over the plot to bomb the New York City subway. Photograph: New York Police Department/AP",
        "domain": "www.theguardian.com"
      }
    ],
    "result": {
      "verdict": true,
      "alignment_score": 95,
      "confidence_score": 9,
      "explanation": "The news image aligns well with the reference images retrieved based on the caption, demonstrating a high degree of visual consistency. All images depict the same event involving Najibullah Zazi being escorted from a police helicopter. In the news image, Zazi is shown wearing beige pants and a white shirt, consistent with his appearance in the reference images. The individuals surrounding him, including officers in tactical gear, also match the attire seen in the reference sources. The helicopter illustrates the same colors and structure, confirming that the setting is identical across the images. The time of day appears consistent across all images, suggesting they were taken around the same timeframe. Although there are minor visual discrepancies, such as slight variations in angle and framing, the core context is accurately represented, reinforcing the event's authenticity. No signs of digital manipulation were detected, affirming the integrity of the news image.",
      "key_observations": "- **Visual Consistency**: The attire and physical appearance of Najibullah Zazi match across all images. \n- **Context**: The helicopter and environment are consistent with descriptions related to Zazi’s extradition.\n- **Temporal Consistency**: Lighting conditions suggest all images were taken in similar daylight settings.\n- **No Manipulation Signs**: The images display no visible artifacts or edits that would suggest alterations."
    }
  },
  "final_result": {
    "OOC": false,
    "confidence_score": 9,
    "explanation": "The internal check, with a confidence score of 7, suggests the caption partially aligns with the image content, supported by the detection of entities such as 'vehicle' (helicopter) and 'New York City Police Department'. The external check, with a higher confidence score of 9 and an alignment score of 95, confirms a strong visual consistency between the news image and reference images depicting Najibullah Zazi being escorted from a police helicopter. Given the high alignment score and confidence of the external check, which validates the scene described in the caption, the caption is deemed not out of context. Both checks support the core elements of the caption.",
    "validation_summary": "Both internal and external checks suggest the caption accurately represents the image, with the external check providing strong visual confirmation and a high alignment score."
  },
  "inference_time": 11.588180780410767
}