{
  "caption": "Closet Wimbledon fan Mel Gibson jumped at the chance to give the FA Cup teamtalk chuckles Jonathan Perera",
  "ground_truth": true,
  "internal_check": {
    "visual_entities": [
      "Mel Gibson",
      "Joe Eszterhas",
      "Flashdance",
      "Signs",
      "Screenwriter",
      "Actor",
      "Film director",
      "Hollywood",
      "Sound Recording and Reproduction",
      "Writer",
      "Basic Instinct",
      "Oksana Grigorieva",
      "Robert Evans",
      "socialite"
    ],
    "image_evidences": [
      {
        "title": "Joe Eszterhas claims to have received death threats over Mel Gibson race row | Mel Gibson | The Guardian",
        "content": "",
        "caption": "Race row ... Mel Gibson is embroiled in an ongoing dispute with screenwriter Joe Eszterhas over The Maccabees. Photograph: David Fisher/Rex Features",
        "domain": "www.theguardian.com"
      },
      {
        "title": "Mel Gibson responds to Joe Eszterhas recording: 'I have a little bit of a temper' | Mel Gibson | The Guardian",
        "content": "",
        "caption": "Mel Gibson in Texas on 18 April 2012. Photograph: Jack Plunkett/AP",
        "domain": "www.theguardian.com"
      },
      {
        "title": "Joe Eszterhas | The Guardian",
        "content": "",
        "caption": "Mel Gibson",
        "domain": "www.theguardian.com"
      }
    ],
    "result": {
      "confidence_score": 7,
      "explanation": "The news caption refers to Mel Gibson giving the FA Cup team-talk, implying his involvement in a sports-related event. The provided image evidences show Mel Gibson in various contexts, primarily related to his career and disputes. While they confirm the existence and appearance of Mel Gibson (matching the detected visual entities), none of the images directly support the claim that he gave the FA Cup team-talk. The images are from reputable news sources like The Guardian. The caption mentions a 'photomontage', suggesting a digitally altered image is the actual supporting visual, which is not among the provided image evidences. Therefore, based on the available image evidence, the caption's claim cannot be directly verified, but the presence of Mel Gibson in the images gives some weak support.",
      "verdict": false
    }
  },
  "external_check": {
    "text_evidences": [
      {
        "title": "AFC Wimbledon's trip to MK Dons | The Gallery | Football | The Guardian",
        "content": "AFC Wimbledon's trip to MK Dons | The Gallery | Football | The ...",
        "caption": "AFC v MK",
        "domain": "www.theguardian.com"
      },
      {
        "title": "AFC Wimbledon's trip to MK Dons | The Gallery | Football | The Guardian",
        "content": "AFC Wimbledon's trip to MK Dons | The Gallery | Football | The ...",
        "caption": "AFC v MK",
        "domain": "www.theguardian.com"
      },
      {
        "title": "AFC Wimbledon's trip to MK Dons | The Gallery | Football | The Guardian",
        "content": "AFC Wimbledon's trip to MK Dons | The Gallery | Football | The ...",
        "caption": "The Gallery: AFC v MK",
        "domain": "www.theguardian.com"
      },
      {
        "title": "AFC Wimbledon's trip to MK Dons | The Gallery | Football | The Guardian",
        "content": "AFC Wimbledon's trip to MK Dons | The Gallery | Football | The ...",
        "caption": "The Gallery: AFC v MK",
        "domain": "www.theguardian.com"
      },
      {
        "title": "AFC Wimbledon's trip to MK Dons | The Gallery | Football | The Guardian",
        "content": "AFC Wimbledon's trip to MK Dons | The Gallery | Football | The ...",
        "caption": "",
        "domain": "www.theguardian.com"
      }
    ],
    "result": {
      "verdict": false,
      "alignment_score": 35,
      "confidence_score": 6,
      "explanation": "The main image features Mel Gibson, which does not clearly relate to an FA Cup event or team talk, making it difficult to ascertain a direct connection to the caption. The caption references a connection to the FA Cup and specifically mentions Wimbledon, yet the visual representation in the main image diverges from that context. The reference images include football match posters and humorous football-themed collages, indicating a sports-related visual framework. In contrast, the news image depicts Gibson with no football-related cues or settings (like a pitch, players, or fans) which would be expected in the context of a team talk about the FA Cup. The lighting in the news image suggests an indoor setting, differing from the outdoor lighting scenarios seen in football match images.",
      "key_observations": "- **Subject Mismatch**: Main image shows Mel Gibson; no direct link to FA Cup or Wimbledon.\n- **Contextual Relevance**: Reference images focus on football and the FA Cup, not aligned with the main image.\n- **Visual Elements**: Absence of football themes (e.g., jerseys, trophies) in the news image.\n- **Lighting/Setting**: Indoor lighting in the main image versus outdoor sports settings in references.\n- **Temporal Consistency**: No clear timeline or event depicted in the main image that relates to FA Cup matches."
    }
  },
  "final_result": {
    "OOC": true,
    "confidence_score": 7,
    "explanation": "Both internal and external checks suggest the caption is out of context with the image. The internal check, with a confidence score of 7, finds that while the images confirm Mel Gibson's existence, they don't support the claim of him giving an FA Cup team talk. The caption alludes to a photomontage, which isn't present in the provided image evidences, making direct verification impossible. The external check, with a confidence score of 6 and an alignment score of 35, highlights a mismatch between the image of Mel Gibson and the expected context of an FA Cup event, which would include football-related visuals (players, fans, the pitch, etc.). Although the internal check has a slightly higher confidence score, both checks align in their conclusion that the caption's claim cannot be verified with the provided image and reference images, thus the caption is considered out of context.",
    "validation_summary": "Both internal and external checks indicate the caption is out of context, as the image of Mel Gibson doesn't align with the claimed FA Cup team talk. The absence of football-related visuals and the presence of a mentioned photomontage (not available) further support this conclusion."
  },
  "inference_time": 11.16473650932312
}