{
  "caption": "Virginia State Sen Creigh Deeds",
  "ground_truth": false,
  "internal_check": {
    "visual_entities": [
      "Creigh Deeds",
      "Wrongful death claim",
      "Richmond",
      "Virginia Beach",
      "Smith Law Center",
      "Lawsuit",
      "Senator Creigh Deeds",
      "Businessperson",
      "Death",
      "Executive officer",
      "lawsuit",
      "Business magnate",
      "Virginia",
      "senior citizen"
    ],
    "image_evidences": [],
    "result": {
      "confidence_score": 10,
      "explanation": "The news caption \"Virginia State Sen Creigh Deeds\" directly corresponds to the detected visual entity 'Creigh Deeds' and 'Senator Creigh Deeds'. Additionally, the news content provides information regarding the lawsuit filed by him. Therefore, the caption is a reasonable representation of the visual content based on the detected entities and the text.",
      "verdict": true
    }
  },
  "external_check": {
    "text_evidences": [],
    "result": null
  },
  "final_result": {
    "OOC": false,
    "confidence_score": 10,
    "explanation": "The internal check confirms that the news caption \"Virginia State Sen Creigh Deeds\" accurately represents the image content, with a confidence score of 10. The news content also supports this, detailing a lawsuit filed by him. There is no external check result provided, so I am relying solely on the internal check. Therefore, the caption is not out of context.",
    "validation_summary": "The internal check confirms the caption's accuracy. No external check data is available."
  },
  "inference_time": 3.004880428314209
}