{
  "caption": "Sarah Palin looks fit as she campaigns for candidate Sarah Steelman for the Senate primary race in Missouri",
  "ground_truth": true,
  "internal_check": {
    "visual_entities": [
      "John McCain",
      "Sarah Palin",
      "Arlen Specter",
      "Politics",
      "Campaign bus",
      "US Vice President",
      "Presidential nominee",
      "Political campaign",
      "Communication",
      "Sen. Joe Lieberman (I-Conn.)",
      "Joe Lieberman",
      "diplomat"
    ],
    "image_evidences": [],
    "result": {
      "confidence_score": 9,
      "explanation": "The news caption mentions Sarah Palin campaigning for Sarah Steelman. The detected visual entities include 'Sarah Palin' and 'Political campaign', which aligns with the caption. Additionally, the news content provides context about Sarah Palin's activities, including campaigning. The detected entities support the general theme of the caption.",
      "verdict": true
    }
  },
  "external_check": {
    "text_evidences": [],
    "result": null
  },
  "final_result": {
    "OOC": false,
    "confidence_score": 9,
    "explanation": "The internal check, with a confidence score of 9, confirms that the news caption accurately represents the image content. It highlights the alignment between the caption's mention of Sarah Palin campaigning for Sarah Steelman and the detected visual entities ('Sarah Palin', 'Political campaign'). The absence of external check results doesn't contradict the internal check. Therefore, based on the available evidence, the caption is not out of context.",
    "validation_summary": "The internal check confirms the caption's accuracy, and there is no contradicting external information."
  },
  "inference_time": 3.3049354553222656
}