{
  "caption": "Michael Clarke and Alastair Cook pose with a replica of the Ashes urn on the eve of the Ashes",
  "ground_truth": false,
  "internal_check": {
    "visual_entities": [
      "Alastair Cook",
      "Michael Clarke",
      "Test cricket",
      "England cricket team",
      "Australian Men's Cricket Team",
      "The Ashes",
      "Cricket",
      "The Oval",
      "The Gabba",
      "Captain (cricket)",
      "Team sport",
      "test cricket"
    ],
    "image_evidences": [],
    "result": {
      "confidence_score": 10,
      "explanation": "The news caption states 'Michael Clarke and Alastair Cook pose with a replica of the Ashes urn on the eve of the Ashes'. The detected visual entities include 'Alastair Cook', 'Michael Clarke', and 'The Ashes'. This indicates that the people and the event mentioned in the caption are present as detected visual entities. Thus, the caption aligns with the detected visual entities.",
      "verdict": true
    }
  },
  "external_check": {
    "text_evidences": [],
    "result": null
  },
  "final_result": {
    "OOC": false,
    "confidence_score": 10,
    "explanation": "The internal check confirms that the caption accurately represents the image content, with a confidence score of 10. It verifies the presence of 'Michael Clarke', 'Alastair Cook', and 'The Ashes' as detected visual entities, aligning with the caption's description of them posing with the Ashes urn. Since there is no external check, the analysis relies solely on the internal check which indicates that the caption is not out of context.",
    "validation_summary": "The internal check confirms that the caption accurately represents the image content; no external check was provided."
  },
  "inference_time": 3.603625535964966
}