{
  "caption": "David Cameron will answer questions from the Commons liaison committee at 4pm on Tuesday",
  "ground_truth": false,
  "internal_check": {
    "visual_entities": [
      "Public Relations",
      "Business",
      "Carbon capture and storage",
      "Coal-fired power station",
      "Fossil fuel",
      "Business plan",
      "Coal",
      "Entrepreneur",
      "Department for Business, Energy and Industrial Strategy",
      "Newsletter",
      "Businessperson",
      "Business executive",
      "business executive"
    ],
    "image_evidences": [
      {
        "title": "Carbon capture scheme collapsed 'over government department disagreements' | Carbon capture and storage (CCS) | The Guardian",
        "content": "",
        "caption": "Equipment used to capture carbon dioxide emissions at a coal-fired power plant in Thompsons, Texas.",
        "domain": "www.theguardian.com"
      },
      {
        "title": "Cameron faces questions over scrapping of carbon capture scheme | David Cameron | The Guardian",
        "content": "",
        "caption": "David Cameron will answer questions from the Commons liaison committee at 4pm on Tuesday.",
        "domain": "www.theguardian.com"
      }
    ],
    "result": {
      "confidence_score": 9,
      "explanation": "The news caption states David Cameron will answer questions from the Commons liaison committee at 4pm on Tuesday. Evidence 2 directly supports this statement with an image titled 'Cameron faces questions over scrapping of carbon capture scheme | David Cameron | The Guardian' and a caption that mirrors the news caption: 'David Cameron will answer questions from the Commons liaison committee at 4pm on Tuesday.' The domain, theguardian.com, is a credible news source. Furthermore, the news content discusses Cameron being questioned about a broken pledge regarding carbon capture technology. Evidence 1 provides a relevant image showing equipment used for carbon capture at a coal-fired power plant, supporting the context of the discussion. The entities 'Carbon capture and storage', 'Coal-fired power station', and 'Coal' are therefore visually confirmed. Therefore, the images support the news caption and provide context to the discussion.",
      "verdict": true
    }
  },
  "external_check": {
    "text_evidences": [
      {
        "title": "Cameron faces questions over scrapping of carbon capture scheme | David Cameron | The Guardian",
        "content": "Cameron faces questions over scrapping of carbon capture scheme ...",
        "caption": "David Cameron will answer questions from the Commons liaison committee at 4pm on Tuesday.",
        "domain": "www.theguardian.com"
      },
      {
        "title": "Politics live blog - Tuesday 6 September 2011 | Politics | theguardian.com",
        "content": "Politics live blog - Tuesday 6 September 2011 | Politics ...",
        "caption": "David Cameron liaison committee",
        "domain": "www.theguardian.com"
      },
      {
        "title": "Cameron faces questions over scrapping of carbon capture scheme | David Cameron | The Guardian",
        "content": "4096.jpg?width=1200&height= ...",
        "caption": "David Cameron will answer questions from the Commons liaison committee at 4pm on Tuesday.",
        "domain": "www.theguardian.com"
      },
      {
        "title": "Cameron faces questions over scrapping of carbon capture scheme | David Cameron | The Guardian",
        "content": "4096.jpg?width=1200&height=900 ...",
        "caption": "David Cameron will answer questions from the Commons liaison committee at 4pm on Tuesday.",
        "domain": "www.theguardian.com"
      },
      {
        "title": "Cameron faces questions over scrapping of carbon capture scheme | David Cameron | The Guardian",
        "content": "4096.jpg?width=1200&height=630 ...",
        "caption": "David Cameron will answer questions from the Commons liaison committee at 4pm on Tuesday.",
        "domain": "www.theguardian.com"
      }
    ],
    "result": {
      "verdict": false,
      "alignment_score": 70,
      "confidence_score": 8,
      "explanation": "The main subject in the news image, David Cameron, is seen gesturing while speaking, which aligns with the provided news caption mentioning his questioning by the Commons liaison committee. The composition of the news image is consistent with formal speaking engagements. However, there are key differences in the context of seating and background compared to reference images that reflect a parliamentary setting, specifically the setting depicted in the third reference image, which shows a more formal and structured environment typical of a Commons session. The lighting and position of his hand in the news image are consistent with expressions of engagement typical of speeches, but the background lacks the contextual indicators, like the iconic green benches seen in parliamentary settings. Further, while lighting in the news image is bright and consistent overall, the lack of timestamp or seasonal cues makes it tricky to ascertain if it refers directly to the mentioned event. Several reference images—including those aligned closely with the parliamentary context—illustrate a variety of angles but do not include the same background, suggesting a different context. Additionally, subtle visual manipulation signs in some reference images (like potential cropping from larger views) point to a need for clarity on context. Thus, while David Cameron is engaged in a speaking context, the specific setting may mislead viewers about the event represented, which detracts from the alignment with the news caption.",
      "key_observations": [
        "David Cameron's gestures are similar across images, indicating engagement and communication.",
        "The background in the news image is missing specific markers of a parliamentary session.",
        "Lighting in both the news image and references appears consistent, making them visually coherent on tone but not on context.",
        "Reference images show a more parliamentary setting with distinct seating arrangements that are lacking in the news image."
      ]
    }
  },
  "final_result": {
    "OOC": true,
    "confidence_score": 8,
    "explanation": "The internal check suggests that the news caption accurately represents its image, based on the supporting news content and the caption's consistency with the article and image. However, the external check disputes this, arguing that while David Cameron's gestures align with speaking engagements, the background of the news image lacks indicators of a parliamentary setting, deviating from reference images of similar events. The external check's confidence score is slightly lower (8 vs. 9), but its detailed key observations regarding the missing parliamentary context are persuasive. Given the caption specifies a 'Commons liaison committee' setting, the discrepancy in background is significant. Therefore, the caption is deemed out of context, prioritizing the external check due to its specific contextual analysis. The overall confidence score is 8 to reflect the slight difference in individual confidence scores.",
    "validation_summary": "The internal check finds the caption accurate, while the external check identifies a discrepancy in the image's setting compared to parliamentary norms. The absence of a parliamentary setting in the image, as highlighted by the external check, suggests that the caption misrepresents the image."
  },
  "inference_time": 15.181265592575073
}