{
  "caption": "A driver walks in front of the FFZero1 by Faraday Future at CES Unveiled",
  "ground_truth": false,
  "internal_check": {
    "visual_entities": [
      "Tesla, Inc.",
      "CES",
      "Car",
      "Electric vehicle",
      "Faraday Future",
      "Concept car",
      "Electric car",
      "Tech Cars",
      "2016 Auto Expo - Component",
      "Auto show",
      "Automobile factory",
      "Electrical Motor",
      "Automotive industry",
      "auto show"
    ],
    "image_evidences": [
      {
        "title": "Tesla rival Faraday gets one step closer to building electric cars in Vallejo - Los Angeles Times",
        "content": "",
        "caption": "A driver walks in front of the FFZero1 by Faraday Future at CES Unveiled, a media preview event for CES International in Las Vegas in January.",
        "domain": "www.latimes.com"
      },
      {
        "title": "First Faraday cars rolling out in 2018? Not so fast, warns electric car start-up - Los Angeles Times",
        "content": "",
        "caption": "A driver walks in front of the FFZero1 electric concept car by Faraday Future at CES Unveiled, a media preview event for CES International Jan. 4 in Las Vegas.",
        "domain": "www.latimes.com"
      },
      {
        "title": "Founder of electric vehicle startup Faraday files for bankruptcy - Los Angeles Times",
        "content": "",
        "caption": "Faraday",
        "domain": "www.latimes.com"
      }
    ],
    "result": {
      "confidence_score": 10,
      "explanation": "The news caption describes a driver walking in front of the FFZero1 by Faraday Future at CES Unveiled. Evidence 1 and 2 both show images of the FFZero1 by Faraday Future at CES Unveiled with similar captions. These captions confirm the presence of the car and the event mentioned in the news caption. Evidence 3 simply shows \"Faraday\" which is somewhat related but doesn't provide enough detail to support the claim. Therefore the images provide reasonable visual support for the given news caption.",
      "verdict": true
    }
  },
  "external_check": {
    "text_evidences": [
      {
        "title": "First Faraday cars rolling out in 2018? Not so fast, warns electric car start-up - Los Angeles Times",
        "content": "First Faraday cars rolling out in 2018? Not so fast, warns ...",
        "caption": "A driver walks in front of the FFZero1 electric concept car by Faraday Future at CES Unveiled, a media preview event for CES International Jan. 4 in Las Vegas.",
        "domain": "www.latimes.com"
      }
    ],
    "result": {
      "verdict": true,
      "alignment_score": 95,
      "confidence_score": 9,
      "explanation": "The news image shows a driver, dressed in a futuristic white outfit, walking in front of the FFZero1 by Faraday Future at the CES Unveiled event. The reference images depict the same scene with similar composition. Both images feature the same vehicle positioned prominently beside the driver, highlighting the innovative design of the vehicle. The lighting and overall setting are consistent as well, showcasing the high-tech ambiance of the event. The background includes similar tent-like structures and blue lighting, further aligning the scenes. There are minor visual differences such as the exact angles, but these do not detract from the contextual accuracy of the images. Overall, the news image effectively represents the event as described in the caption.",
      "key_observations": "- Both images show a driver in a futuristic outfit walking past the FFZero1.\n- The vehicle's design and placement are consistent across both images.\n- Lighting and setting match accurately, retaining the high-tech theme of the CES event.\n- Minor differences include angles and framing, but they are not significant enough to misrepresent the event."
    }
  },
  "final_result": {
    "OOC": false,
    "confidence_score": 9,
    "explanation": "Both the internal and external checks indicate that the news caption accurately represents the image. The internal check has a confidence score of 10 and the external check has a confidence score of 9 and an alignment score of 95. Both checks confirm that the image shows a driver walking in front of the FFZero1 by Faraday Future at CES Unveiled, as described in the caption. There are no conflicting findings.",
    "validation_summary": "Both internal and external validations confirm that the caption accurately represents the image content, showing a driver and the FFZero1 at CES Unveiled."
  },
  "inference_time": 8.307869911193848
}