{
  "caption": "Some Chinese nationals evacuated from Libya were taken to Greece",
  "ground_truth": false,
  "internal_check": {
    "visual_entities": [
      "Libya",
      "China",
      "Chinese language",
      "Chinese Nationals",
      "Persian Language",
      "military action",
      "BBC Scotland",
      "Change in China",
      "china pla libya evacuation"
    ],
    "image_evidences": [
      {
        "title": "Business interests propel change in China's global role - BBC News",
        "content": "",
        "caption": "Some Chinese nationals evacuated from Libya last year were taken to Greece",
        "domain": "www.bbc.com"
      },
      {
        "title": "Hundreds of Chinese workers are evacuated from Libya - BBC News",
        "content": "",
        "caption": "Some Chinese nationals evacuated from Libya were taken to Greece",
        "domain": "www.bbc.com"
      }
    ],
    "result": {
      "confidence_score": 10,
      "explanation": "The news caption states that some Chinese nationals evacuated from Libya were taken to Greece. The news content confirms this, mentioning that China thanked Greece for its help in evacuating nearly 80 of its nationals from Libya. Both image evidences, sourced from BBC News, corroborate the caption, stating \"Some Chinese nationals evacuated from Libya were taken to Greece\". The domains are credible news sources. Therefore, the images provide reasonable visual support and the claim is accurate based on the visual evidence.",
      "verdict": true
    }
  },
  "external_check": {
    "text_evidences": [
      {
        "title": "Hundreds flee as Libya fighting continues | News | Al Jazeera",
        "content": "Hundreds flee as Libya fighting continues | News | Al Jazeera",
        "caption": "A Greek frigate evacuated embassy staff and nearly 200 people from Greece, China and other countries [Reuters]",
        "domain": "www.aljazeera.com"
      }
    ],
    "result": {
      "verdict": true,
      "alignment_score": 80,
      "confidence_score": 8,
      "explanation": "The news image depicts Chinese nationals being evacuated from Libya and arriving in Greece. This aligns with the caption well. Visually, both the news image and the reference images show groups of people with luggage boarding a transport vessel. In the news image, individuals are seen carrying various luggage items and interacting with Greek officials, which reflects the evacuation context. \n\nThe reference images also convey a similar scene of people boarding a vessel, with interactions depicting a welcoming environment. Temporal indicators suggesting sunlight and the hustle involved suggest a likely warm climate, consistent across the images. \n\nHowever, the specific subjects and expressions differ, with the news image focusing on adult male evacuees while one reference image shows families, including a child. Yet this does not diminish the contextual accuracy involving the evacuation. There is no overt manipulation visible in either image; the photographic quality and angle do correspond, supporting a legitimate representation. Thus, while certain visual aspects are different, the core context remains accurate and aligned with the news caption.",
      "key_observations": [
        "Both images depict people with luggage boarding a vessel, consistent with the evacuation theme.",
        "The news image focuses more on adult males, while the reference images include families, highlighting diversity in the evacuees.",
        "Lighting conditions in both images suggest a similar time of day, supporting temporal consistency.",
        "No signs of digital manipulation are evident in either the news image or reference images."
      ]
    }
  },
  "final_result": {
    "OOC": false,
    "confidence_score": 9,
    "explanation": "Both the internal and external checks indicate that the news caption accurately represents the image. The internal check has a confidence score of 10, confirming that the caption aligns with the news content and BBC News images. The external check, with a confidence score of 8 and an alignment score of 80, also supports the caption's accuracy, noting the image depicts Chinese nationals being evacuated from Libya and arriving in Greece, which aligns with the caption. Given the high confidence scores and agreement between both checks, the caption is considered not out of context. The core context of the image - the evacuation of Chinese nationals - is consistent with the caption.",
    "validation_summary": "Both internal and external checks confirm the caption accurately represents the image, with high confidence and alignment scores."
  },
  "inference_time": 11.028320550918579
}