{
  "caption": "Timbuktu clearly a frontrunner for the Palme dOr",
  "ground_truth": false,
  "internal_check": {
    "visual_entities": [
      "Timbuktu",
      "Abderrahmane Sissako",
      "Kidane",
      "2014 Cannes Film Festival",
      "Satima",
      "Cannes",
      "Academy Award for Best International Feature Film",
      "Film festival",
      "Palme d'Or",
      "Cesar Award for Best Director",
      "Life of Riley",
      "Hard to Be a God",
      "Kessen Tall",
      "Timbuktu"
    ],
    "image_evidences": [
      {
        "title": "Timbuktu film at Cannes mixes tragedy, charm and humour - BBC News",
        "content": "",
        "caption": "Timbuktu film still",
        "domain": "www.bbc.com"
      },
      {
        "title": "Cannes 2014 roundup: from Graceless of Monaco to a Turner masterpiece | Cannes film festival | The Guardian",
        "content": "",
        "caption": "Timbuktu: 'clearly a frontrunner for the Palme d'Or'.",
        "domain": "www.theguardian.com"
      },
      {
        "title": "Cannes 2014: all the films we reviewed which do you most want to see? | Grace of Monaco | The Guardian",
        "content": "",
        "caption": "Timbuktu: 'clearly a frontrunner for the Palme d'Or'.",
        "domain": "www.theguardian.com"
      }
    ],
    "result": {
      "confidence_score": 10,
      "explanation": "The news caption \"Timbuktu clearly a frontrunner for the Palme d'Or\" is supported by the image evidences provided. Evidence 2 and 3 have the exact caption as the article which is \"Timbuktu: 'clearly a frontrunner for the Palme d'Or'.\" Evidence 1 is a film still of the movie Timbuktu. This aligns well with the claim in the news article.",
      "verdict": true
    }
  },
  "external_check": {
    "text_evidences": [
      {
        "title": "Cannes 2014: all the films we reviewed which do you most want to see? | Grace of Monaco | The Guardian",
        "content": "Cannes 2014: all the films we reviewed  which do you most want to ...",
        "caption": "Timbuktu: 'clearly a frontrunner for the Palme d'Or'.",
        "domain": "www.theguardian.com"
      },
      {
        "title": "Cannes 2014 roundup: from Graceless of Monaco to a Turner masterpiece | Cannes film festival | The Guardian",
        "content": "Cannes 2014 roundup: from Graceless of Monaco to a Turner ...",
        "caption": "",
        "domain": "www.theguardian.com"
      },
      {
        "title": "Cannes 2014: all the films we reviewed which do you most want to see? | Grace of Monaco | The Guardian",
        "content": "Cannes 2014: all the films we reviewed  which do you most want to ...",
        "caption": "For a whale of a time, try Leviathan",
        "domain": "www.theguardian.com"
      }
    ],
    "result": {
      "verdict": false,
      "alignment_score": 20,
      "confidence_score": 4,
      "explanation": "The news image does not align with the expected visual elements suggested by the caption regarding Timbuktu and the Palme d'Or. The news image features a somber scene involving individuals in a distressing situation, which starkly contrasts with the artistic and celebratory context usually associated with film festivals and awards. Reference images retrieved using the caption would be expected to feature either scenes from a film related to Timbuktu or visuals depicting the actual city in connection with the film festival.\" In terms of temporal consistency, the lighting and composition in the news image suggest a recent event with a different subject matter than what is typically associated with a film award event. The juxtaposition of lighting suggests a dramatic and possibly harsh environment, which does not correlate to what would typically be expected at a film event. There also appears to be a lack of elements that would indicate a celebratory event, such as red carpets, award statues, or film-related imagery. Furthermore, there is no discernible background that relates to the primary context of Timbuktu or any sign of a film festival gathering. The elements present suggest issues of potential manipulation or misrepresentation in aligning the image with the news caption. Overall, the news image does not accurately reflect the joyous or artistic connotations implied by the reference material.",
      "key_observations": "- News image presents a scene of distress, contrasting with the celebratory context of a film festival.\n- Expected elements for \"Timbuktu\" and Palme d'Or not visible (i.e., no film-related visuals).\n- Lighting in news image suggests a serious event; aligns poorly with festive or artistic nature of award events.\n- Lack of context-specific backgrounds like a red carpet or film audience, which further distances it from the expected imagery."
    }
  },
  "final_result": {
    "OOC": true,
    "confidence_score": 7,
    "explanation": "The internal check suggests the caption accurately reflects the news article content. However, the external check, though having a lower confidence score, strongly indicates a mismatch between the news image and the caption, citing a lack of expected visual elements (film-related imagery, celebratory context) and noting a scene of distress incongruent with a film festival. Given the significant misalignment identified by the external check, and considering the news image itself is unavailable for direct inspection, the image appears to be out of context. Therefore, prioritizing the external check's assessment of the image's content relative to the caption, there is an indication of misinformation, leading to the conclusion that the caption is out of context. A limitation is the relatively lower confidence score of the external check. The final decision leans toward 'Out of Context' due to the stark contrast observed between the image's content and the caption's implication.",
    "validation_summary": "Internal check validates caption within article context, but external check reveals image doesn't align with the caption's film festival and award context. Prioritizing image-caption alignment, the caption is likely out of context."
  },
  "inference_time": 10.983566284179688
}