{
  "caption": "Barack Obama announces his candidacy for president in front of the Old State Capitol in Springfield Illinois on Feb 10 2007",
  "ground_truth": false,
  "internal_check": {
    "visual_entities": [
      "Public speaking",
      "Business school",
      "Energy",
      "Speech",
      "Business",
      "Court",
      "Tourism",
      "Entrepreneur",
      "School",
      "Public",
      "Thermochemistry",
      "Chemistry",
      "Science",
      "public speaking"
    ],
    "image_evidences": [],
    "result": {
      "confidence_score": 7,
      "explanation": "The news caption describes Barack Obama announcing his candidacy for president in front of the Old State Capitol in Springfield, Illinois. The detected visual entities include 'Public speaking', 'Speech', and 'Public', which align with the event described in the caption. However, the entities do not provide information about the location (Old State Capitol) or date (Feb 10 2007). Based on the identified entities, the caption accurately reflects the presence of public speaking and a public event, but there is a lack of specific location or date information to fully confirm the caption's accuracy.",
      "verdict": true
    }
  },
  "external_check": {
    "text_evidences": [
      {
        "title": "Full text of Obama's candidacy speech  The Denver Post",
        "content": "Full text of Obama's candidacy speech  The Denver Post",
        "caption": "U.S. Sen. Barack Obama waves to spectators as he arrives to announce his candidacy for president at the Old State Capitol in Springfield, Ill. on Saturday, Feb. 10, 2007.",
        "domain": "www.denverpost.com"
      },
      {
        "title": "Obama historical marker now at Illinois' Old State Capital | AP News",
        "content": "Obama historical marker now at Illinois' Old State Capital | AP News",
        "caption": "A historical marker for former President Barack Obama stands at the Old State Capitol Building on Wednesday, Nov. 30, 2022, in Springfield, Ill. Obama launched his presidential bid at the Old State Capitol Building on Feb. 10, 2007. (Thomas J. Turney/The State Journal-Register via AP)",
        "domain": "apnews.com"
      },
      {
        "title": "Obama historical marker now at Illinois' Old State Capital | AP News",
        "content": "Obama historical marker now at Illinois' Old State Capital | AP News",
        "caption": "A historical marker for former President Barack Obama stands at the Old State Capitol Building on Wednesday, Nov. 30, 2022, in Springfield, Ill. Obama launched his presidential bid at the Old State Capitol Building on Feb. 10, 2007. (Thomas J. Turney/The State Journal-Register via AP)",
        "domain": "apnews.com"
      }
    ],
    "result": {
      "verdict": true,
      "alignment_score": 85,
      "confidence_score": 8,
      "explanation": "The news image depicts Barack Obama announcing his candidacy for president in front of the Old State Capitol in Springfield, Illinois, on February 10, 2007. In this image, Obama is clearly the central figure, speaking passionately at a podium, with the distinctive architectural features of the Old State Capitol visible in the background, particularly the rounded dome and the columns. This aligns visually with other reference images, particularly those that also feature the Old State Capitol where the event took place. Although there are slight differences in composition and the angle of photography, the context remains coherent across the visuals. \n\nThe temporal indicators, such as lighting, suggest a sunny day indicative of early February in Illinois, which is consistent with the expected weather for that time of year. The subjects in the referenced images illustrate different moments from the event, yet they share the common settings and thematic elements associated with Obama’s campaign announcement. For instance, the images showing Obama waving or interacting with the crowd underline the event's celebratory and significant nature—also matching the news caption's context.\n\nKey observations regarding digital manipulation were not evident, as there appear to be no artifacts or irregularities that would suggest alterations to the images. Thus, while the news image and reference images may have slightly different angles or shot compositions, they all resonate with the same core event. As such, the overall representation of Obama's announcement is accurate and contextually aligned with the news caption.",
      "key_observations": [
        "Subject: Barack Obama is central in the news image, consistent with the context of the event.",
        "Background: The Old State Capitol clearly visible in both news and reference images, sharing similar architectural features.",
        "Lighting: The bright lighting in the news image is consistent with February conditions in Illinois.",
        "Context: The narrative of Obama announcing his candidacy is uniformly depicted in all images, supporting the news caption's assertion."
      ]
    }
  },
  "final_result": {
    "OOC": false,
    "confidence_score": 8,
    "explanation": "The internal check has a confidence score of 7 and the external check has a confidence score of 8. Both checks resulted in a verdict of True, meaning the caption is likely accurate. The external check provides a detailed explanation of how the image aligns with the caption, including the presence of Barack Obama, the Old State Capitol, and temporal indicators. The internal check confirms the presence of public speaking and a public event, although it lacks information about the specific location or date. Given the higher confidence score and detailed alignment provided by the external check, combined with the corroborating evidence from the internal check, the caption is deemed not out of context.",
    "validation_summary": "Both internal and external checks suggest the caption accurately describes the image. The external check offers more detailed evidence and has a slightly higher confidence score."
  },
  "inference_time": 12.153234243392944
}