{
  "caption": "Singer Beyonce and rapper Jay Z perform onstage",
  "ground_truth": false,
  "internal_check": {
    "visual_entities": [
      "56th Annual Grammy Awards",
      "57th Annual Grammy Awards",
      "Drunk in Love",
      "On the Run Tour",
      "Grammy Award for Album of the Year",
      "Grammy Award for Best R&B Song",
      "Drunk in Love",
      "Grammy Award for Best R&B Performance",
      "2014",
      "Drunk in Love",
      "Beyonce",
      "Jay Z",
      "On the Run Tour: Beyonce and Jay-Z",
      "Grammy Awards",
      "beyonce drunk in love grammys 2014"
    ],
    "image_evidences": [],
    "result": {
      "confidence_score": 10,
      "explanation": "The news caption mentions 'Singer Beyonce and rapper Jay Z perform onstage'. The detected visual entities include 'Beyonce' and 'Jay Z', indicating their presence in the image. The news content mentions 'Beyonce and Jay Z’s ‘Drunk in Love’ Grammy performance: Making marriage look sexy?'. Also, the visual entities include 'Drunk in Love', 'Grammy Awards', 'beyonce drunk in love grammys 2014'. This information supports that the caption aligns with the visual content, as the detected entities confirm the presence of the mentioned individuals (Beyonce and Jay Z) and related events ('Grammy Awards').",
      "verdict": true
    }
  },
  "external_check": {
    "text_evidences": [
      {
        "title": "On the Run with Beyonce and Jay Z | LAist",
        "content": "On the Run with Beyonce and Jay Z | LAist",
        "caption": "Singer Beyonce and rapper Jay Z perform onstage during the 56th GRAMMY Awards at Staples Center on January 26, 2014 in Los Angeles, California.  ",
        "domain": "laist.com"
      }
    ],
    "result": {
      "verdict": true,
      "alignment_score": 85,
      "confidence_score": 8,
      "explanation": "The news image depicting Beyoncé and Jay Z performing onstage aligns closely with reference images retrieved from web searches based on the caption. Key visual elements include both artists being front and center in dynamic poses, surrounded by bright stage lights that create a dramatic atmosphere typical of live performances. The clothing worn by both artists matches known outfits from their performances, especially highlighting Beyoncé's black bodysuit and Jay Z's tailored tuxedo, consistent with formal stage attire. Lighting appears consistent across both images, with strong backlighting that creates visual depth and drama. \n\nFurthermore, the spatial relationships reflect a natural interaction as both artists are positioned closely, enhancing the performance's intimacy. There are no apparent signs of digital manipulation in any of the images; they all maintain similar qualities in their visual presentations, such as clarity and lighting consistency.\n\nAlthough there are slight differences in angles and expressions, these variations are common in live performance imagery and do not detract from the overall context that both artists are performing together on stage. Therefore, despite minor inconsistencies in composition, the overall representation of the event remains accurate given the news caption.",
      "key_observations": "- Both images feature Beyoncé in a black outfit and Jay Z in formal attire, consistent with their performance styles.\n- Lighting and stage elements are similar, aiding in the atmospheric resemblance between the news image and the references.\n- Slight variations in expressions and camera angles do not detract from the context of the performance.\n- No indications of digital manipulation were identified; all images maintain visual integrity."
    }
  },
  "final_result": {
    "OOC": false,
    "confidence_score": 9,
    "explanation": "Both the internal and external checks indicate that the news caption accurately represents the image. The internal check, with a confidence score of 10, confirms the presence of Beyonce and Jay Z in the image and their association with the Grammy Awards. The external check, with a confidence score of 8 and an alignment score of 85, further supports this by verifying the visual consistency of the image with reference images of Beyonce and Jay Z performing onstage. Given the high alignment score and the agreement between the internal and external checks, the caption is not out of context.",
    "validation_summary": "Both internal and external checks confirm the accuracy of the news caption, depicting Beyonce and Jay Z performing onstage. High alignment score and consistent findings across checks support this conclusion."
  },
  "inference_time": 9.176096677780151
}