{
  "caption": "Dylan Chestnutt endures windwhipped snow while walking during a winter storm in single digit temperatures in Portland Maine in February",
  "ground_truth": false,
  "internal_check": {
    "visual_entities": [
      "Portland",
      "Blizzard",
      "Snow",
      "Storm",
      "Weather",
      "Winter storm",
      "Winter",
      "Gale",
      "snow storm",
      "Rain",
      "Nor'easter",
      "Cold",
      "Maine",
      "portland maine snow"
    ],
    "image_evidences": [],
    "result": {
      "confidence_score": 9,
      "explanation": "The news caption describes a winter storm in Portland, Maine, with single-digit temperatures, and someone walking in wind-whipped snow. The detected visual entities include 'Portland', 'Blizzard', 'Snow', 'Storm', 'Weather', 'Winter storm', 'Winter', 'Gale', 'snow storm', 'Rain', \"Nor'easter\", 'Cold', 'Maine', and 'portland maine snow'.\n\nThe detected entities strongly support the caption. 'Portland', 'Maine' directly confirm the location. 'Blizzard', 'Snow', 'Storm', 'Weather', 'Winter storm', 'Winter', 'Gale', and 'snow storm' clearly align with the description of a winter storm. The entity 'Cold' supports the mention of single-digit temperatures. The presence of 'portland maine snow' further solidifies the location and weather condition. \n\nGiven the strong alignment between the caption and the detected visual entities, the caption accurately represents the visual content.",
      "verdict": true
    }
  },
  "external_check": {
    "text_evidences": [
      {
        "title": "North-east US may not be done setting records as region is set for more snow | United States | The Guardian",
        "content": "North-east US may not be done setting records as region is set for ...",
        "caption": "Dylan Chestnutt endures wind-whipped snow while walking during a winter storm in single digit temperatures in Portland, Maine in February.",
        "domain": "www.theguardian.com"
      },
      {
        "title": "Winter invades East Coast again  The Denver Post",
        "content": "Winter invades East Coast again  The Denver Post",
        "caption": "Dylan Chestnutt endures wind-whipped snow while walking in single-digit temperatures Monday in Portland, Maine. Heavy snow is pummeling much of Maine as a new round of winter weather immobilizes parts of the state.",
        "domain": "www.denverpost.com"
      }
    ],
    "result": {
      "verdict": true,
      "alignment_score": 85,
      "confidence_score": 8,
      "explanation": "The news image effectively represents the scenario described in the caption, depicting a person enduring heavy snowfall in cold weather conditions. Key visual elements such as the falling snow, the winter clothing worn by the individual, and the overall atmosphere align well with what would be expected during a winter storm in Portland, Maine. The person in the image is appropriately dressed for cold temperatures, which supports the context provided by the caption. The setting, featuring falling snow and a blurred background indicating a snowy street, aligns with the expectation of winter weather. Although some minor differences in lighting and details may exist when compared to reference images, such discrepancies do not detract from the overall thematic consistency of the news image with the caption. No obvious signs of digital manipulation are noted, strengthening the image's authenticity.",
      "key_observations": "- The news image depicts a person walking in heavy snowfall, consistent with the caption's description.\n- The attire of the person (hat, scarf, and sweater) matches the need for warm clothing in freezing temperatures.\n- The snowy environment is visually consistent with what one would expect during a winter storm.\n- The overall mood and conditions depicted in the news image align with the winter storm context.\n- Minor differences in image brightness or detail do not significantly alter the intended representation."
    }
  },
  "final_result": {
    "OOC": false,
    "confidence_score": 9,
    "explanation": "Both the internal and external checks indicate that the news caption accurately represents the image. The internal check has a confidence score of 9 and concludes that visual entities strongly support the caption. The external check has a confidence score of 8 and an alignment score of 85, confirming the image's consistency with the caption's description of a winter storm in Portland, Maine. Given the strong agreement and high confidence scores, there's no indication of the caption being out of context. The slight difference in confidence scores does not warrant prioritizing one over the other, as both independently arrive at the same conclusion.",
    "validation_summary": "Both internal and external checks confirm the caption accurately represents the image of a winter storm in Portland, Maine."
  },
  "inference_time": 10.202640056610107
}