{
  "caption": "The World Bar overlooks the Genting Arena concert venue",
  "ground_truth": true,
  "internal_check": {
    "visual_entities": [
      "Mode of transport",
      "Tourist attraction",
      "Architecture",
      "Night",
      "Transport",
      "Town",
      "Tourism",
      "night"
    ],
    "image_evidences": [],
    "result": {
      "confidence_score": 7,
      "explanation": "The caption mentions 'The World Bar overlooks the Genting Arena concert venue'. The detected entities include 'Tourist attraction', 'Town', and 'Tourism', which could be related to the Genting Arena and its surroundings. However, the entities do not explicitly confirm the presence of 'The World Bar' or its overlooking position. The presence of 'Architecture' and 'Night' might indicate the setting, but without specific entities related to the bar or the view, it is difficult to confirm the caption's accuracy fully. Thus, the verdict is based on a partial alignment.",
      "verdict": true
    }
  },
  "external_check": {
    "text_evidences": [
      {
        "title": "Resorts World Birmingham: How does it compare? - BBC News",
        "content": "Resorts World Birmingham: How does it compare? - BBC News",
        "caption": "",
        "domain": "www.bbc.com"
      },
      {
        "title": "Resorts World Birmingham: How does it compare? - BBC News",
        "content": "Resorts World Birmingham: How does it compare? - BBC News",
        "caption": "",
        "domain": "www.bbc.com"
      }
    ],
    "result": {
      "verdict": false,
      "alignment_score": 30,
      "confidence_score": 6,
      "explanation": "The analysis of the provided news image in comparison to the reference images highlights several significant discrepancies. The news image depicts a dark, rainy scene at what appears to be a venue under construction or renovation, possibly related to the Genting Arena. In contrast, the reference images focus primarily on the Genting Arena itself and surrounding areas but in different contexts—some showcasing views of water and boats, while others highlight structures unrelated to the arena's specific context.\n\nKey visual elements expected from the caption include the Genting Arena and its relationship with The World Bar. However, the news image lacks a direct representation of the Genting Arena itself or any clear connection to The World Bar. The reference images show different aspects of the Genting Arena, often in daylight or different weather conditions, which further underscores the inconsistency.\n\nFurthermore, the lighting and seasonal elements present in the news image suggest a nighttime scene with poor weather, differing substantially from the other images that depict clearer days. The spatial relationship and scale in the images also do not match well, indicating a broader distance from context and meaning than one would expect per the caption. No signs of digital manipulation were evident, but the stark disparity between settings raises questions about the overall context conveyed by the news image.\n\nDespite the core element of being an event 'overlooking' the arena, the important aspect of visual consistency with the reference images is not fulfilled, leading to a conclusion that the news image does not accurately represent the intended context described in the news caption.",
      "key_observations": [
        "The news image features an under-construction structure at night, unrelated to the unique design of the Genting Arena.",
        "Reference images show the Genting Arena and various settings in daylight, presenting clear views and surroundings.",
        "Temporal inconsistencies are present: the news image indicates nighttime and potentially rainy weather, contrasting with the daylight settings in the references.",
        "The spatial relationship in the news image does not align with the expected view from The World Bar, raising questions about contextual relevance."
      ]
    }
  },
  "final_result": {
    "OOC": true,
    "confidence_score": 7,
    "explanation": "The internal check suggests a partial alignment between the caption and the image content, with a confidence score of 7. It acknowledges the presence of relevant entities but lacks specific confirmation of 'The World Bar' or its 'overlooking' position. The external check, however, indicates a clear mismatch with an alignment score of 30 and a confidence of 6, noting discrepancies in visual elements, lighting, and spatial relationships between the news image and reference images of the Genting Arena and its surroundings. Given the significant discrepancies highlighted by the external check, particularly the absence of the Genting Arena in the news image and inconsistencies in the environment (nighttime, under construction vs. daytime), the caption is considered out of context. Prioritizing the external check due to the stronger visual evidence of mismatch, the final verdict is that the caption does not accurately represent the image.",
    "validation_summary": "Internal check shows partial alignment, but external check reveals significant discrepancies in visual elements and context, leading to the conclusion that the caption is out of context."
  },
  "inference_time": 11.97737431526184
}