{
  "caption": "UV boi fell in love with music thanks to Chrome Sparks s Your Planet",
  "ground_truth": true,
  "internal_check": {
    "visual_entities": [
      "Maltese dog",
      "Havanese",
      "Little lion dog",
      "Vertebrate",
      "Bolognese dog",
      "Bolonka",
      "Canidae",
      "Westminster Kennel Club Dog Show",
      "Dog",
      "Dog breed",
      "Russian Tsvetnaya Bolonka",
      "Companion dog",
      "Mammal",
      "Dog show",
      "Dog",
      "dog"
    ],
    "image_evidences": [],
    "result": {
      "confidence_score": 1,
      "explanation": "The news caption mentions \"UV boi fell in love with music thanks to Chrome Sparks s Your Planet\". The detected visual entities are various breeds of dogs. There is no alignment between the text and the visual entities. Therefore, the caption is not supported by the visual entities.",
      "verdict": false
    }
  },
  "external_check": {
    "text_evidences": [
      {
        "title": "UV boi: Flume showed if you make what you love, you can achieve anything | Music | The Guardian",
        "content": "UV boi: Flume showed if you make what you love, you can achieve ...",
        "caption": "UV boi fell in love with music thanks to Chrome Sparkss Your Planet.",
        "domain": "www.theguardian.com"
      },
      {
        "title": "UV boi: Flume showed if you make what you love, you can achieve anything | Music | The Guardian",
        "content": "a04b22f0-0c81-4851-a0b5- ...",
        "caption": "UV boi fell in love with music thanks to Chrome Sparkss Your Planet.",
        "domain": "www.theguardian.com"
      }
    ],
    "result": {
      "verdict": false,
      "alignment_score": 20,
      "confidence_score": 7,
      "explanation": "The news image under analysis does not align with the reference images derived from the caption \"UV boi fell in love with music thanks to Chrome Sparks s Your Planet.\" The key visual elements expected based on this caption likely involve a representation of the artist UV boi, possibly in a musical context or an environment related to music. However, the news image presents a dog with long hair and bows, which is entirely unrelated to the context of the caption regarding music or the artist UV boi.\n\nIn comparing the news image to the reference images, the primary subjects are drastically different. The reference images depict a human individual, potentially reflecting the style or aesthetic associated with UV boi, linked to a musical ambiance by the caption. Having significant visual elements such as facial expression, attire, or musical instruments, these images underscore the artistic exploration, while the dog image does not carry any of these thematic elements. \n\nThere is also a clear lack of temporal indicators that would connect the news image to the music-related context described in the caption. The lighting, settings, and overall composition of the dog image do not support an interpretation related to music or the artist. Furthermore, examination for signs of digital manipulation indicates no artifacts in the dog image affecting its appearance; however, its content vastly diverges from the theme implied by the caption regarding UV boi and music.",
      "key_observations": [
        "The news image depicts a dog, while reference images focus on a human subject possibly connected to the music scene.",
        "No visual elements, such as attire, expressions, or instruments, in the dog image correspond to the implied musical theme.",
        "Reference images have consistent lighting and an atmosphere suggesting music, which is missing in the unrelated image of the dog."
      ]
    }
  },
  "final_result": {
    "OOC": true,
    "confidence_score": 9,
    "explanation": "Both internal and external checks indicate that the news caption is out of context. The internal check has a confidence score of 1.0 and states that the caption refers to music and the artist 'UV boi,' while the visual entities detected are dogs, indicating a mismatch. The external check, with a confidence score of 7 and alignment score of 20, confirms this misalignment, noting that the image is of a dog and unrelated to the music-related context of the caption. Given the high confidence in both checks and the clear discrepancy between the caption's reference to music and the image of a dog, the caption is determined to be out of context. The external check's detailed observation of the image further supports this conclusion.",
    "validation_summary": "Both internal and external validations confirm the caption is out of context due to a mismatch between the caption (music, artist UV boi) and the image (dog)."
  },
  "inference_time": 12.012070894241333
}