{
  "caption": "President Obama speaks about USLaos relations at the Lao National Cultural Hall in Vientiane on Sept 6 2016",
  "ground_truth": true,
  "internal_check": {
    "visual_entities": [
      "Yoon Seok-youl",
      "People Power Party",
      "jungdaebeomjoesusaceong",
      "Prosecutor General of South Korea",
      "Politics",
      "Newsis",
      "Prosecutor",
      "Opinion poll",
      "Parliamentary opposition",
      "Lee Nak-yon",
      "Keum Tae-seop",
      "Kweon Seongdong",
      "public speaking"
    ],
    "image_evidences": [],
    "result": {
      "confidence_score": 1,
      "explanation": "The detected visual entities consist of Korean political figures and concepts. The news caption and content are about President Obama's visit to Laos. There is no overlap or consistency between the detected entities and the news item. Therefore, the caption does not accurately represent the visual content based on the detected visual entities.",
      "verdict": false
    }
  },
  "external_check": {
    "text_evidences": [],
    "result": null
  },
  "final_result": {
    "OOC": true,
    "confidence_score": 10,
    "explanation": "The internal check result indicates that the news caption does not accurately represent the visual content of the image, as it detected Korean political figures and concepts while the caption and news content describe President Obama's visit to Laos. The internal check has a confidence score of 1. There is no external check provided. Therefore, based on the available evidence, the caption is out of context. Because the internal check provides a definite negative, the confidence score is high.",
    "validation_summary": "The internal check determines the caption is out of context with high confidence. No external check was performed."
  },
  "inference_time": 3.1986610889434814
}