{
  "caption": "Suspected pirates surrender off the coast of Somalia after Royal Marines board their vessel",
  "ground_truth": false,
  "internal_check": {
    "visual_entities": [
      "Piracy",
      "Piracy off the coast of Somalia",
      "Ship",
      "Indian Ocean",
      "Maritime security",
      "Gulf of Aden",
      "Somalia",
      "Indian Navy",
      "Warship",
      "Hao Kan Shi Pin ",
      "maritime transport",
      "Mother ship",
      "piracy in the indian ocean"
    ],
    "image_evidences": [],
    "result": {
      "confidence_score": 9,
      "explanation": "The news caption \"Suspected pirates surrender off the coast of Somalia after Royal Marines board their vessel\" aligns well with the detected visual entities. The presence of entities such as 'Piracy', 'Piracy off the coast of Somalia', 'Ship', 'Indian Ocean', and 'Somalia' directly supports the caption's claim of pirates surrendering off the coast of Somalia. The mention of 'Maritime security' and related terms like 'maritime transport' indicate a context consistent with the Royal Marines boarding a vessel, which would be a maritime security operation. The term 'Mother ship' also alludes to pirate operations at sea. The entities strongly suggest the scenario described in the caption.",
      "verdict": true
    }
  },
  "external_check": {
    "text_evidences": [
      {
        "title": "Navy captures Somali pirates in Indian Ocean | Piracy at sea | The Guardian",
        "content": "Navy captures Somali pirates in Indian Ocean | Piracy at sea | The ...",
        "caption": "Suspected pirates surrender off the coast of Somalia after Royal Marines board their vessel. Photograph: Royal Navy/AFP/Getty Images",
        "domain": "www.theguardian.com"
      },
      {
        "title": "Navy captures Somali pirates in Indian Ocean | Piracy at sea | The Guardian",
        "content": "Navy captures Somali pirates in Indian Ocean | Piracy at sea | The ...",
        "caption": "Suspected pirates surrender off the coast of Somalia after Royal Marines board their vessel. Photograph: Royal Navy/AFP/Getty Images",
        "domain": "www.theguardian.com"
      },
      {
        "title": "Navy captures Somali pirates in Indian Ocean | Piracy at sea | The Guardian",
        "content": "Somali-pirates-007.jpg?width= ...",
        "caption": "Suspected pirates surrender off the coast of Somalia after Royal Marines board their vessel. Photograph: Royal Navy/AFP/Getty Images",
        "domain": "www.theguardian.com"
      }
    ],
    "result": {
      "verdict": true,
      "alignment_score": 90,
      "confidence_score": 8,
      "explanation": "The comparison between the news image and reference images shows a high degree of visual consistency. Key elements in the news caption, which mentions 'suspected pirates' surrendering off the coast of Somalia after a naval operation, are well-represented. The news image depicts a larger boat surrounded by individuals, likely within the context of surrendering, supported by the presence of armed personnel in similar outfits consistent with maritime operations. The environmental context of the ocean and the vessels aligns uniformly with the reference images. \n\nTemporal indicators are consistent; all images portray a similar time of day based on the lighting and water reflections, suggesting they were captured in the same general timeframe. The layout and positioning of the boats and individuals match across the images, affirming spatial relationships remain intact. No discernible signs of digital manipulation were observed across the images analyzed.\n\nWhile there are minor differences such as image quality and angles, they do not detract from the overall context and portrayal of the event. The visual discrepancies do not indicate misleading content, as the essential context remains aligned with the news caption.",
      "key_observations": [
        "The primary boat and the positioning of individuals are consistent across all images.",
        "Lighting and ocean conditions appear uniform, suggesting similar temporal contexts.",
        "No visible signs of manipulation or artifacts were present.",
        "The presence of armed personnel and the overall maritime theme aligns well with the caption's description of a naval operation.",
        "Minor variations in image quality but no significant differences in core content."
      ]
    }
  },
  "final_result": {
    "OOC": false,
    "confidence_score": 9,
    "explanation": "The internal check, with a confidence score of 9, confirms that the news caption accurately represents the image content. The external check, also supportive, provides an alignment score of 90 and a confidence score of 8, further validating that the image aligns with the caption and reference images. Both checks independently conclude that the caption is not out of context. Given the alignment and high confidence scores, there's no indication of misinformation or out-of-context usage. Therefore, I conclude that the caption is accurate. Because both checks are positive and have similar confidence levels, the final confidence score is set to 9.",
    "validation_summary": "Both internal and external checks confirm the caption accurately represents the image, with high confidence and alignment scores."
  },
  "inference_time": 10.81256365776062
}