{
  "caption": "Dan Colen s Holy Shit and Andy Warhol s Liz 1 are auctioned at Sotheby s in New York City",
  "ground_truth": true,
  "internal_check": {
    "visual_entities": [
      "Hottest chili pepper",
      "Cayenne pepper",
      "Habanero",
      "Chili pepper",
      "Trinidad Scorpion Butch T pepper",
      "Scoville Unit",
      "Pasilla",
      "Paprika",
      "Peperoncino",
      "Guinness World Records",
      "World",
      "Berry",
      "Fruit",
      "Superfood",
      "peperoncini"
    ],
    "image_evidences": [],
    "result": {
      "confidence_score": 1,
      "explanation": "The news caption mentions artworks \"Dan Colen s Holy Shit and Andy Warhol s Liz 1\" being auctioned at Sotheby s in New York City. However, the detected visual entities are related to chili peppers and fruits. There is no overlap or consistency between the caption's content (art auction) and the detected visual entities (food items). Therefore, the caption does not accurately represent the visual content.",
      "verdict": false
    }
  },
  "external_check": {
    "text_evidences": [
      {
        "title": "Going, going, gone: how Sothebys and Christies still lose out on big sales | Art and design | The Guardian",
        "content": "Going, going, gone: how Sotheby's and Christie's still lose out on ...",
        "caption": "Dan Colens Holy Shit and Andy Warhols Liz #1 (Early Colored Liz) are auctioned at Sothebys in New York City.",
        "domain": "www.theguardian.com"
      },
      {
        "title": "Best pictures of the day - live | World news | The Guardian",
        "content": "Best pictures of the day - live | World news | The Guardian",
        "caption": "Dan Colen's artwork titled \"Holy Shit\" and Andy Warhol's artwork titled \"Liz #1 (Early Colored Liz)\" are auctioned at Sotheby's in New York City. Photograph: Andrew Burton/Getty Images",
        "domain": "www.theguardian.com"
      },
      {
        "title": "Going, going, gone: how Sothebys and Christies still lose out on big sales | Art and design | The Guardian",
        "content": "Going, going, gone: how Sotheby's and Christie's still lose out on ...",
        "caption": "Dan Colens Holy Shit and Andy Warhols Liz #1 (Early Colored Liz) are auctioned at Sothebys in New York City.",
        "domain": "www.theguardian.com"
      },
      {
        "title": "Going, going, gone: how Sothebys and Christies still lose out on big sales | Art and design | The Guardian",
        "content": "Going, going, gone: how Sotheby's and Christie's still lose out on ...",
        "caption": "Christies New York auction for the 1969 painting by Francis Bacon - which sold for $142m.",
        "domain": "www.theguardian.com"
      },
      {
        "title": "Best pictures of the day - live | World news | The Guardian",
        "content": "Best pictures of the day - live | World news | The Guardian",
        "caption": "A woman holds an album sleevefeaturing a picture of Indian film actor Amitabh Bachchan during a press preview of works from the \"Vintage Bollywood Memorabilia\" auction. Celebrating 100 years of Bollywood, the auction organised by Conferro Auctions takes place on November 29 at the Westbury Gallery in London.",
        "domain": "www.theguardian.com"
      }
    ],
    "result": {
      "verdict": false,
      "alignment_score": 20,
      "confidence_score": 7,
      "explanation": "The news image does not visually align with the reference images associated with the auction event at Sotheby’s involving Dan Colen's \"Holy Shit\" and Andy Warhol's \"Liz 1.\" The news image shows a red object resembling a pepper, which is unrelated to the auction context described in the caption. In contrast, the reference images depict a Sotheby's auction scene with auctioneers, the auction stage, and artworks relevant to the auction. Key features in the reference images include the auctioneer, audience, and the specific artworks being auctioned, which are absent from the news image. Additionally, there is no visual indication of the auction setting or the artworks mentioned in the caption.",
      "key_observations": [
        "News image depicts a red object resembling a pepper, unrelated to the auction context.",
        "Reference images show the Sotheby's auction setting with the auctioneer and artworks (Colen's \"Holy Shit\" and Warhol's \"Liz 1\").",
        "The auctioneer's pose, audience behavior, and artworks are significant elements in the reference imagery absent in the news image.",
        "Visual elements of the news image do not match the composition, subjects, or context expected based on the provided caption."
      ]
    }
  },
  "final_result": {
    "OOC": true,
    "confidence_score": 8,
    "explanation": "Both the internal and external checks indicate that the news caption is out of context with the image. The internal check, with a confidence score of 1, states the visual entities detected (chili peppers and fruits) are inconsistent with the caption's content about an art auction. The external check, with a confidence score of 7 and an alignment score of 20, further supports this by stating that the image does not align with reference images of the Sotheby's auction involving the mentioned artworks. The external check also explicitly states the news image shows a red object resembling a pepper, unrelated to the auction context. Given the consensus between the internal and external checks, with the external check providing a higher confidence score and a specific alignment score indicating a mismatch, the caption is deemed out of context.",
    "validation_summary": "Both internal and external checks agree that the image content (chili peppers) does not align with the news caption (art auction at Sotheby's), leading to the conclusion that the caption is out of context."
  },
  "inference_time": 9.432666540145874
}