{
  "caption": "Jim Ed Brown center with the Cates Sisters performs for the Tennessee Press Association members at a luncheon with renditions of country music favorites Jan 19 1973",
  "ground_truth": false,
  "internal_check": {
    "visual_entities": [
      "Musician",
      "Black and white",
      "Performance M",
      "Black",
      "music"
    ],
    "image_evidences": [],
    "result": {
      "confidence_score": 6,
      "explanation": "The caption mentions \"Jim Ed Brown\", \"Cates Sisters\", and \"Tennessee Press Association members\". The detected entities include 'Musician' and 'Performance', which weakly align with the caption's mention of Jim Ed Brown and a performance setting. However, there's no specific visual evidence to confirm the presence of the 'Cates Sisters' or 'Tennessee Press Association members'. The visual entities only provide a general context related to music, which is not a strong validation of the complete caption.",
      "verdict": false
    }
  },
  "external_check": {
    "text_evidences": [
      {
        "title": "Jim Ed Brown and The Browns over the years",
        "content": "Jim Ed Brown and The Browns over the years",
        "caption": "Marcy and Margie, the Cates Sisters, and Jim Ed Brown entertain the Tennessee Press Association members at a luncheon with renditions of country music favorites Jan. 19, 1973.",
        "domain": "www.tennessean.com"
      },
      {
        "title": "Jim Ed Brown and The Browns over the years",
        "content": "Jim Ed Brown and The Browns over the years",
        "caption": "Marcy and Margie, the Cates Sisters, and Jim Ed Brown entertain the Tennessee Press Association members at a luncheon with renditions of country music favorites Jan. 19, 1973.",
        "domain": "www.tennessean.com"
      },
      {
        "title": "Jim Ed Brown and The Browns over the years",
        "content": "635628202757446468-JimEdBrown- ...",
        "caption": "Marcy and Margie, the Cates Sisters, and Jim Ed Brown entertain the Tennessee Press Association members at a luncheon with renditions of country music favorites Jan. 19, 1973.",
        "domain": "www.tennessean.com"
      },
      {
        "title": "Jim Ed Brown and The Browns over the years",
        "content": "Jim Ed Brown and The Browns over the years",
        "caption": "The Browns, Jim Ed Brown, right, and his sisters Maxine and Bonnie, are performing at one of the show during the 12th annual Country Music Festival at Municipal Auditorium Nov. 1, 1963.",
        "domain": "www.tennessean.com"
      },
      {
        "title": "Jim Ed Brown and The Browns over the years",
        "content": "Jim Ed Brown and The Browns over the years",
        "caption": "Bonnie, left, Maxine and Jim Ed of The Browns thrills the audience with their marvelous voices during The Tennessean's Centennial Park concert July 17, 1966.",
        "domain": "www.tennessean.com"
      }
    ],
    "result": {
      "verdict": true,
      "alignment_score": 85,
      "confidence_score": 8,
      "explanation": "The news image features Jim Ed Brown center stage performing during a 1973 Tennessee Press Association luncheon, flanked by the Cates Sisters. The image closely mirrors the general context implied by the caption; the presence of the musicians, the performance setting, and the attire align with typical country music events of that era. Comparing with reference images, notable elements include similar hairstyles, clothing styles (notably bell-bottoms and patterned suits), and general stage setup—all consistent with a country music performance from the 1970s. However, slight variations in the exact arrangements of performers indicate potential differences in timing or moments captured. Key elements like audience engagement, lighting reflecting the indoor scene, and decor fit the setting accurately. While the exact composition differs between the news image and some reference images, the overall depiction still authentically represents the event described. There are no obvious signs of digital manipulation discernible in these photographs.",
      "key_observations": [
        "Jim Ed Brown is the central figure, consistent across the images.",
        "The Cates Sisters are shown similarly dressed in reference images, aligning with known performances.",
        "The performance setting with instruments and stage layout is consistent with typical events of that era.",
        "Lighting conditions in the news image and most reference images are similar, indicating an indoor setting during daytime or evening.",
        "Variations exist in the arrangement of performers, suggesting differences in timing or captured moments.",
        "No signs of digital manipulation are detected in the images."
      ]
    }
  },
  "final_result": {
    "OOC": false,
    "confidence_score": 8,
    "explanation": "The external check, with a confidence score of 8 and an alignment score of 85, strongly suggests that the caption accurately represents the image. It confirms the presence of Jim Ed Brown and the Cates Sisters at a performance for the Tennessee Press Association members. Although the internal check had a lower confidence score of 6 and a negative verdict, the external check provides substantial evidence to support the caption's accuracy. Therefore, prioritizing the higher confidence external check, the caption is not out of context.",
    "validation_summary": "The external check confirms that the caption accurately represents the image with high confidence. The internal check was initially negative but is outweighed by the strong evidence from the external check."
  },
  "inference_time": 11.732404470443726
}