{
  "caption": "A proposed pipeline to carry tar sands oil from Canada to the US has ignited protests on climate change grounds",
  "ground_truth": false,
  "internal_check": {
    "visual_entities": [
      "Keystone Pipeline",
      "Dakota Access Pipeline protests",
      "Politics",
      "Demonstration",
      "Activism",
      "North American Free Trade Agreement",
      "Justin Trudeau",
      "protest"
    ],
    "image_evidences": [],
    "result": {
      "confidence_score": 7,
      "explanation": "The news caption discusses a proposed pipeline for carrying tar sands oil from Canada to the US, which has sparked protests related to climate change. The detected visual entities include 'Keystone Pipeline', 'Dakota Access Pipeline protests', 'Demonstration', 'Activism', and 'protest'. These detected entities align with the caption's mention of a pipeline project and associated protests. The entities 'Politics', 'North American Free Trade Agreement', and 'Justin Trudeau' may or may not be directly related to the visual content of the image, as they represent broader contextual elements. Based on this alignment, the caption appears reasonably representative of the visual content.",
      "verdict": true
    }
  },
  "external_check": {
    "text_evidences": [
      {
        "title": "The film that reveals how American experts discredit climate scientists | Climate science scepticism and denial | The Guardian",
        "content": "The film that reveals how American 'experts' discredit climate ...",
        "caption": "A proposed pipeline to carry tar sands oil from Canada to the US has ignited protests on climate change grounds. Photograph: Pete Marovich/Bloomberg via Getty Images",
        "domain": "www.theguardian.com"
      },
      {
        "title": "The film that reveals how American experts discredit climate scientists | Climate science scepticism and denial | The Guardian",
        "content": "The film that reveals how American 'experts' discredit climate ...",
        "caption": "A proposed pipeline to carry tar sands oil from Canada to the US has ignited protests on climate change grounds. Photograph: Pete Marovich/Bloomberg via Getty Images",
        "domain": "www.theguardian.com"
      }
    ],
    "result": {
      "verdict": true,
      "alignment_score": 85,
      "confidence_score": 9,
      "explanation": "The news image depicts a protest against the Keystone XL pipeline, aligning closely with the caption that discusses protests concerning climate change due to the proposed pipeline. Visual elements such as protesters holding signs that read \"No KXL\" and \"State Department: Reject the Keystone XL Pipeline!\" match the protest theme noted in the caption. The protesters' attire suggests a cold season, which corresponds with the winter setting observed in the reference images, indicating temporal consistency with typical protest timings for such events. \n\nWhile there's minor visual variation between the news image and the reference images (slight differences in the arrangement of signs and the exact expressions of the participants), the core message and contextual relevance are preserved across all images. The lighting conditions, with a bright day but low sun angle typical for winter, are consistent. No significant signs of digital manipulation were identified, affirming the authenticity of the news image. Given that the environmental backdrop and interpersonal dynamics in the images retain a coherent narrative concerning climate change action against tar sands oil, the overall representation remains valid despite some minor inconsistencies.",
      "key_observations": [
        "Protest signs and slogans in the images are consistent, emphasizing messages against the Keystone XL pipeline.",
        "Lighting conditions are similar across the news image and reference images, indicating a winter setting.",
        "Minor differences in composition (e.g., arrangement of protesters) do not alter the context of the protest.",
        "No obvious signs of digital manipulation detected in any of the images."
      ]
    }
  },
  "final_result": {
    "OOC": false,
    "confidence_score": 9,
    "explanation": "Both the internal and external checks indicate that the news caption accurately represents the image. The internal check has a confidence score of 7 and confirms that visual entities like 'Keystone Pipeline', 'Dakota Access Pipeline protests', and 'Demonstration' align with the caption's description of a pipeline project and associated protests. The external check, with a higher confidence score of 9 and an alignment score of 85, further supports this by verifying that the image depicts a protest against the Keystone XL pipeline, which aligns with the caption's mention of climate change protests related to a pipeline. The minor visual variations noted in the external check do not alter the overall context or relevance. Therefore, the caption is not out of context.",
    "validation_summary": "Both internal and external checks confirm that the news caption accurately represents the image content, depicting protests against the Keystone XL pipeline."
  },
  "inference_time": 9.726036548614502
}