{
  "caption": "Stephen Fry and husband Elliott Spencer at the Weinstein Company s afterparty",
  "ground_truth": true,
  "internal_check": {
    "visual_entities": [
      "The Revolution",
      "Musician",
      "Purple Rain",
      "Erotic City (\"Make Love Not War Erotic City Come Alive\")",
      "Purple Rain Deluxe",
      "Rock",
      "Song",
      "The Beatles",
      "Artist",
      "Little Red Corvette",
      "Prince",
      "Erotic City",
      "Prince"
    ],
    "image_evidences": [
      {
        "title": "Prince re-signs deal with Warner Bros. Records after 18 year split | Prince | The Guardian",
        "content": "",
        "caption": "Prince: back with Warner Bros after nearly two decades",
        "domain": "www.theguardian.com"
      },
      {
        "title": "Prince watch: his Hit and Run tour stops by at Ronnie Scott's | Prince | The Guardian",
        "content": "",
        "caption": "Prince: Kate Moss, Adele, Rita Ora, Noel Gallagher, Cara Delevingne and Stephen Fry attended his Ronnie Scotts gig",
        "domain": "www.theguardian.com"
      },
      {
        "title": "Prince treats fans to intimate Valentine's Day gig in King's Cross | Prince | The Guardian",
        "content": "",
        "caption": "Prince plays his surprise Valentine's Day gig at Kings Place, London.",
        "domain": "www.theguardian.com"
      }
    ],
    "result": {
      "confidence_score": 7,
      "explanation": "The news caption mentions Stephen Fry and his husband Elliott Spencer at the Weinstein Company's afterparty. Evidence 2 from the Guardian mentions Stephen Fry attending Prince's Ronnie Scott's gig. While this doesn't directly show Fry with his husband or at the specific afterparty mentioned, it does confirm his presence at an event. Evidence 1 and 3 are about Prince and don't relate to Stephen Fry. The detected visual entities are all related to Prince, which aligns with the images but not directly with the news caption's main point about Fry and his husband at the afterparty. Therefore, the images provide partial, but not complete, support for the news caption.",
      "verdict": false
    }
  },
  "external_check": {
    "text_evidences": [
      {
        "title": "Baftas 2015: 10 best quotes from the ceremony | Baftas 2015 | The Guardian",
        "content": "Baftas 2015: 10 best quotes from the ceremony | Baftas 2015 | The ...",
        "caption": "Stephen Fry and husband Elliott Spencer at the Weinstein Companys afterparty.",
        "domain": "www.theguardian.com"
      }
    ],
    "result": {
      "verdict": false,
      "alignment_score": 10,
      "confidence_score": 2,
      "explanation": "The news image and the reference images do not align either visually or contextually. The news image features a musician performing, while the reference images show Stephen Fry and his husband, Elliott Spencer, at an event. The subjects are distinctly different, which directly contradicts the expectation set by the news caption. Temporal indicators such as lighting and environment differ significantly; the news image has a performance setting with stage lighting, while the reference images suggest a formal setting during a social event. Therefore, despite the potential for other contextual elements to be present, the core subjects are not aligned with the news caption. Overall, this indicates a lack of authenticity in depicting the event described in the caption.",
      "key_observations": [
        "The news image does not feature Stephen Fry or Elliott Spencer, diverging from the news caption.",
        "The reference images depict a formal party environment, contrasting sharply with the performance setting in the news image.",
        "No visual or contextual elements match between the two sets of images, failing the consistency checks for subject and context."
      ]
    }
  },
  "final_result": {
    "OOC": true,
    "confidence_score": 8,
    "explanation": "The internal and external checks both indicate that the news caption does not accurately represent the image, leading to an 'Out of Context' (OOC) determination. The internal check has a confidence score of 7 and suggests the images contain visual entities related to Prince, not Stephen Fry. The external check shows a high alignment score of 10 and low confidence score of 2 indicating there is little to no alignment between the news image (musician performing) and reference images (Stephen Fry and Elliott Spencer at an event), thus explicitly contradicting the caption. Even though the confidence score of the external check is low, its high alignment score strongly indicates mismatch. Thus, the external check bolsters the internal check, despite the slightly lower confidence score. Given that both checks point to a mismatch between the image and the caption, the caption is deemed out of context. The news content also strengthens the possibility that Stephen Fry attended an event, but provides no support that he attended it with Elliot Spencer, or that the image aligns with the caption. The final confidence score is 8, reflecting the strong combined evidence, with consideration that external check had a lower initial confidence score.",
    "validation_summary": "Both internal and external checks suggest the image does not match the caption. Internal check notes the image features Prince, not Fry. External check confirms a visual and contextual mismatch."
  },
  "inference_time": 9.200594663619995
}