{
  "caption": "David Moyes gesticulates during the 21 defeat against Sunderland",
  "ground_truth": true,
  "internal_check": {
    "visual_entities": [
      "David Moyes",
      "Aston Villa F.C.",
      "Real Sociedad",
      "Manchester United F.C.",
      "Sunderland A.F.C.",
      "Association football manager",
      "LaLiga",
      "Head coach",
      "Coach",
      "Gary Neville",
      "Sam Allardyce",
      "Steve Bruce",
      "next manager to new aston villa"
    ],
    "image_evidences": [],
    "result": {
      "confidence_score": 10,
      "explanation": "The news caption mentions 'David Moyes' and the detected visual entities also includes 'David Moyes'. The caption states that he is gesturing during a 'defeat against Sunderland' which aligns with the 'Sunderland A.F.C.' visual entity. Thus, the caption aligns well with the detected visual entities.",
      "verdict": true
    }
  },
  "external_check": {
    "text_evidences": [
      {
        "title": "Crystal Palace 2-3 West Ham: Hammers into top four but still ...",
        "content": "Crystal Palace 2-3 West Ham: Hammers into top four but still ...",
        "caption": "",
        "domain": "www.bbc.com"
      }
    ],
    "result": {
      "verdict": false,
      "alignment_score": 35,
      "confidence_score": 7,
      "explanation": "The news image features David Moyes gesturing during what appears to be an intense moment in a match. He is dressed in a suit, which is typical for a manager on the sideline. In the background, there are spectators but the overall atmosphere and focus is on Moyes himself. \n\nThe reference images retrieved based on the news caption depict action from a different game, focusing on players involved in a match, with goalkeeping actions at the forefront. The surroundings, players' jerseys, and the match situation seem distinct from the initial image of Moyes. \n\nKey visual elements that were compared include: \n- **Subjects**: The first image centers around David Moyes, while the reference images focus on a specific moment involving players. There is a stark difference in who is visualized (Moyes versus players). \n- **Objects/Composition**: The composition of the first photo is largely about Moyes' presence on the touchline. In contrast, the action in the second image does not include Moyes. \n- **Context**: The news image suggests a managerial role during a match, while the reference images capture in-game player action. \n- **Temporal Indicators**: Lighting and composition of the images differ, suggesting they were taken at different times and possibly in different matches. \n- **Manipulation Signs**: No evident signs of digital manipulation were detected in either image, but their contexts differ significantly.\n\nConsidering these points, while both images are related to football, the overall context represented in the news image of David Moyes does not align with the reference images showing game action. Thus, the images do not sufficiently match in terms of the specified news caption and context.",
      "key_observations": "- The primary subject in the news image is David Moyes, while the reference images feature players in action, with no sign of Moyes.\n- The environments are different, suggesting they represent different moments in football matches.\n- The intended emotion/gesture depicted by Moyes in the news image does not connect with the player-oriented focus of the reference images.\n- No manipulation observed, but clear difference in subject matter and context."
    }
  },
  "final_result": {
    "OOC": true,
    "confidence_score": 8,
    "explanation": "The internal check suggests the caption aligns with the image content (confidence: 10, verdict: True). It identifies David Moyes and the mention of a defeat against Sunderland, matching visual elements. However, the external check (confidence: 7, alignment: 35, verdict: False) indicates a mismatch between the news image and reference images based on the caption. The reference images show player action, whereas the news image focuses on David Moyes, suggesting a different context. Given the discrepancy and relatively high confidence of the internal check, the lower confidence but demonstrably conflicting evidence of the external check is given precedence. The caption describes a specific event (defeat against Sunderland), while the image shows Moyes during what appears to be a generic match moment without specific Sunderland-related action. Therefore, the caption is considered out of context, as the visual evidence from external sources does not align with the described event.",
    "validation_summary": "Internal check aligns but external check strongly suggests out-of-context. External check is prioritized."
  },
  "inference_time": 11.309860467910767
}