{
  "caption": "Amazon beat IBM to win the CIA s contract and has set up a special data centre to fulfil it",
  "ground_truth": true,
  "internal_check": {
    "visual_entities": [
      "Amazon.com",
      "United Parcel Service",
      "Palo Alto",
      "Package delivery",
      "Mail",
      "Goods",
      "Amazon Marketplace",
      "Retail",
      "Parcel post",
      "Freight transport",
      "Courier",
      "Delivery",
      "Product return",
      "amazon package delivery"
    ],
    "image_evidences": [],
    "result": {
      "confidence_score": 2,
      "explanation": "The news caption discusses Amazon winning a CIA contract and setting up a data center. However, the detected visual entities mainly relate to Amazon's package delivery services (e.g., 'Amazon.com', 'United Parcel Service', 'Package delivery', 'Parcel post', 'Delivery', 'amazon package delivery'). There is no visual evidence to support the claims about the CIA contract or data center, leading to a mismatch between the caption and the detected visual entities. The confidence score is low because the detected entities only reflect a small fraction of the claim.",
      "verdict": false
    }
  },
  "external_check": {
    "text_evidences": [],
    "result": null
  },
  "final_result": {
    "OOC": true,
    "confidence_score": 2,
    "explanation": "The internal check, which compares the news caption to the detected visual entities in the image, indicates a mismatch. The caption discusses Amazon's CIA contract and data center, but the detected visual entities relate to Amazon's package delivery services. The internal check's confidence score is 2 due to the limited overlap between the caption's claims and the visual evidence. The external check result is 'None,' indicating no external validation data is available. Given the low confidence score of the internal check and the absence of external validation, the caption is considered out of context based on the available evidence. The primary limitation is the low confidence score of the internal check due to the limited overlap between the caption and the image.",
    "validation_summary": "Internal check indicates a mismatch between the caption (Amazon's CIA contract and data center) and the image's visual entities (Amazon's package delivery services). External check lacks data. Caption is considered out of context with low confidence."
  },
  "inference_time": 6.645982503890991
}