{
  "caption": "Liam Hemsworth Jennifer Lawrence and Josh Hutcherson attend a photocall for the penultimate part of The Hunger Games Mockingjay Part 1",
  "ground_truth": false,
  "internal_check": {
    "visual_entities": [
      "Jennifer Lawrence",
      "The Hunger Games: Mockingjay - Part 1",
      "The Hunger Games: Catching Fire",
      "The Hunger Games: Mockingjay - Part 2",
      "Josh Hutcherson",
      "Mockingjay",
      "2014 Cannes Film Festival",
      "Francis Lawrence",
      "Photography",
      "Film festival",
      "The Hunger Games",
      "The Hunger Games",
      "Cannes Film Festival",
      "The Hunger Games",
      "The Hunger Games: Mockingjay - Part 1"
    ],
    "image_evidences": [
      {
        "title": "Cannes day four: Salma Hayek pays a tribute to animation and Jennifer Lawrence promotes The Hunger Games: Mockingjay - in pictures | Film | The Guardian",
        "content": "",
        "caption": "Actors Liam Hemsworth, Jennifer Lawrence and Josh Hutcherson attend \"The Hunger Games: Mockingjay Part 1\" photocall.",
        "domain": "www.theguardian.com"
      }
    ],
    "result": {
      "confidence_score": 10,
      "explanation": "The news caption mentions Liam Hemsworth, Jennifer Lawrence, and Josh Hutcherson attending a photocall for 'The Hunger Games: Mockingjay Part 1'. The news content repeats this information and is accompanied by various photographs, including one depicting the mentioned actors at the event. The detected visual entities also align with the information in the news, identifying the actors and the film. The image evidence from www.theguardian.com shows the actors at 'The Hunger Games: Mockingjay Part 1' photocall, thus supporting the claim in the news caption and content. The caption in the image evidence also confirms the event and participants.",
      "verdict": true
    }
  },
  "external_check": {
    "text_evidences": [
      {
        "title": "Cannes day four: Salma Hayek pays a tribute to animation and Jennifer Lawrence promotes The Hunger Games: Mockingjay - in pictures | Film | The Guardian",
        "content": "Cannes day four: Salma Hayek pays a tribute to animation and ...",
        "caption": "Actors Liam Hemsworth, Jennifer Lawrence and Josh Hutcherson attend \"The Hunger Games: Mockingjay Part 1\" photocall.",
        "domain": "www.theguardian.com"
      },
      {
        "title": "Cannes day four: Salma Hayek pays a tribute to animation and Jennifer Lawrence promotes The Hunger Games: Mockingjay - in pictures | Film | The Guardian",
        "content": "Cannes day four: Salma Hayek pays a tribute to animation and ...",
        "caption": "French actress Lea Seydoux attends the press conference for 'Saint Laurent'.",
        "domain": "www.theguardian.com"
      }
    ],
    "result": {
      "verdict": true,
      "alignment_score": 90,
      "confidence_score": 8,
      "explanation": "The main image shows Liam Hemsworth, Jennifer Lawrence, and Josh Hutcherson at a photocall for 'The Hunger Games: Mockingjay Part 1.' Comparing this with the reference images, we observe that the attire worn by all three actors matches consistently across images, adhering to the described event. The background features elements reminiscent of promotional materials associated with the movie, further establishing contextual alignment.\n\nThere is a clear consistency in the poses and spatial relationships among the subjects in the news image and the captured essence from the references. Notably, the expressions and body language remain consistent with the promotional appearances typical in such events.\n\nTemporal indicators, such as the lighting and color palette, seem flush with what would be typical for a photocall event, suggesting a bright, engaging atmosphere contrary to more intimate or subdued photography often seen in exclusive interviews or candid shots.\n\nAlthough some minor visual discrepancies exist, such as angles or slight variations in background blur, these do not significantly detract from the factual core representing the event described in the caption. Hence, while there are variations in the reference images, the overall context and depiction remain intact.",
      "key_observations": [
        "Subjects: Liam Hemsworth, Jennifer Lawrence, and Josh Hutcherson are all clearly present in the news image, matching the description in the caption.",
        "Attire: The actors’ clothing in the news image is consistent with their outfits in the reference images, confirming the event attire.",
        "Background: The backdrop displays thematic elements related to 'The Hunger Games,' aligning with the context of a promotional photocall.",
        "Posing and Expressions: The poses and expressions of the subjects are similar across the images, contributing to the accuracy of representation.",
        "Lighting: The bright lighting typical of a public promotional event is present, matching expected conditions for such appearances."
      ]
    }
  },
  "final_result": {
    "OOC": false,
    "confidence_score": 9,
    "explanation": "Both internal and external checks confirm the caption's accuracy. The internal check has a confidence score of 10 and the external check has a confidence score of 8 and alignment score of 90. The news caption describes Liam Hemsworth, Jennifer Lawrence, and Josh Hutcherson attending a photocall for 'The Hunger Games: Mockingjay Part 1,' which is supported by both the news content and the external image references. The external check further validates the attire, background, poses, and lighting of the image with the described event. Therefore, the caption accurately represents the image.",
    "validation_summary": "Both internal and external checks confirm the accuracy of the news caption describing the image."
  },
  "inference_time": 9.049373626708984
}