{
  "caption": "A visitor uses his Apple iPhone to take a picture of the new Samsung Galaxy 6 smartphone at GSM Mobile World Congress in Barcelona this week",
  "ground_truth": false,
  "internal_check": {
    "visual_entities": [
      "Apple",
      "Smartphone",
      "iPhone",
      "MWC Barcelona",
      "Samsung Group",
      "Samsung",
      "Samsung Galaxy S6",
      "Huawei",
      "Apple",
      "Samsung Galaxy",
      "Mobile Phone",
      "communication"
    ],
    "image_evidences": [
      {
        "title": "Apple overtakes Samsung as the world's biggest smartphone maker | Apple | The Guardian",
        "content": "",
        "caption": "A visitor uses his Apple iPhone to take a picture of the new Samsung Galaxy 6 smartphone at GSM Mobile World Congress in Barcelona this week.",
        "domain": "www.theguardian.com"
      }
    ],
    "result": {
      "confidence_score": 10,
      "explanation": "The image evidence from 'www.theguardian.com' shows a visitor using an iPhone to photograph a Samsung Galaxy S6 at the GSM Mobile World Congress in Barcelona, which directly supports the news caption. The domain 'www.theguardian.com' is a credible news source. The visual entities identified ('Apple', 'Smartphone', 'iPhone', 'MWC Barcelona', 'Samsung Group', 'Samsung', 'Samsung Galaxy S6', 'Huawei', 'Apple', 'Samsung Galaxy', 'Mobile Phone', 'communication') are all reasonably aligned with the content of both the news and the image, as the image depicts Apple and Samsung products at a mobile world congress. No contradictions or manipulations are detected, and the image appears to be used in its original context. The image visually confirms the event described in the caption.",
      "verdict": true
    }
  },
  "external_check": {
    "text_evidences": [
      {
        "title": "Apple overtakes Samsung as the world's biggest smartphone maker | Apple | The Guardian",
        "content": "Apple overtakes Samsung as the world's biggest smartphone maker ...",
        "caption": "A visitor uses his Apple iPhone to take a picture of the new Samsung Galaxy 6 smartphone at GSM Mobile World Congress in Barcelona this week.",
        "domain": "www.theguardian.com"
      },
      {
        "title": "Apple overtakes Samsung as the world's biggest smartphone maker | Apple | The Guardian",
        "content": "Apple overtakes Samsung as the world's biggest smartphone maker ...",
        "caption": "A visitor uses his Apple iPhone to take a picture of the new Samsung Galaxy 6 smartphone at GSM Mobile World Congress in Barcelona this week.",
        "domain": "www.theguardian.com"
      }
    ],
    "result": {
      "verdict": false,
      "alignment_score": 50,
      "confidence_score": 8,
      "explanation": "The news image depicts a man using an Apple iPhone to take a picture of a Samsung Galaxy smartphone at a tech event, consistent with the news caption. However, while the fundamental action is matched, there are notable disparities with the reference images. In the news image, the subject is positioned at a different angle compared to the reference images, which capture a more frontal or head-on view of the interaction. Additionally, the background in the news image appears to be more minimalistic, lacking text or branding that may feature in reference images. This difference in environmental detail may affect the viewer's perception of the context but does not wholly detract from the core activity being represented. Furthermore, the reference images reveal a timestamp and context from a past event (2015), which suggests the news image may not be current, as indicated in the caption. This inconsistency raises concerns about the accuracy of the news image in relation to the date mentioned in the caption. Overall, while the action remains closely aligned with the caption, the differences in angles, potential environmental context, and the historical timestamp of reference images contribute to the uncertainty surrounding the authenticity of the news image in representing the intended event.",
      "key_observations": "- The activity of using an iPhone to take a picture of a Samsung smartphone is visually present in both the news and reference images.\n- The angle and perspective in the news image differ from those in reference images, which feature a more direct view.\n- The minimalistic background in the news image contrasts with the more detailed backgrounds seen in the reference images.\n- Information in reference images suggests that this event occurred in 2015, which creates temporal inconsistencies with the 'this week' timeframe in the caption."
    }
  },
  "final_result": {
    "OOC": true,
    "confidence_score": 8,
    "explanation": "The internal check indicates a high confidence (10/10) that the caption accurately represents the image content. The external check, however, raises concerns. While the action described in the caption (someone using an iPhone to photograph a Samsung phone) is visually confirmed, the external check's lower confidence (8/10) points to discrepancies with reference images: different camera angles, a minimalistic background compared to more detailed backgrounds in reference images, and indications that the event may have occurred in 2015, contradicting the caption's implied 'this week' timeframe. Given the higher confidence score of the internal check confirming the basic scene, the main issue is the temporal discrepancy highlighted by the external check. The caption is therefore considered 'out of context' due to the potential misrepresentation of the event's timing. The overall confidence is tempered to 8 due to the conflicting temporal information.",
    "validation_summary": "Internal check validates the core action in the image but external check identifies temporal inconsistencies, suggesting the image may not be current as implied by the caption. This time discrepancy makes the caption out of context."
  },
  "inference_time": 11.448885679244995
}