{
  "caption": "Jonathan Blundell 3D data wrangler scans a fossilized metatarsal bone of the Wankel T rex at the Smithsonian s National Museum of Natural History",
  "ground_truth": false,
  "internal_check": {
    "visual_entities": [
      "Tyrannosaurus",
      "Dinosaur",
      "National Public Radio",
      "Smithsonian Institution Offices",
      "Public broadcasting",
      "WMOT",
      "Skeleton",
      "WSIU",
      "WVIK",
      "Metatarsal bones",
      "Fossil",
      "Arm",
      "KGOU",
      "arm"
    ],
    "image_evidences": [],
    "result": {
      "confidence_score": 9,
      "explanation": "The news caption mentions \"Jonathan Blundell 3D data wrangler scans a fossilized metatarsal bone of the Wankel T rex at the Smithsonian s National Museum of Natural History.\" The detected visual entities include 'Tyrannosaurus', 'Dinosaur', 'Metatarsal bones', 'Fossil', and 'Skeleton', which align with the description of scanning a fossilized metatarsal bone of a T. rex. The mention of 'Smithsonian s National Museum of Natural History' in the caption is also consistent with the news content. Therefore, the caption accurately represents the visual content based on the detected entities.",
      "verdict": true
    }
  },
  "external_check": {
    "text_evidences": [],
    "result": null
  },
  "final_result": {
    "OOC": false,
    "confidence_score": 9,
    "explanation": "The internal check, with a confidence score of 9, confirms that the caption accurately represents the image. It identifies relevant visual entities such as 'Tyrannosaurus', 'Dinosaur', 'Metatarsal bones', 'Fossil', and 'Skeleton', all aligning with the caption's description of scanning a fossilized metatarsal bone of a T. rex at the Smithsonian. The mention of 'Smithsonian s National Museum of Natural History' in the caption is also consistent with the news content. The external check result is 'None', indicating a lack of external validation data. Given the high confidence score and positive result from the internal check, and the absence of conflicting information from an external source, the caption is determined to be not out of context. The final decision is based solely on the available data without inference.",
    "validation_summary": "The internal check confirms the caption's accuracy with a high confidence score. The external check provides no additional data. Therefore, the caption is not out of context."
  },
  "inference_time": 3.8651180267333984
}