{
  "caption": "Kelly in concert at The Tabernacle London",
  "ground_truth": true,
  "internal_check": {
    "visual_entities": [
      "Fleetwood Mac",
      "24 Karat Gold: Songs from the Vault",
      "Rumours",
      "Rock",
      "Guitarist",
      "Musician",
      "Musical ensemble",
      "Concert",
      "Soft rock",
      "Pop music",
      "Live",
      "Rock concert",
      "Stevie Nicks",
      "singing"
    ],
    "image_evidences": [],
    "result": {
      "confidence_score": 7,
      "explanation": "The news caption states \"Kelly in concert at The Tabernacle London\". The detected visual entities include 'Concert', 'Musician', 'Guitarist', and 'singing', which aligns with the caption suggesting a concert setting with a musician, specifically Kelly, performing. The visual entities support the concert aspect, while the text provides the specific location (The Tabernacle London) and the performer's name (Kelly). The detected entities do not contradict the caption, lending credibility to the assertion. However, without an image to verify, the confidence is not extremely high.",
      "verdict": true
    }
  },
  "external_check": {
    "text_evidences": [
      {
        "title": "Tori Kelly: 'Believe in yourself and dont be bullied' | Music | The Guardian",
        "content": "Tori Kelly: 'Believe in yourself and don't be bullied' | Music ...",
        "caption": "Kelly in concert at The Tabernacle, London.",
        "domain": "www.theguardian.com"
      },
      {
        "title": "Tori Kelly review   a maverick in pop star's clothing | Music | The Guardian",
        "content": "Tori Kelly review  a maverick in pop star's clothing | Music ...",
        "caption": "Tori Kelly  the most vocally over-endowed singer since Mariah Carey.",
        "domain": "www.theguardian.com"
      }
    ],
    "result": {
      "verdict": false,
      "alignment_score": 30,
      "confidence_score": 7,
      "explanation": "The analysis of the news image in relation to the reference images reveals significant visual discrepancies that detract from the contextual alignment with the caption \"Kelly in concert at The Tabernacle London.\" The news image features a performer who appears to be a female singer with long straight hair and a black dress, accompanied by a male guitarist in the background. In contrast, the reference images depict a different female artist, characterized by curly blonde hair and different clothing styles, engaged in performances that are more energetic and visually distinct from the news image. \n\nThe lighting in the news image suggests a more subdued atmosphere compared to the brighter and more vibrant lighting conditions seen in at least one of the reference images. Additionally, the backdrop and staging elements in the news photo seem less dynamic than those of the reference images; the reference images showcase a setting that suggests a more intimate or upbeat environment, further indicating variability in concert settings. \n\nConsidering the performers are visually distinct and both the ambiance and styling of the news image diverge from those observed in reference images, the news image fails to accurately represent the scene described in the caption. Therefore, despite sharing a general context of a concert, the substantial differences in both subjects and presentation lead to the conclusion that the image is misleading or out of context.",
      "key_observations": [
        "The news image features a different performer than those in the reference images, indicating that the core subject is not aligned.",
        "Lighting and atmosphere in the news image are significantly different from the bright, lively setups depicted in reference images.",
        "The positioning and overall composition of the news image contrasts with the more energetic poses found in some of the reference images."
      ]
    }
  },
  "final_result": {
    "OOC": true,
    "confidence_score": 7,
    "explanation": "The internal check suggests the caption accurately represents the image content, with a confidence score of 7. It identified entities like 'Concert', 'Musician', and 'Guitarist' that align with the caption. However, without the actual image, the confidence wasn't extremely high. The external check, also with a confidence score of 7, contradicts this. It found significant visual discrepancies between the news image and reference images, noting a different performer, lighting, and ambiance. Given that the external check specifically compares the image with reference images of the artist to determine accuracy and finds it to be visually dissimilar, it indicates that the image does not match the caption, leading to a conclusion that the caption is out of context. The internal check lacks the image and thus the external check is weighted more.",
    "validation_summary": "The internal check suggests alignment, while the external check indicates the image is out of context due to visual discrepancies with reference images of the artist."
  },
  "inference_time": 13.435652256011963
}