{
  "caption": "Antibailout protesters outside the Irish parliament in Dublin in 2010 Ireland has stuck with its austerity programme and seems likely to continue",
  "ground_truth": false,
  "internal_check": {
    "visual_entities": [
      "Demonstration",
      "Banner",
      "Event",
      "Statistics",
      "protest"
    ],
    "image_evidences": [],
    "result": {
      "confidence_score": 9,
      "explanation": "The news caption describes an \"antibailout protest outside the Irish parliament in Dublin in 2010.\" The detected visual entities include \"Demonstration,\" \"Banner,\" \"Event,\" and \"protest,\" all of which are consistent with the caption's description of a protest. The caption also mentions Ireland and austerity, themes supported by the content. Therefore, the caption accurately represents the visual content based on the detected visual entities.",
      "verdict": true
    }
  },
  "external_check": {
    "text_evidences": [],
    "result": null
  },
  "final_result": {
    "OOC": false,
    "confidence_score": 9,
    "explanation": "The internal check, which has a confidence score of 9, indicates that the news caption accurately represents the image. The detected visual entities align with the caption's description of a protest related to antibailout sentiments outside the Irish parliament in Dublin in 2010. The themes of Ireland and austerity are supported by the provided news content. The external check result is 'None', implying no external validation data is available. Therefore, based on the available evidence from the internal check, the caption is not out of context.",
    "validation_summary": "The internal check confirms the caption accurately represents the image, while external validation lacks data. Thus, the caption is deemed not out of context based on the internal check."
  },
  "inference_time": 3.584062099456787
}