{
  "caption": "Florida Gulf Coast celebrates its upset of San Diego State",
  "ground_truth": true,
  "internal_check": {
    "visual_entities": [
      "NBA",
      "Cheerleading",
      "Exercise",
      "Physical fitness",
      "Basketball",
      "Commissioner of the NBA",
      "Sports venue",
      "Choreography",
      "Competition",
      "Commissioner",
      "Footwear",
      "Adam Silver",
      "footwear"
    ],
    "image_evidences": [
      {
        "title": "NBA boss Adam Silver hopes for global basketball bounce - BBC News",
        "content": "",
        "caption": "US TV channels have paid handsomely for NBA media rights",
        "domain": "www.bbc.com"
      }
    ],
    "result": {
      "confidence_score": 2,
      "explanation": "The news caption describes Florida Gulf Coast's upset victory over San Diego State. The provided image evidence shows Adam Silver, Commissioner of the NBA, which is unrelated to the news content about the college basketball game. The detected visual entities include 'NBA', 'Commissioner of the NBA', and 'Adam Silver,' which do not align with the news content that discusses a college basketball game. Therefore, the image evidence does not support the news caption.",
      "verdict": false
    }
  },
  "external_check": {
    "text_evidences": [
      {
        "title": "Florida Gulf Coast stuns San Diego State to reach Sweet 16 in record upset | College basketball | The Guardian",
        "content": "Florida Gulf Coast stuns San Diego State to reach Sweet 16 in ...",
        "caption": "FGCU players celebrate their incredibly unlikely achievement of reaching the Sweet 16. (AP Photograph: Michael Perez/AP",
        "domain": "www.theguardian.com"
      },
      {
        "title": "No. 15 Florida Gulf Coast knocks off No. 2 Georgetown",
        "content": "No. 15 Florida Gulf Coast knocks off No. 2 Georgetown",
        "caption": "Bernanrd Thompson celebrates three of his 23 points in Florida Gulf Coast's upset of Georgetown.",
        "domain": "www.usatoday.com"
      }
    ],
    "result": {
      "verdict": false,
      "alignment_score": 25,
      "confidence_score": 6,
      "explanation": "The news caption indicates a celebration by the Florida Gulf Coast (FGCU) basketball team following a notable upset against San Diego State. The input news image depicts dancers at a sporting event, which is not directly relevant to the basketball game or the celebration described in the caption. Comparing the reference images, which include FGCU players celebrating on the court, shows that the news image does not showcase any players or relevant elements associated with the game. Additionally, the attire of the dancers contrasts with the FGCU team uniforms visible in the reference images. Thus, while the news image represents a live sports event, it fails to convey the specific context of FGCU's upset victory.",
      "key_observations": [
        "The news image features cheerleaders/dancers, lacking sports context relevant to FGCU's celebration.",
        "Reference images capture FGCU players in celebration, with distinct uniforms and basketball action.",
        "No temporal connection between the festivities depicted in the news image and the reported upset match."
      ]
    }
  },
  "final_result": {
    "OOC": true,
    "confidence_score": 8,
    "explanation": "The internal check concluded the caption is out of context (OOC=True) because the image shows Adam Silver, the NBA Commissioner, which is irrelevant to the Florida Gulf Coast (FGCU) basketball team's victory over San Diego State. The internal check's confidence score is 2. The external check also determined the caption is OOC (OOC=True) with an alignment score of 25 and a confidence score of 6. The external check indicated the image shows dancers at a sporting event, not directly related to the basketball game or FGCU's celebration, and dissimilar to reference images showing FGCU players celebrating. Since both checks agree the caption is OOC and the external check has a higher confidence and alignment score, the final verdict is that the caption is out of context.",
    "validation_summary": "Both internal and external checks agree the caption is out of context, as the image does not depict the described FGCU basketball team celebration. External check has higher confidence."
  },
  "inference_time": 9.456310272216797
}