{
  "caption": "US President Barack Obama pauses during a moment of silence at the Pentagon in Washington September 11 2014 REUTERSGary Cameron",
  "ground_truth": false,
  "internal_check": {
    "visual_entities": [
      "The Pentagon",
      "President of the United States",
      "Syria",
      "Politics",
      "Terrorism",
      "Attack",
      "September",
      "United States",
      "flag of the united states"
    ],
    "image_evidences": [],
    "result": {
      "confidence_score": 9,
      "explanation": "The caption mentions 'US President Barack Obama' and 'the Pentagon', which are detected visual entities. The caption also mentions 'September 11 2014', which aligns with the news content about the 13th anniversary of the Sept. 11 attacks. The detected entities 'United States' and 'flag of the united states' also align with the context of the caption. The caption accurately represents the visual content based on the detected entities.",
      "verdict": true
    }
  },
  "external_check": {
    "text_evidences": [],
    "result": null
  },
  "final_result": {
    "OOC": false,
    "confidence_score": 9,
    "explanation": "The internal check, which has a confidence score of 9, indicates that the caption accurately represents the image. It notes that the caption mentions 'US President Barack Obama' and 'the Pentagon', aligns with the news content about the 13th anniversary of the Sept. 11 attacks. The external check is 'None', so no comparison can be made. Therefore, based on the available evidence, the caption is not out of context.",
    "validation_summary": "The internal check confirms the caption's accuracy. No external check was available."
  },
  "inference_time": 3.3411951065063477
}