{
  "caption": "Kenwood House on Hampstead Heath London England",
  "ground_truth": true,
  "internal_check": {
    "visual_entities": [
      "River",
      "Danube River",
      "Snow",
      "Finland",
      "Winter",
      "Whirlpool",
      "Wild river",
      "Sky",
      "Nature",
      "Water resources",
      "The Great Grey Owl",
      "Europe",
      "snow"
    ],
    "image_evidences": [
      {
        "title": "Europe's wild wonders | Environment | The Guardian",
        "content": "",
        "caption": "Wild Europe: Ice in a whirlpool",
        "domain": "www.theguardian.com"
      }
    ],
    "result": {
      "confidence_score": 1,
      "explanation": "The news caption is 'Kenwood House on Hampstead Heath London England'. The news content contains the line 'Kenwood House on Hampstead Heath, London, England Photograph: Nadia Isakova/Alamy'. However, the image evidence provided shows ice and a whirlpool from 'The Guardian' which does not provide visual support for the news caption. The visual entities do not align with the news text.",
      "verdict": false
    }
  },
  "external_check": {
    "text_evidences": [],
    "result": null
  },
  "final_result": {
    "OOC": true,
    "confidence_score": 10,
    "explanation": "The internal check revealed that while the news content does contain a reference to 'Kenwood House on Hampstead Heath, London, England Photograph: Nadia Isakova/Alamy', the image evidence provided (ice and a whirlpool from 'The Guardian') does not visually align with the caption. Therefore, based on the internal check, the caption is out of context. Since no external check result was provided, the assessment relies solely on the internal check. The confidence score is set to 10, reflecting high confidence in the assessment, given the clear mismatch between the caption and the image described in the internal check.",
    "validation_summary": "The internal check confirms that the image does not match the caption 'Kenwood House on Hampstead Heath London England'. No external check was available."
  },
  "inference_time": 3.564394950866699
}