{
  "caption": "Beam trawlers at the dock in Harlingen the Netherlands The total income generated by the fisheries sector in 2005 was 109bn 01 of EU GDP",
  "ground_truth": true,
  "internal_check": {
    "visual_entities": null,
    "image_evidences": [],
    "result": {
      "confidence_score": 10,
      "explanation": "The news content contains the sentence 'Beam trawlers at the dock in Harlingen, the Netherlands. The total income generated by the fisheries sector in 2005 was \\u20ac10.9bn – 0.1% of EU GDP Photograph: Corey Arnold/Ocean2012' which is the same as the news caption. Therefore, the news caption accurately represents the visual content.",
      "verdict": true
    }
  },
  "external_check": {
    "text_evidences": [],
    "result": null
  },
  "final_result": {
    "OOC": false,
    "confidence_score": 10,
    "explanation": "The internal check result confirms that the news caption accurately represents the image content, as the caption is directly found within the provided news content. The internal check has a high confidence score of 10. There is no external check provided. Therefore, based solely on the available data, the caption is not out of context.",
    "validation_summary": "The internal check confirms the caption accurately represents the image content."
  },
  "inference_time": 2.9282944202423096
}